"ZIP","total_ev","state","Population","EV_Prevalence"
"03901",19,"ME",8175,2.32415902140673
"03902",20,"ME",2665,7.5046904315197
"03903",44,"ME",7146,6.1572907920515
"03904",62,"ME",8389,7.39063058767433
"03905",25,"ME",2084,11.9961612284069
"03906",29,"ME",5368,5.40238450074516
"03907",19,"ME",1379,13.7781000725163
"03908",37,"ME",7431,4.97914143453102
"03909",101,"ME",10943,9.22964452161199
"03910",4,"ME",15,266.666666666667
"03911",4,"ME",363,11.0192837465565
"04001",13,"ME",2721,4.7776552737964
"04002",24,"ME",7737,3.10197751066305
"04003",1,"ME",183,5.46448087431694
"04005",117,"ME",24772,4.72307443888261
"04006",4,"ME",39,102.564102564103
"04008",19,"ME",3142,6.0471037555697
"04009",27,"ME",5478,4.92880613362541
"04010",1,"ME",1830,0.546448087431694
"04011",240,"ME",22336,10.7449856733524
"04015",14,"ME",3696,3.78787878787879
"04017",3,"ME",555,5.4054054054054
"04019",2,"ME",93,21.505376344086
"04020",1,"ME",1803,0.554631170271769
"04021",112,"ME",6990,16.0228898426323
"04022",3,"ME",1054,2.84629981024668
"04024",1,"ME",356,2.80898876404494
"04027",11,"ME",6629,1.65937547141349
"04029",4,"ME",2086,1.91754554170662
"04030",6,"ME",2731,2.19699743683632
"04032",150,"ME",8802,17.0415814587594
"04037",13,"ME",4024,3.23061630218688
"04038",120,"ME",18300,6.55737704918033
"04039",46,"ME",8102,5.67761046655147
"04040",18,"ME",3050,5.9016393442623
"04041",2,"ME",1748,1.1441647597254
"04042",14,"ME",4872,2.8735632183908
"04043",105,"ME",11820,8.88324873096447
"04046",69,"ME",8102,8.5164156998272
"04047",8,"ME",1715,4.66472303206997
"04048",6,"ME",3400,1.76470588235294
"04049",8,"ME",4017,1.9915359721185
"04051",3,"ME",1353,2.21729490022173
"04055",14,"ME",3985,3.51317440401506
"04061",3,"ME",3074,0.975927130774236
"04062",85,"ME",19188,4.4298519908276
"04063",3,"ME",612,4.90196078431373
"04064",37,"ME",8632,4.28637627432808
"04066",5,"ME",837,5.97371565113501
"04068",2,"ME",1746,1.1454753722795
"04069",29,"ME",1696,17.0990566037736
"04071",30,"ME",4971,6.03500301750151
"04072",138,"ME",20819,6.62856044958932
"04073",37,"ME",17414,2.12472723096359
"04074",216,"ME",23076,9.3603744149766
"04076",8,"ME",2976,2.68817204301075
"04079",56,"ME",4026,13.9095876800795
"04083",11,"ME",4833,2.27601903579557
"04084",30,"ME",7900,3.79746835443038
"04085",7,"ME",2762,2.53439536567705
"04086",73,"ME",9706,7.52112095610962
"04087",5,"ME",2250,2.22222222222222
"04088",7,"ME",1269,5.51615445232467
"04090",67,"ME",11713,5.72014001536754
"04091",1,"ME",801,1.24843945068664
"04092",89,"ME",20775,4.28399518652226
"04093",22,"ME",8512,2.58458646616541
"04095",3,"ME",1480,2.02702702702703
"04096",170,"ME",9053,18.7783055340771
"04097",63,"ME",4240,14.8584905660377
"04101",174,"ME",18431,9.44061635288373
"04102",196,"ME",17267,11.3511322175248
"04103",278,"ME",32024,8.68098925805646
"04105",270,"ME",12755,21.1681693453548
"04106",217,"ME",27019,8.03138532144047
"04107",186,"ME",9656,19.2626346313173
"04108",4,"ME",826,4.84261501210654
"04109",1,"ME",213,4.69483568075117
"04110",46,"ME",1657,27.7610138805069
"04210",66,"ME",24602,2.68270872286806
"04216",1,"ME",578,1.73010380622837
"04217",16,"ME",3387,4.7239444936522
"04219",3,"ME",1399,2.14438884917798
"04220",13,"ME",3717,3.49744417541028
"04221",2,"ME",1191,1.67926112510495
"04222",28,"ME",4262,6.56968559361802
"04224",1,"ME",3110,0.321543408360129
"04231",3,"ME",271,11.070110701107
"04236",15,"ME",4417,3.39597011546298
"04238",2,"ME",1105,1.80995475113122
"04239",2,"ME",4657,0.429461026411853
"04240",84,"ME",38324,2.19183801273353
"04250",12,"ME",4782,2.50941028858218
"04252",12,"ME",4968,2.41545893719807
"04253",4,"ME",1868,2.14132762312634
"04254",3,"ME",3102,0.967117988394584
"04255",7,"ME",759,9.22266139657444
"04256",5,"ME",3134,1.59540523292916
"04257",1,"ME",2782,0.359453630481668
"04258",11,"ME",2794,3.93700787401575
"04259",11,"ME",3610,3.04709141274238
"04260",22,"ME",5766,3.81546999653139
"04261",4,"ME",268,14.9253731343284
"04263",7,"ME",2285,3.06345733041575
"04265",5,"ME",552,9.05797101449275
"04268",29,"ME",5228,5.54705432287682
"04270",25,"ME",6284,3.97835773392743
"04274",15,"ME",5954,2.51931474638898
"04275",1,"ME",526,1.90114068441065
"04276",6,"ME",5942,1.0097610232245
"04280",13,"ME",7040,1.84659090909091
"04281",14,"ME",5317,2.63306375775813
"04282",14,"ME",5891,2.37650653539297
"04284",8,"ME",1101,7.2661217075386
"04285",2,"ME",459,4.35729847494553
"04287",11,"ME",3188,3.4504391468005
"04289",5,"ME",1808,2.76548672566372
"04290",1,"ME",1501,0.666222518321119
"04292",2,"ME",845,2.36686390532544
"04294",7,"ME",3982,1.7579105976896
"04330",75,"ME",26690,2.8100412139378
"04342",7,"ME",1645,4.25531914893617
"04344",6,"ME",3017,1.98873052701359
"04345",25,"ME",12579,1.98743938309882
"04346",5,"ME",1610,3.1055900621118
"04347",20,"ME",2592,7.71604938271605
"04348",9,"ME",3484,2.58323765786452
"04349",8,"ME",1383,5.78452639190166
"04350",10,"ME",3680,2.71739130434783
"04351",22,"ME",2424,9.07590759075908
"04352",6,"ME",1716,3.4965034965035
"04353",18,"ME",2115,8.51063829787234
"04354",3,"ME",1473,2.03665987780041
"04355",17,"ME",2651,6.41267446246699
"04357",7,"ME",3566,1.96298373527762
"04358",20,"ME",4526,4.41891294741494
"04359",1,"ME",298,3.35570469798658
"04360",3,"ME",536,5.59701492537313
"04363",7,"ME",2690,2.60223048327138
"04364",29,"ME",6191,4.68421902762074
"04401",172,"ME",44854,3.83466357515495
"04408",1,"ME",194,5.15463917525773
"04411",4,"ME",1645,2.43161094224924
"04412",39,"ME",9652,4.04061334438458
"04414",2,"ME",1766,1.13250283125708
"04416",13,"ME",5497,2.36492632344915
"04418",1,"ME",1649,0.606428138265616
"04419",3,"ME",2941,1.02006120367222
"04421",8,"ME",1362,5.87371512481645
"04422",2,"ME",1117,1.7905102954342
"04424",2,"ME",983,2.03458799593082
"04426",11,"ME",4999,2.2004400880176
"04427",3,"ME",2990,1.00334448160535
"04428",8,"ME",3334,2.3995200959808
"04429",28,"ME",5008,5.59105431309904
"04430",1,"ME",1495,0.668896321070234
"04434",1,"ME",1252,0.798722044728434
"04435",5,"ME",1093,4.57456541628545
"04438",1,"ME",1098,0.910746812386157
"04441",4,"ME",1839,2.17509516041327
"04442",1,"ME",208,4.80769230769231
"04443",5,"ME",2211,2.26142017186793
"04444",48,"ME",9371,5.12218546579874
"04449",1,"ME",1251,0.799360511590727
"04450",5,"ME",1333,3.75093773443361
"04456",8,"ME",3069,2.60671228413164
"04457",12,"ME",5823,2.0607934054611
"04459",1,"ME",750,1.33333333333333
"04460",2,"ME",1111,1.8001800180018
"04461",8,"ME",3095,2.58481421647819
"04462",6,"ME",4464,1.34408602150538
"04463",2,"ME",2582,0.774593338497289
"04464",1,"ME",596,1.67785234899329
"04468",30,"ME",9291,3.22893122376493
"04472",7,"ME",1852,3.77969762419007
"04473",45,"ME",8371,5.37570182773862
"04474",16,"ME",3853,4.15260835712432
"04476",5,"ME",1154,4.33275563258232
"04478",1,"ME",316,3.16455696202532
"04485",1,"ME",234,4.27350427350427
"04488",2,"ME",1151,1.73761946133797
"04489",1,"ME",214,4.67289719626168
"04490",1,"ME",228,4.3859649122807
"04493",4,"ME",1840,2.17391304347826
"04496",13,"ME",3850,3.37662337662338
"04530",93,"ME",11275,8.24833702882484
"04535",16,"ME",818,19.559902200489
"04537",15,"ME",1685,8.90207715133531
"04538",7,"ME",1810,3.86740331491713
"04539",4,"ME",1456,2.74725274725275
"04543",24,"ME",2192,10.9489051094891
"04544",10,"ME",978,10.2249488752556
"04547",5,"ME",1213,4.12201154163232
"04548",7,"ME",1012,6.91699604743083
"04551",7,"ME",917,7.63358778625954
"04553",34,"ME",1913,17.7731312075274
"04554",9,"ME",514,17.5097276264591
"04555",19,"ME",1906,9.9685204616999
"04556",11,"ME",1251,8.792965627498
"04558",1,"ME",382,2.61780104712042
"04562",14,"ME",2238,6.25558534405719
"04563",10,"ME",1460,6.84931506849315
"04564",3,"ME",520,5.76923076923077
"04568",9,"ME",512,17.578125
"04571",5,"ME",439,11.3895216400911
"04572",17,"ME",5253,3.23624595469256
"04573",6,"ME",557,10.7719928186715
"04574",3,"ME",1624,1.84729064039409
"04575",1,"ME",286,3.4965034965035
"04576",6,"ME",547,10.9689213893967
"04578",31,"ME",4709,6.58313867063071
"04579",19,"ME",3158,6.01646611779607
"04605",78,"ME",14529,5.36857319843072
"04606",3,"ME",1045,2.87081339712919
"04607",5,"ME",1142,4.37828371278459
"04609",77,"ME",5244,14.6834477498093
"04612",3,"ME",505,5.94059405940594
"04613",1,"ME",92,10.8695652173913
"04614",41,"ME",2813,14.5751866334874
"04616",13,"ME",869,14.9597238204833
"04617",11,"ME",651,16.8970814132104
"04619",9,"ME",3097,2.90603810138844
"04622",1,"ME",1050,0.952380952380952
"04623",2,"ME",1173,1.70502983802217
"04624",2,"ME",225,8.88888888888889
"04626",2,"ME",492,4.0650406504065
"04627",11,"ME",2137,5.14740290126345
"04630",3,"ME",1230,2.4390243902439
"04631",2,"ME",1263,1.58353127474268
"04634",6,"ME",2374,2.5273799494524
"04640",13,"ME",2450,5.30612244897959
"04642",2,"ME",202,9.9009900990099
"04643",2,"ME",917,2.18102508178844
"04649",2,"ME",1166,1.71526586620926
"04650",5,"ME",333,15.015015015015
"04652",1,"ME",1525,0.655737704918033
"04653",4,"ME",719,5.56328233657858
"04654",4,"ME",3340,1.19760479041916
"04655",1,"ME",1016,0.984251968503937
"04657",1,"ME",326,3.06748466257669
"04658",3,"ME",1222,2.45499181669394
"04660",21,"ME",1072,19.589552238806
"04662",8,"ME",476,16.8067226890756
"04664",5,"ME",1246,4.01284109149278
"04666",3,"ME",1178,2.54668930390492
"04667",2,"ME",1296,1.54320987654321
"04669",2,"ME",171,11.6959064327485
"04671",3,"ME",621,4.83091787439614
"04673",2,"ME",144,13.8888888888889
"04674",3,"ME",284,10.5633802816901
"04675",2,"ME",123,16.260162601626
"04676",7,"ME",1130,6.19469026548673
"04677",1,"ME",345,2.89855072463768
"04679",15,"ME",1553,9.65872504829363
"04680",5,"ME",1388,3.60230547550432
"04681",1,"ME",840,1.19047619047619
"04684",16,"ME",1836,8.71459694989107
"04685",1,"ME",438,2.28310502283105
"04693",4,"ME",493,8.11359026369168
"04694",4,"ME",2155,1.85614849187935
"04730",13,"ME",10106,1.28636453591926
"04735",1,"ME",492,2.03252032520325
"04736",8,"ME",9025,0.886426592797784
"04740",1,"ME",1433,0.697836706210747
"04742",3,"ME",3309,0.906618313689937
"04743",5,"ME",4770,1.0482180293501
"04745",2,"ME",971,2.05973223480947
"04746",1,"ME",407,2.45700245700246
"04747",2,"ME",1316,1.51975683890578
"04750",1,"ME",1815,0.550964187327824
"04756",6,"ME",3341,1.79586950014966
"04757",4,"ME",2627,1.52264940997335
"04760",2,"ME",674,2.9673590504451
"04761",1,"ME",372,2.68817204301075
"04765",2,"ME",1434,1.39470013947001
"04769",16,"ME",8736,1.83150183150183
"04772",1,"ME",842,1.18764845605701
"04776",1,"ME",999,1.001001001001
"04780",1,"ME",783,1.27713920817369
"04783",1,"ME",545,1.8348623853211
"04785",3,"ME",2073,1.44717800289436
"04841",44,"ME",7035,6.2544420753376
"04843",73,"ME",5242,13.9259824494468
"04847",13,"ME",1748,7.4370709382151
"04848",13,"ME",636,20.440251572327
"04849",44,"ME",4017,10.9534478466517
"04852",1,"ME",120,8.33333333333333
"04853",2,"ME",480,4.16666666666667
"04854",11,"ME",1482,7.42240215924426
"04855",6,"ME",313,19.1693290734824
"04856",40,"ME",3675,10.8843537414966
"04858",14,"ME",1378,10.1596516690856
"04859",4,"ME",753,5.31208499335989
"04860",12,"ME",1543,7.77705767984446
"04861",15,"ME",2769,5.41711809317443
"04862",10,"ME",4023,2.48570718369376
"04863",5,"ME",1216,4.11184210526316
"04864",19,"ME",4932,3.85239253852393
"04901",88,"ME",27870,3.15751704341586
"04910",5,"ME",2204,2.26860254083485
"04911",3,"ME",1880,1.59574468085106
"04915",69,"ME",9107,7.57658943669705
"04917",18,"ME",3351,5.3715308863026
"04920",2,"ME",1866,1.07181136120043
"04921",6,"ME",1775,3.38028169014085
"04922",4,"ME",953,4.19727177334732
"04923",1,"ME",532,1.8796992481203
"04924",7,"ME",2063,3.39311682016481
"04927",9,"ME",3385,2.65878877400295
"04928",2,"ME",2192,0.912408759124088
"04929",3,"ME",650,4.61538461538462
"04930",5,"ME",4258,1.17426021606388
"04932",2,"ME",1207,1.65700082850041
"04936",1,"ME",232,4.31034482758621
"04937",18,"ME",6358,2.83107895564643
"04938",25,"ME",10542,2.37146651489281
"04939",1,"ME",823,1.21506682867558
"04941",15,"ME",1577,9.51173113506658
"04942",2,"ME",1192,1.67785234899329
"04943",1,"ME",1602,0.624219725343321
"04947",4,"ME",1596,2.5062656641604
"04949",5,"ME",969,5.15995872033024
"04950",4,"ME",4782,0.836470096194061
"04951",3,"ME",1001,2.997002997003
"04952",6,"ME",1790,3.35195530726257
"04953",4,"ME",3143,1.27266942411709
"04955",4,"ME",1550,2.58064516129032
"04956",1,"ME",607,1.64744645799012
"04957",3,"ME",4006,0.748876684972541
"04958",5,"ME",2002,2.4975024975025
"04961",1,"ME",919,1.08813928182807
"04963",36,"ME",7524,4.78468899521531
"04965",4,"ME",2209,1.81077410593029
"04966",2,"ME",1632,1.22549019607843
"04967",1,"ME",3930,0.254452926208651
"04970",4,"ME",1105,3.61990950226244
"04971",3,"ME",1831,1.63844893500819
"04973",5,"ME",1646,3.03766707168894
"04974",20,"ME",2655,7.53295668549906
"04976",17,"ME",10072,1.6878474980143
"04978",5,"ME",856,5.8411214953271
"04979",2,"ME",963,2.07684319833853
"04981",11,"ME",2575,4.27184466019417
"04982",3,"ME",269,11.1524163568773
"04983",2,"ME",2005,0.997506234413965
"04986",6,"ME",2228,2.69299820466786
"04987",2,"ME",984,2.03252032520325
"04988",3,"ME",1894,1.58394931362196
"04989",13,"ME",4592,2.83101045296167
"05001",182,"VT",9751,18.664752333094
"05030",8,"VT",111,72.0720720720721
"05031",12,"VT",44,272.727272727273
"05032",35,"VT",2817,12.4245651402201
"05033",41,"VT",3081,13.3073677377475
"05034",10,"VT",180,55.5555555555556
"05035",12,"VT",772,15.5440414507772
"05036",33,"VT",1169,28.229255774166
"05037",29,"VT",949,30.5584826132771
"05038",20,"VT",1371,14.5878920495988
"05039",10,"VT",935,10.6951871657754
"05040",7,"VT",589,11.8845500848896
"05041",8,"VT",372,21.505376344086
"05042",1,"VT",602,1.66112956810631
"05043",30,"VT",907,33.0760749724366
"05045",41,"VT",1779,23.0466554243957
"05046",22,"VT",1241,17.7276390008058
"05048",79,"VT",2506,31.5243415802075
"05050",1,"VT",209,4.78468899521531
"05051",18,"VT",927,19.4174757281553
"05052",4,"VT",346,11.5606936416185
"05053",15,"VT",333,45.045045045045
"05055",350,"VT",3463,101.068437770719
"05056",16,"VT",352,45.4545454545455
"05058",7,"VT",128,54.6875
"05059",64,"VT",510,125.490196078431
"05060",75,"VT",4268,17.572633552015
"05061",37,"VT",1788,20.6935123042506
"05062",21,"VT",705,29.7872340425532
"05065",29,"VT",1198,24.2070116861436
"05067",16,"VT",291,54.9828178694158
"05068",71,"VT",2987,23.7696685637764
"05069",13,"VT",778,16.7095115681234
"05070",48,"VT",510,94.1176470588235
"05071",21,"VT",130,161.538461538462
"05072",31,"VT",751,41.2782956058589
"05073",13,"VT",64,203.125
"05075",76,"VT",1438,52.8511821974965
"05076",2,"VT",495,4.04040404040404
"05077",35,"VT",1116,31.3620071684588
"05079",15,"VT",914,16.4113785557987
"05081",11,"VT",842,13.0641330166271
"05083",6,"VT",193,31.0880829015544
"05084",3,"VT",183,16.3934426229508
"05086",6,"VT",647,9.27357032457496
"05088",22,"VT",581,37.8657487091222
"05089",67,"VT",4462,15.0156880322725
"05091",155,"VT",3443,45.0188788846936
"05101",51,"VT",4165,12.2448979591837
"05142",8,"VT",564,14.1843971631206
"05143",92,"VT",4767,19.2993496958255
"05146",12,"VT",678,17.6991150442478
"05148",56,"VT",1401,39.971448965025
"05149",51,"VT",2241,22.7576974564926
"05150",7,"VT",418,16.7464114832536
"05151",30,"VT",1590,18.8679245283019
"05152",25,"VT",448,55.8035714285714
"05153",17,"VT",851,19.9764982373678
"05154",19,"VT",479,39.6659707724426
"05155",32,"VT",735,43.5374149659864
"05156",134,"VT",9116,14.6994295743747
"05158",11,"VT",1151,9.55690703735882
"05161",30,"VT",676,44.3786982248521
"05201",269,"VT",14998,17.9357247633018
"05250",78,"VT",3847,20.2755393813361
"05251",83,"VT",1674,49.5818399044205
"05252",1,"VT",455,2.1978021978022
"05253",28,"VT",516,54.2635658914729
"05254",33,"VT",439,75.1708428246014
"05255",144,"VT",4108,35.0535540408958
"05257",84,"VT",2807,29.925187032419
"05260",16,"VT",384,41.6666666666667
"05261",38,"VT",2171,17.5034546292031
"05262",66,"VT",2043,32.3054331864905
"05301",476,"VT",16955,28.0743143615453
"05340",43,"VT",745,57.7181208053691
"05341",8,"VT",728,10.989010989011
"05342",13,"VT",428,30.3738317757009
"05343",26,"VT",955,27.2251308900524
"05344",42,"VT",514,81.7120622568093
"05345",34,"VT",1667,20.3959208158368
"05346",177,"VT",5177,34.1896851458374
"05350",9,"VT",844,10.6635071090047
"05351",9,"VT",190,47.3684210526316
"05352",12,"VT",926,12.9589632829374
"05353",15,"VT",1327,11.3036925395629
"05354",26,"VT",2709,9.59763750461425
"05355",15,"VT",724,20.7182320441989
"05356",30,"VT",738,40.650406504065
"05358",7,"VT",403,17.3697270471464
"05359",10,"VT",757,13.2100396301189
"05360",8,"VT",512,15.625
"05361",14,"VT",1058,13.2325141776938
"05362",9,"VT",152,59.2105263157895
"05363",55,"VT",1886,29.1622481442206
"05401",916,"VT",31662,28.9305792432569
"05403",977,"VT",20614,47.3949742893179
"05404",162,"VT",8293,19.5345472084891
"05405",37,"VT",3136,11.7984693877551
"05408",349,"VT",10019,34.8338157500749
"05439",2,"VT",1228,1.62866449511401
"05440",17,"VT",1832,9.27947598253275
"05441",4,"VT",540,7.40740740740741
"05443",239,"VT",6549,36.494121239884
"05444",28,"VT",1752,15.9817351598174
"05445",364,"VT",3916,92.9519918283963
"05446",454,"VT",16452,27.5954291271578
"05447",2,"VT",120,16.6666666666667
"05448",17,"VT",1010,16.8316831683168
"05450",49,"VT",5428,9.02726602800295
"05452",652,"VT",22626,28.8164059047114
"05454",115,"VT",5364,21.4392244593587
"05455",19,"VT",1286,14.7744945567652
"05456",30,"VT",998,30.060120240481
"05457",14,"VT",1696,8.25471698113208
"05458",55,"VT",2278,24.14398595259
"05459",12,"VT",1925,6.23376623376623
"05461",222,"VT",4898,45.3246222948142
"05462",120,"VT",1810,66.2983425414365
"05463",11,"VT",577,19.0641247833622
"05464",42,"VT",2998,14.0093395597065
"05465",300,"VT",5735,52.31037489102
"05468",228,"VT",13324,17.1119783848694
"05471",12,"VT",719,16.6898470097357
"05472",74,"VT",1938,38.1836945304438
"05473",60,"VT",1423,42.1644413211525
"05474",32,"VT",1263,25.3365003958828
"05476",16,"VT",3218,4.97203231821007
"05477",249,"VT",4454,55.9048046699596
"05478",224,"VT",15580,14.3774069319641
"05482",529,"VT",7969,66.3822311456895
"05483",12,"VT",1717,6.9889341875364
"05486",82,"VT",1500,54.6666666666667
"05487",30,"VT",1598,18.7734668335419
"05488",88,"VT",8469,10.3908371708584
"05489",113,"VT",3484,32.4339839265212
"05491",143,"VT",5767,24.79625455176
"05492",5,"VT",725,6.89655172413793
"05494",54,"VT",1603,33.686837180287
"05495",494,"VT",10956,45.0894487039065
"05602",606,"VT",12250,49.469387755102
"05640",3,"VT",259,11.5830115830116
"05641",255,"VT",16936,15.0566839867737
"05647",19,"VT",1122,16.934046345811
"05648",25,"VT",483,51.75983436853
"05649",7,"VT",427,16.3934426229508
"05650",42,"VT",1029,40.8163265306122
"05651",51,"VT",1510,33.7748344370861
"05652",5,"VT",816,6.12745098039216
"05653",3,"VT",535,5.60747663551402
"05654",16,"VT",953,16.7890870933893
"05655",47,"VT",3000,15.6666666666667
"05656",41,"VT",3458,11.8565644881434
"05658",34,"VT",1725,19.7101449275362
"05660",87,"VT",1882,46.2274176408077
"05661",106,"VT",6227,17.022643327445
"05663",77,"VT",6840,11.2573099415205
"05666",3,"VT",17,176.470588235294
"05667",87,"VT",2412,36.0696517412935
"05669",9,"VT",768,11.71875
"05672",265,"VT",5285,50.1419110690634
"05673",146,"VT",2570,56.8093385214008
"05674",103,"VT",1585,64.9842271293375
"05675",12,"VT",898,13.3630289532294
"05676",183,"VT",5032,36.3672496025437
"05677",138,"VT",2290,60.2620087336245
"05678",4,"VT",228,17.5438596491228
"05679",45,"VT",3147,14.2993326978074
"05680",38,"VT",2003,18.971542685971
"05681",2,"VT",119,16.8067226890756
"05682",54,"VT",1149,46.9973890339426
"05701",509,"VT",20382,24.9730154057502
"05730",11,"VT",525,20.952380952381
"05731",1,"VT",35,28.5714285714286
"05732",10,"VT",1187,8.424599831508
"05733",116,"VT",6015,19.2851205320033
"05734",30,"VT",1297,23.130300693909
"05735",61,"VT",3651,16.7077513010134
"05736",7,"VT",408,17.156862745098
"05737",23,"VT",639,35.9937402190923
"05738",37,"VT",1295,28.5714285714286
"05739",23,"VT",1294,17.774343122102
"05742",10,"VT",803,12.453300124533
"05743",49,"VT",4160,11.7788461538462
"05744",10,"VT",372,26.8817204301075
"05747",6,"VT",361,16.6204986149584
"05748",10,"VT",435,22.9885057471264
"05751",56,"VT",785,71.3375796178344
"05753",386,"VT",11094,34.7935821164593
"05757",24,"VT",791,30.3413400758533
"05758",16,"VT",700,22.8571428571429
"05759",43,"VT",1900,22.6315789473684
"05760",24,"VT",993,24.1691842900302
"05761",27,"VT",1081,24.9768732654949
"05762",8,"VT",387,20.671834625323
"05763",64,"VT",3037,21.0734277247283
"05764",52,"VT",3106,16.741790083709
"05765",30,"VT",1798,16.6852057842047
"05766",32,"VT",508,62.992125984252
"05767",51,"VT",1393,36.6116295764537
"05768",7,"VT",70,100
"05769",24,"VT",1238,19.3861066235864
"05770",32,"VT",1185,27.0042194092827
"05772",8,"VT",782,10.230179028133
"05773",49,"VT",2279,21.5006581834138
"05774",18,"VT",1102,16.3339382940109
"05775",8,"VT",649,12.326656394453
"05776",2,"VT",341,5.86510263929619
"05777",49,"VT",3229,15.1749767729947
"05778",18,"VT",990,18.1818181818182
"05819",164,"VT",9106,18.0101032286405
"05820",4,"VT",300,13.3333333333333
"05821",18,"VT",1109,16.2308385933273
"05822",15,"VT",2107,7.11912672045562
"05824",9,"VT",1155,7.79220779220779
"05825",1,"VT",126,7.93650793650794
"05826",21,"VT",839,25.0297973778308
"05827",35,"VT",630,55.5555555555556
"05828",56,"VT",2092,26.7686424474187
"05829",29,"VT",1688,17.1800947867299
"05830",9,"VT",1534,5.86701434159061
"05832",35,"VT",969,36.1197110423117
"05833",3,"VT",28,107.142857142857
"05836",17,"VT",1531,11.1038536903984
"05837",5,"VT",301,16.6112956810631
"05839",8,"VT",664,12.0481927710843
"05841",28,"VT",297,94.2760942760943
"05842",3,"VT",458,6.55021834061135
"05843",39,"VT",2198,17.7434030937216
"05845",7,"VT",1464,4.78142076502732
"05846",9,"VT",1315,6.84410646387833
"05847",6,"VT",1070,5.60747663551402
"05850",3,"VT",307,9.77198697068404
"05851",62,"VT",6024,10.2921646746348
"05853",6,"VT",743,8.07537012113055
"05855",65,"VT",7412,8.76956287101997
"05857",16,"VT",1467,10.906612133606
"05858",3,"VT",340,8.82352941176471
"05859",14,"VT",2123,6.59444182760245
"05860",30,"VT",2728,10.9970674486804
"05862",13,"VT",361,36.01108033241
"05866",5,"VT",684,7.30994152046784
"05867",7,"VT",634,11.0410094637224
"05868",1,"VT",40,25
"05871",19,"VT",1524,12.4671916010499
"05872",4,"VT",809,4.94437577255871
"05873",14,"VT",864,16.2037037037037
"05874",7,"VT",568,12.3239436619718
"05875",17,"VT",542,31.3653136531365
"05901",1,"VT",9,111.111111111111
"05903",3,"VT",801,3.74531835205992
"05904",1,"VT",187,5.3475935828877
"05905",10,"VT",968,10.3305785123967
"05906",10,"VT",1210,8.26446280991736
"06001",280,"CT",19153,14.6191197201483
"06002",134,"CT",21865,6.12851589297965
"06010",181,"CT",61684,2.93431035600804
"06013",75,"CT",9680,7.74793388429752
"06016",24,"CT",6959,3.44877137519759
"06018",4,"CT",2587,1.54619250096637
"06019",70,"CT",9742,7.18538287825908
"06021",12,"CT",1494,8.03212851405622
"06022",3,"CT",100,30
"06023",7,"CT",1196,5.85284280936455
"06024",2,"CT",634,3.15457413249211
"06026",34,"CT",5196,6.54349499615089
"06027",5,"CT",1193,4.19111483654652
"06029",116,"CT",16238,7.14373691341298
"06031",17,"CT",1520,11.1842105263158
"06032",299,"CT",19135,15.6258165665012
"06033",369,"CT",29921,12.3324755188663
"06035",53,"CT",7817,6.78009466547269
"06037",113,"CT",19173,5.89370468888541
"06039",35,"CT",1918,18.2481751824817
"06040",128,"CT",35813,3.57412112919889
"06042",90,"CT",23822,3.77802031735371
"06043",36,"CT",4853,7.41809190191634
"06051",34,"CT",29548,1.1506700961148
"06052",25,"CT",7916,3.15816068721577
"06053",60,"CT",36774,1.63158753467124
"06057",35,"CT",6363,5.5005500550055
"06058",15,"CT",1793,8.36586726157278
"06060",34,"CT",2273,14.9582050153982
"06062",61,"CT",17555,3.47479350612361
"06063",11,"CT",3328,3.30528846153846
"06065",2,"CT",712,2.80898876404494
"06066",141,"CT",30577,4.61130915393924
"06067",117,"CT",20872,5.60559601379839
"06068",28,"CT",2034,13.7659783677483
"06069",26,"CT",2601,9.99615532487505
"06070",175,"CT",15254,11.4724006817884
"06071",36,"CT",10723,3.35726942087103
"06073",95,"CT",5372,17.6842889054356
"06074",296,"CT",26907,11.0008547961497
"06076",33,"CT",11953,2.76081318497448
"06078",78,"CT",10562,7.38496496875592
"06079",3,"CT",19,157.894736842105
"06081",7,"CT",1419,4.93305144467935
"06082",104,"CT",41090,2.53102944755415
"06084",116,"CT",14823,7.8256763138366
"06085",81,"CT",7608,10.6466876971609
"06088",9,"CT",4254,2.11565585331453
"06089",41,"CT",3728,10.9978540772532
"06090",18,"CT",1136,15.8450704225352
"06091",2,"CT",253,7.90513833992095
"06092",57,"CT",4665,12.2186495176849
"06093",17,"CT",3524,4.82406356413167
"06095",159,"CT",29670,5.35894843276036
"06096",196,"CT",12579,15.5815247634947
"06098",28,"CT",10263,2.72824710123745
"06103",34,"CT",2949,11.5293319769413
"06105",65,"CT",19174,3.39000730155419
"06106",41,"CT",36322,1.12879246737514
"06107",253,"CT",19891,12.7193202956111
"06108",43,"CT",23499,1.82986510064258
"06109",147,"CT",27250,5.39449541284404
"06110",74,"CT",12641,5.85396724942647
"06111",139,"CT",30896,4.49896426721906
"06112",8,"CT",22333,0.358214301705996
"06114",20,"CT",26458,0.755915035150049
"06117",248,"CT",16116,15.3884338545545
"06118",61,"CT",27419,2.22473467303695
"06119",149,"CT",14793,10.0723315081457
"06120",21,"CT",13926,1.5079707022835
"06226",35,"CT",19344,1.80934656741108
"06231",24,"CT",3648,6.57894736842105
"06232",18,"CT",3152,5.71065989847716
"06234",31,"CT",8517,3.63977926499941
"06235",5,"CT",2018,2.47770069375619
"06237",40,"CT",5300,7.54716981132075
"06238",74,"CT",12326,6.003569690086
"06239",26,"CT",11185,2.32454179704962
"06241",29,"CT",6585,4.4039483675019
"06242",3,"CT",1290,2.32558139534884
"06243",2,"CT",83,24.0963855421687
"06247",8,"CT",2412,3.3167495854063
"06248",24,"CT",5509,4.35650753312761
"06249",37,"CT",7116,5.19955030916245
"06250",45,"CT",5437,8.27662313775979
"06254",7,"CT",2004,3.49301397205589
"06255",7,"CT",4494,1.55763239875389
"06256",3,"CT",1704,1.76056338028169
"06258",3,"CT",114,26.3157894736842
"06259",25,"CT",4568,5.47285464098074
"06260",19,"CT",9266,2.05050723073602
"06262",1,"CT",813,1.230012300123
"06264",3,"CT",139,21.5827338129496
"06266",4,"CT",222,18.018018018018
"06268",76,"CT",11772,6.45599728168536
"06277",15,"CT",4004,3.74625374625375
"06278",15,"CT",4337,3.45861194373991
"06279",20,"CT",5575,3.58744394618834
"06280",7,"CT",3110,2.2508038585209
"06281",49,"CT",7237,6.77076136520658
"06282",6,"CT",1134,5.29100529100529
"06320",68,"CT",27703,2.45460780420893
"06330",6,"CT",3327,1.8034265103697
"06331",16,"CT",5145,3.10981535471331
"06332",2,"CT",1015,1.97044334975369
"06333",89,"CT",7389,12.0449316551631
"06334",10,"CT",2249,4.44642063139173
"06335",26,"CT",6307,4.12240367845251
"06338",4,"CT",27,148.148148148148
"06339",61,"CT",9113,6.69373422583123
"06340",156,"CT",29863,5.22385560727321
"06351",44,"CT",15760,2.79187817258883
"06353",1,"CT",439,2.27790432801822
"06354",10,"CT",6031,1.65809981760902
"06355",107,"CT",12173,8.78994496015773
"06357",79,"CT",11332,6.97140840098835
"06359",23,"CT",5160,4.45736434108527
"06360",98,"CT",37216,2.63327601031814
"06365",16,"CT",4807,3.32847930101935
"06370",28,"CT",7327,3.82148218916337
"06371",129,"CT",9828,13.1257631257631
"06374",18,"CT",7838,2.29650421025772
"06375",20,"CT",3670,5.44959128065395
"06377",13,"CT",2927,4.44140758455757
"06378",75,"CT",5555,13.5013501350135
"06379",34,"CT",9017,3.7706554286348
"06380",2,"CT",2757,0.725426187885383
"06382",38,"CT",10143,3.74642610667455
"06384",9,"CT",2663,3.37964701464514
"06385",122,"CT",15966,7.64123762996367
"06387",2,"CT",178,11.2359550561798
"06390",5,"NY",72,69.4444444444444
"06401",48,"CT",19315,2.48511519544396
"06403",26,"CT",6147,4.22970554742151
"06405",219,"CT",28217,7.76127866179962
"06409",3,"CT",701,4.27960057061341
"06410",281,"CT",28904,9.72183780791586
"06412",33,"CT",3825,8.62745098039216
"06413",74,"CT",13377,5.53188308290349
"06414",2,"CT",302,6.62251655629139
"06415",108,"CT",16038,6.73400673400673
"06416",92,"CT",14334,6.4183061252965
"06417",32,"CT",4458,7.17810677433827
"06418",34,"CT",12205,2.78574354772634
"06419",59,"CT",6240,9.4551282051282
"06420",28,"CT",4368,6.41025641025641
"06422",51,"CT",7208,7.07547169811321
"06423",30,"CT",5182,5.78927055191046
"06424",74,"CT",12751,5.80346639479257
"06426",42,"CT",3267,12.8558310376492
"06437",330,"CT",22067,14.954456881316
"06438",23,"CT",2887,7.96674748874264
"06439",1,"CT",65,15.3846153846154
"06441",41,"CT",5348,7.66641735228123
"06442",22,"CT",2826,7.78485491861288
"06443",279,"CT",17657,15.8010987143909
"06444",6,"CT",180,33.3333333333333
"06447",53,"CT",6130,8.64600326264274
"06450",102,"CT",35694,2.8576231299378
"06451",56,"CT",24851,2.25343044545491
"06455",28,"CT",2480,11.2903225806452
"06456",4,"CT",281,14.2348754448399
"06457",220,"CT",46720,4.70890410958904
"06460",314,"CT",37649,8.34019495869744
"06461",109,"CT",15035,7.24975058197539
"06467",5,"CT",405,12.3456790123457
"06468",144,"CT",18949,7.59934561190564
"06469",12,"CT",3311,3.62428269405014
"06470",185,"CT",15593,11.8642980824729
"06471",24,"CT",7140,3.36134453781513
"06472",31,"CT",6363,4.87191576300487
"06473",182,"CT",24743,7.35561572970133
"06475",146,"CT",10575,13.806146572104
"06477",137,"CT",14315,9.57038071952497
"06478",85,"CT",12991,6.54299130167039
"06479",52,"CT",10286,5.05541512735757
"06480",40,"CT",9434,4.23998304006784
"06481",9,"CT",1763,5.10493477027794
"06482",79,"CT",12000,6.58333333333333
"06483",66,"CT",16889,3.90786902717745
"06484",252,"CT",41889,6.01589916207119
"06488",133,"CT",20071,6.62647601016392
"06489",201,"CT",32706,6.14566134654192
"06492",207,"CT",44498,4.65189446716706
"06498",35,"CT",6856,5.10501750291715
"06510",35,"CT",4584,7.63525305410122
"06511",205,"CT",54730,3.74566051525672
"06512",95,"CT",28830,3.29517863336802
"06513",59,"CT",38888,1.51717753548653
"06514",115,"CT",26803,4.29056448904973
"06515",86,"CT",19006,4.52488687782806
"06516",144,"CT",55351,2.60157901392929
"06517",174,"CT",14221,12.2354264819633
"06518",111,"CT",20126,5.51525390042731
"06519",23,"CT",15605,1.47388657481576
"06524",62,"CT",5288,11.7246596066566
"06525",200,"CT",9073,22.0434255483302
"06604",45,"CT",31771,1.41638601240125
"06605",54,"CT",25929,2.08261020479
"06606",88,"CT",49308,1.78470025148049
"06607",15,"CT",7979,1.87993482892593
"06608",12,"CT",12146,0.98797958175531
"06610",30,"CT",22020,1.36239782016349
"06611",353,"CT",37281,9.46863013331187
"06612",127,"CT",7670,16.5580182529335
"06614",157,"CT",35654,4.40343299489538
"06615",74,"CT",17136,4.31839402427638
"06704",46,"CT",31713,1.4505092548797
"06705",38,"CT",25266,1.50399746695163
"06706",24,"CT",15551,1.54330911195422
"06708",58,"CT",29594,1.95985672771508
"06710",38,"CT",9942,3.82216857775096
"06712",36,"CT",9458,3.80630154366674
"06716",77,"CT",16113,4.77875007757711
"06750",11,"CT",1387,7.93078586878154
"06751",17,"CT",3423,4.96640373940988
"06752",21,"CT",1658,12.6658624849216
"06753",4,"CT",91,43.956043956044
"06754",25,"CT",1656,15.0966183574879
"06755",7,"CT",1238,5.65428109854604
"06756",28,"CT",3037,9.21962462956865
"06757",26,"CT",2125,12.2352941176471
"06758",1,"CT",13,76.9230769230769
"06759",56,"CT",5442,10.2903344358692
"06762",75,"CT",7807,9.60676316126553
"06763",19,"CT",2151,8.83310088331009
"06770",85,"CT",31823,2.67102410206454
"06776",171,"CT",27010,6.33098852276934
"06777",24,"CT",1771,13.5516657255788
"06778",3,"CT",1574,1.90597204574333
"06779",19,"CT",8364,2.27164036346246
"06782",4,"CT",1978,2.02224469160768
"06783",36,"CT",2185,16.4759725400458
"06784",40,"CT",3583,11.1638291934133
"06785",14,"CT",818,17.1149144254279
"06786",20,"CT",9768,2.04750204750205
"06787",11,"CT",7509,1.4649087761353
"06790",87,"CT",35566,2.4461564415453
"06791",26,"CT",5602,4.64119957158158
"06793",15,"CT",1031,14.54898157129
"06794",15,"CT",1282,11.7004680187207
"06795",61,"CT",13889,4.39196486428109
"06796",15,"CT",821,18.2704019488429
"06798",65,"CT",9833,6.61039357266348
"06801",137,"CT",20796,6.58780534718215
"06804",125,"CT",17908,6.98012061648425
"06807",138,"CT",7650,18.0392156862745
"06810",220,"CT",55833,3.94032203177332
"06811",182,"CT",31228,5.82810298450109
"06812",103,"CT",13584,7.58244994110718
"06820",454,"CT",21936,20.6965718453683
"06824",556,"CT",36716,15.1432617932237
"06825",236,"CT",21982,10.736056773724
"06830",464,"CT",24880,18.6495176848875
"06831",357,"CT",15210,23.4714003944773
"06840",496,"CT",20870,23.766171538093
"06850",176,"CT",19692,8.93763965061954
"06851",197,"CT",27865,7.06980082540822
"06853",78,"CT",3171,24.5979186376537
"06854",168,"CT",32118,5.23071175042032
"06855",63,"CT",9351,6.73724735322425
"06870",198,"CT",7864,25.1780264496439
"06877",400,"CT",25110,15.9299084030267
"06878",204,"CT",8328,24.4956772334294
"06880",883,"CT",27583,32.012471449806
"06883",309,"CT",10396,29.7229703732205
"06890",76,"CT",4653,16.3335482484419
"06896",147,"CT",8779,16.7445039298326
"06897",357,"CT",18777,19.0126218245726
"06901",103,"CT",11037,9.33224608136269
"06902",469,"CT",73392,6.39034227163724
"06903",309,"CT",14010,22.0556745182013
"06905",193,"CT",20725,9.3124246079614
"06906",54,"CT",9199,5.87020328296554
"06907",89,"CT",8705,10.2240091901206
"07001",257,"NJ",17121,15.0108054436073
"07002",983,"NJ",71553,13.7380682850474
"07003",861,"NJ",53771,16.0123486637779
"07004",301,"NJ",7824,38.4713701431493
"07005",520,"NJ",15307,33.9713856405566
"07006",799,"NJ",26654,29.9767389510017
"07008",371,"NJ",25526,14.534200423098
"07009",523,"NJ",13535,38.6405615072036
"07010",646,"NJ",25781,25.0572126760017
"07011",417,"NJ",38587,10.8067483867624
"07012",308,"NJ",14653,21.0195864328124
"07013",578,"NJ",30811,18.7595339326864
"07014",129,"NJ",4975,25.929648241206
"07016",582,"NJ",24074,24.1754590014123
"07017",204,"NJ",40910,4.98655585431435
"07018",178,"NJ",28924,6.15405891301341
"07020",699,"NJ",14759,47.3609323124873
"07021",135,"NJ",2361,57.1791613722999
"07022",169,"NJ",15099,11.1927942247831
"07023",217,"NJ",7799,27.8240800102577
"07024",1580,"NJ",40024,39.4763142114731
"07026",349,"NJ",32783,10.6457615227404
"07027",89,"NJ",4885,18.2190378710338
"07028",387,"NJ",8022,48.2423335826477
"07029",425,"NJ",22866,18.5865477127613
"07030",879,"NJ",58668,14.9826140314993
"07031",216,"NJ",16461,13.1219245489338
"07032",477,"NJ",40614,11.7447185699512
"07033",143,"NJ",8401,17.021783121057
"07034",235,"NJ",11018,21.3287347976039
"07035",241,"NJ",11120,21.6726618705036
"07036",512,"NJ",45671,11.2106150511265
"07039",2418,"NJ",31488,76.7911585365854
"07040",976,"NJ",25613,38.105649474876
"07041",447,"NJ",7532,59.3467870419543
"07042",958,"NJ",27326,35.0581863426773
"07043",793,"NJ",13256,59.8219674109837
"07044",458,"NJ",14545,31.4884840151255
"07045",592,"NJ",10561,56.0552977937695
"07046",343,"NJ",4585,74.8091603053435
"07047",794,"NJ",61250,12.9632653061224
"07050",196,"NJ",34181,5.73417980749539
"07052",1481,"NJ",48620,30.4607157548334
"07054",1333,"NJ",29480,45.2170963364993
"07055",358,"NJ",70002,5.11413959601154
"07057",173,"NJ",11889,14.5512658760199
"07058",270,"NJ",5946,45.4086781029263
"07059",1185,"NJ",16811,70.4895604068764
"07060",392,"NJ",48363,8.10536980749747
"07062",160,"NJ",15399,10.390285083447
"07063",109,"NJ",14235,7.65718299964875
"07064",57,"NJ",3481,16.3746049985636
"07065",399,"NJ",30109,13.2518516058321
"07066",314,"NJ",15622,20.0998591729612
"07067",541,"NJ",18587,29.1063646634745
"07068",263,"NJ",6268,41.959157626037
"07069",389,"NJ",6623,58.7347123659973
"07070",490,"NJ",18894,25.9341589922727
"07071",390,"NJ",22463,17.3618839870008
"07072",141,"NJ",6378,22.107243650047
"07073",217,"NJ",10313,21.0414040531368
"07074",77,"NJ",3126,24.6321177223289
"07075",401,"NJ",10218,39.2444705421805
"07076",917,"NJ",24843,36.9118061425754
"07077",42,"NJ",3248,12.9310344827586
"07078",1502,"NJ",14613,102.785191268049
"07079",815,"NJ",18539,43.961378715141
"07080",626,"NJ",24411,25.6441768055385
"07081",525,"NJ",17171,30.5748063595597
"07082",263,"NJ",5723,45.9549187489079
"07083",1012,"NJ",58170,17.3972838232766
"07086",475,"NJ",17295,27.4645851402139
"07087",469,"NJ",66463,7.05655778403021
"07088",50,"NJ",2901,17.2354360565322
"07090",1454,"NJ",31111,46.7358811995757
"07092",312,"NJ",7049,44.2615973897007
"07093",736,"NJ",63758,11.543649424386
"07094",825,"NJ",21778,37.8822665074846
"07095",423,"NJ",20756,20.3796492580459
"07102",129,"NJ",12358,10.4385822948697
"07103",140,"NJ",37293,3.75405572091277
"07104",250,"NJ",52266,4.78322427581984
"07105",357,"NJ",57093,6.25295570385161
"07106",112,"NJ",36383,3.07836077288844
"07107",113,"NJ",43293,2.61012172868593
"07108",98,"NJ",28790,3.40395970823202
"07109",435,"NJ",37984,11.4521903959562
"07110",608,"NJ",29980,20.2801867911941
"07111",156,"NJ",60867,2.56296515353147
"07112",132,"NJ",29456,4.48126018468224
"07114",803,"NJ",13670,58.7417702999268
"07201",184,"NJ",28467,6.46362454772192
"07202",253,"NJ",44968,5.62622309197652
"07203",251,"NJ",22646,11.0836350790427
"07204",242,"NJ",14093,17.1716454977648
"07205",231,"NJ",22349,10.3360329321222
"07206",137,"NJ",31930,4.29063576573755
"07208",270,"NJ",31937,8.45414409618937
"07302",1475,"NJ",56220,26.236214870153
"07304",511,"NJ",51306,9.95984875063345
"07305",722,"NJ",72161,10.0054045814221
"07306",701,"NJ",54017,12.9773960049614
"07307",600,"NJ",42645,14.0696447414703
"07310",471,"NJ",16015,29.4099281923197
"07311",55,"NJ",1714,32.0886814469078
"07401",307,"NJ",6865,44.7195921340131
"07403",130,"NJ",7685,16.9160702667534
"07405",579,"NJ",17983,32.1970750152922
"07407",332,"NJ",21412,15.5053241173174
"07410",1090,"NJ",35610,30.6093793878124
"07416",57,"NJ",5851,9.74192445735772
"07417",718,"NJ",11112,64.6148308135349
"07418",32,"NJ",2559,12.504884720594
"07419",178,"NJ",9693,18.3637676673888
"07420",76,"NJ",5316,14.2964635063958
"07421",99,"NJ",6977,14.189479719077
"07422",77,"NJ",5280,14.5833333333333
"07423",241,"NJ",4270,56.440281030445
"07424",582,"NJ",28085,20.7228057682037
"07430",977,"NJ",25491,38.3272527558746
"07432",113,"NJ",7019,16.0991594244194
"07435",49,"NJ",2703,18.1280059193489
"07436",335,"NJ",12740,26.2951334379906
"07438",158,"NJ",11160,14.15770609319
"07439",20,"NJ",2160,9.25925925925926
"07440",74,"NJ",4670,15.8458244111349
"07442",228,"NJ",11047,20.6390875350774
"07444",201,"NJ",10971,18.3210281651627
"07446",468,"NJ",14805,31.6109422492401
"07450",1383,"NJ",26308,52.5695605899346
"07452",593,"NJ",12154,48.7905216389666
"07456",262,"NJ",11657,22.4757656343828
"07457",77,"NJ",4112,18.7256809338521
"07458",992,"NJ",11828,83.8687859316875
"07460",33,"NJ",3181,10.3740961961647
"07461",240,"NJ",18731,12.8129838236079
"07462",81,"NJ",7195,11.2578179291174
"07463",229,"NJ",10164,22.5304998032271
"07465",98,"NJ",5921,16.5512582334065
"07470",1759,"NJ",54112,32.5066528681254
"07480",218,"NJ",14966,14.5663503942269
"07481",720,"NJ",17050,42.2287390029325
"07501",111,"NJ",35481,3.12843493700854
"07502",104,"NJ",17158,6.06131250728523
"07503",144,"NJ",19170,7.51173708920188
"07504",52,"NJ",13123,3.96250857273489
"07505",58,"NJ",4691,12.3641014709017
"07506",333,"NJ",19628,16.9655594049317
"07508",381,"NJ",23762,16.034003871728
"07512",289,"NJ",10959,26.3710192535815
"07513",51,"NJ",11576,4.40566689702833
"07514",70,"NJ",20647,3.39032304935342
"07522",69,"NJ",23040,2.99479166666667
"07524",42,"NJ",13808,3.04171494785632
"07601",835,"NJ",46057,18.1297088390473
"07603",184,"NJ",9360,19.6581196581197
"07604",293,"NJ",12115,24.1848947585638
"07605",381,"NJ",9379,40.6226676617976
"07606",40,"NJ",2770,14.4404332129964
"07607",229,"NJ",10093,22.6889923709502
"07608",4,"NJ",136,29.4117647058824
"07620",212,"NJ",1588,133.501259445844
"07621",696,"NJ",28450,24.4639718804921
"07624",665,"NJ",8606,77.27167092726
"07626",623,"NJ",9174,67.9093089165032
"07627",460,"NJ",4911,93.6672775402158
"07628",387,"NJ",18279,21.1718365337272
"07630",213,"NJ",7305,29.1581108829569
"07631",1037,"NJ",29638,34.9888656454552
"07632",517,"NJ",5362,96.4192465497948
"07640",271,"NJ",4954,54.70327008478
"07641",236,"NJ",3363,70.1754385964912
"07642",314,"NJ",10144,30.9542586750789
"07643",235,"NJ",10996,21.371407784649
"07644",308,"NJ",26082,11.808910359635
"07645",423,"NJ",8901,47.5227502527806
"07646",415,"NJ",16995,24.4189467490438
"07647",200,"NJ",5288,37.821482602118
"07648",304,"NJ",5724,53.109713487072
"07649",335,"NJ",8235,40.6800242865817
"07650",718,"NJ",20290,35.3868900936422
"07652",1394,"NJ",26568,52.4691358024691
"07656",268,"NJ",9406,28.4924516266213
"07657",309,"NJ",11498,26.8742389980866
"07660",230,"NJ",13235,17.3781639591991
"07661",457,"NJ",12091,37.7967082954263
"07662",127,"NJ",5869,21.6391208042256
"07663",277,"NJ",14419,19.2107635758374
"07666",1202,"NJ",41876,28.7037921482472
"07670",1171,"NJ",15319,76.4410209543704
"07675",1066,"NJ",27349,38.9776591465867
"07676",276,"NJ",9323,29.6042046551539
"07677",1083,"NJ",6152,176.040312093628
"07701",486,"NJ",24376,19.937643583853
"07702",142,"NJ",4179,33.9794209140943
"07704",267,"NJ",6170,43.2739059967585
"07711",145,"NJ",1641,88.3607556368068
"07712",885,"NJ",40194,22.0182116733841
"07716",220,"NJ",8893,24.7385584167323
"07717",37,"NJ",2030,18.2266009852217
"07718",74,"NJ",6658,11.1144487834184
"07719",466,"NJ",22138,21.0497786611257
"07720",97,"NJ",4158,23.3285233285233
"07721",109,"NJ",4277,25.4851531447276
"07722",547,"NJ",9990,54.7547547547548
"07723",262,"NJ",884,296.380090497738
"07724",622,"NJ",24016,25.8994003997335
"07726",1773,"NJ",44764,39.6077204896792
"07727",267,"NJ",7787,34.2879157570309
"07728",1393,"NJ",55984,24.8821091740497
"07730",247,"NJ",17534,14.0869168472682
"07731",701,"NJ",40322,17.385050344725
"07732",131,"NJ",4527,28.9374861939474
"07733",944,"NJ",17166,54.9924268903647
"07734",107,"NJ",12925,8.27852998065764
"07735",291,"NJ",19159,15.1886841693199
"07737",54,"NJ",3945,13.6882129277567
"07738",238,"NJ",6939,34.2988903300187
"07739",243,"NJ",6105,39.8034398034398
"07740",734,"NJ",32917,22.2985083695355
"07746",1073,"NJ",18476,58.0753409828967
"07747",753,"NJ",32330,23.2910609341169
"07748",623,"NJ",28633,21.7581112702127
"07750",144,"NJ",3207,44.9017773620206
"07751",1249,"NJ",21109,59.1690748022171
"07753",510,"NJ",37297,13.6740220393061
"07755",503,"NJ",5613,89.6133974701586
"07756",64,"NJ",3092,20.6985769728331
"07757",167,"NJ",6195,26.9572235673931
"07758",84,"NJ",4076,20.6084396467125
"07760",521,"NJ",9692,53.7556747833265
"07762",188,"NJ",8262,22.7547809247156
"07764",425,"NJ",8586,49.4991847193105
"07801",243,"NJ",27128,8.95753465054556
"07803",48,"NJ",4048,11.8577075098814
"07821",181,"NJ",9662,18.7331815359139
"07822",21,"NJ",827,25.3929866989117
"07823",49,"NJ",7451,6.57629848342504
"07825",126,"NJ",9210,13.6807817589577
"07826",76,"NJ",5967,12.7367186190716
"07827",36,"NJ",4109,8.76125577999513
"07828",356,"NJ",15461,23.0256775111571
"07830",212,"NJ",7379,28.7301802412251
"07832",43,"NJ",3593,11.9677150013916
"07833",1,"NJ",70,14.2857142857143
"07834",584,"NJ",18385,31.7650258362796
"07836",303,"NJ",11694,25.910723447922
"07838",39,"NJ",3727,10.464180305876
"07840",552,"NJ",32105,17.1935835539636
"07843",170,"NJ",11098,15.3180753288881
"07844",6,"NJ",111,54.0540540540541
"07847",34,"NJ",1776,19.1441441441441
"07848",58,"NJ",4257,13.6246182757811
"07849",217,"NJ",8380,25.8949880668258
"07850",88,"NJ",6828,12.888107791447
"07851",1,"NJ",263,3.80228136882129
"07852",122,"NJ",4233,28.8211670210253
"07853",344,"NJ",12339,27.8790825836778
"07856",90,"NJ",4774,18.8521156263092
"07857",39,"NJ",3728,10.4613733905579
"07860",333,"NJ",26047,12.7845817176642
"07863",26,"NJ",3819,6.80806493846557
"07865",50,"NJ",2825,17.6991150442478
"07866",539,"NJ",22663,23.7832590566121
"07869",913,"NJ",26022,35.0856967181616
"07871",632,"NJ",21437,29.4817371833745
"07874",130,"NJ",8752,14.853747714808
"07876",163,"NJ",9641,16.9069598589358
"07878",20,"NJ",766,26.1096605744125
"07880",1,"NJ",173,5.78034682080925
"07882",184,"NJ",15115,12.173337743963
"07885",205,"NJ",11806,17.3640521768592
"07901",1161,"NJ",24314,47.7502673356914
"07920",1646,"NJ",28753,57.2462003964804
"07921",253,"NJ",7700,32.8571428571429
"07922",603,"NJ",12195,49.4464944649446
"07924",351,"NJ",7713,45.5075845974329
"07926",19,"NJ",161,118.012422360248
"07927",130,"NJ",4882,26.6284309709136
"07928",980,"NJ",19974,49.0637829177931
"07930",388,"NJ",8648,44.8658649398705
"07931",211,"NJ",2985,70.6867671691792
"07932",484,"NJ",11977,40.4107873424063
"07933",117,"NJ",2995,39.0651085141903
"07934",65,"NJ",1293,50.2706883217324
"07935",22,"NJ",584,37.6712328767123
"07936",471,"NJ",11152,42.2345767575323
"07940",656,"NJ",17610,37.25156161272
"07945",475,"NJ",9690,49.0196078431373
"07946",118,"NJ",2982,39.570757880617
"07950",841,"NJ",21651,38.8434714331902
"07960",1597,"NJ",46702,34.1955376643399
"07961",2,"NJ",333,6.00600600600601
"07970",2,"NJ",215,9.30232558139535
"07974",511,"NJ",13349,38.280020975354
"07976",80,"NJ",389,205.655526992288
"07977",34,"NJ",917,37.0774263904035
"07979",17,"NJ",214,79.4392523364486
"07980",71,"NJ",2675,26.5420560747664
"07981",314,"NJ",9030,34.7729789590255
"08001",12,"NJ",854,14.0515222482436
"08002",1637,"NJ",24015,68.1657297522382
"08003",1326,"NJ",31809,41.6863151938131
"08004",106,"NJ",11429,9.27465220054248
"08005",369,"NJ",26866,13.7348321298295
"08006",28,"NJ",500,56
"08007",57,"NJ",5417,10.5224293889607
"08008",244,"NJ",6837,35.6881673248501
"08009",217,"NJ",14346,15.1261675728426
"08010",98,"NJ",11861,8.26237248124104
"08012",448,"NJ",41812,10.7146273796996
"08014",11,"NJ",298,36.9127516778523
"08015",116,"NJ",19567,5.92834875044718
"08016",575,"NJ",34920,16.4662084765178
"08019",11,"NJ",907,12.1278941565601
"08020",74,"NJ",2480,29.8387096774194
"08021",333,"NJ",49305,6.75387891694554
"08022",263,"NJ",9172,28.674225904928
"08023",1,"NJ",375,2.66666666666667
"08026",34,"NJ",2435,13.9630390143737
"08027",32,"NJ",4984,6.42054574638844
"08028",266,"NJ",25098,10.5984540600845
"08029",57,"NJ",5459,10.4414727972156
"08030",77,"NJ",13217,5.82583036997806
"08031",107,"NJ",11737,9.11646928516657
"08032",3,"NJ",242,12.396694214876
"08033",652,"NJ",17763,36.7055114563981
"08034",456,"NJ",20901,21.8171379359839
"08035",145,"NJ",7551,19.2027546020395
"08036",158,"NJ",6065,26.0511129431162
"08037",274,"NJ",23514,11.6526324742706
"08038",1,"NJ",351,2.84900284900285
"08041",16,"NJ",650,24.6153846153846
"08042",1,"NJ",131,7.63358778625954
"08043",1077,"NJ",31191,34.529191112821
"08045",38,"NJ",3200,11.875
"08046",309,"NJ",31981,9.66198680466527
"08048",271,"NJ",12882,21.0371060394349
"08049",51,"NJ",5282,9.65543354789852
"08050",460,"NJ",28053,16.3975332406516
"08051",111,"NJ",12474,8.8985088985089
"08052",232,"NJ",20127,11.5268047895861
"08053",1159,"NJ",48179,24.0561240374437
"08054",1326,"NJ",46026,28.8098031547386
"08055",870,"NJ",29109,29.887663609193
"08056",141,"NJ",5434,25.9477364740523
"08057",1062,"NJ",21529,49.3288122996888
"08059",54,"NJ",5805,9.30232558139535
"08060",440,"NJ",25835,17.0311592800464
"08061",86,"NJ",4508,19.0771960958296
"08062",459,"NJ",17935,25.5924170616114
"08063",18,"NJ",3051,5.89970501474926
"08064",4,"NJ",17,235.294117647059
"08065",61,"NJ",7485,8.14963259853039
"08066",40,"NJ",7760,5.15463917525773
"08067",33,"NJ",1711,19.2869666861484
"08068",72,"NJ",6613,10.8876455466505
"08069",59,"NJ",13413,4.39871766196973
"08070",80,"NJ",12511,6.39437295180241
"08071",120,"NJ",9461,12.683648662932
"08072",1,"NJ",164,6.09756097560976
"08073",5,"NJ",20,250
"08075",314,"NJ",30615,10.2564102564103
"08077",331,"NJ",20613,16.057827584534
"08078",56,"NJ",8051,6.95565768227549
"08079",50,"NJ",10762,4.64597658427802
"08080",720,"NJ",38159,18.868418983726
"08081",754,"NJ",50264,15.0007957981856
"08083",94,"NJ",9606,9.78555069748074
"08084",64,"NJ",7018,9.1194072385295
"08085",528,"NJ",22340,23.6347358997314
"08086",115,"NJ",9001,12.7763581824242
"08087",289,"NJ",25342,11.403993370689
"08088",356,"NJ",24215,14.701631220318
"08089",29,"NJ",4231,6.85417159064051
"08090",125,"NJ",9815,12.7356087620988
"08091",100,"NJ",5963,16.7700821734026
"08092",47,"NJ",3119,15.0689323501122
"08093",80,"NJ",9438,8.47637211273575
"08094",546,"NJ",41595,13.1265777136675
"08096",431,"NJ",35336,12.1971926647046
"08097",38,"NJ",3062,12.4101894186806
"08098",96,"NJ",9680,9.91735537190083
"08102",47,"NJ",8292,5.66811384466956
"08103",53,"NJ",12573,4.21538216813807
"08104",25,"NJ",22148,1.12877009210764
"08105",57,"NJ",26483,2.15232413246233
"08106",134,"NJ",9731,13.7704244168122
"08107",149,"NJ",13574,10.976867540887
"08108",427,"NJ",18654,22.8905328615846
"08109",277,"NJ",24022,11.5310964948797
"08110",177,"NJ",19158,9.23896022549327
"08201",103,"NJ",10412,9.89243180945063
"08202",78,"NJ",1612,48.3870967741935
"08203",127,"NJ",7674,16.5493875423508
"08204",197,"NJ",16573,11.8868038375671
"08205",383,"NJ",28877,13.2631506042871
"08210",194,"NJ",17143,11.316572361897
"08212",11,"NJ",138,79.7101449275362
"08215",144,"NJ",13545,10.6312292358804
"08221",203,"NJ",6992,29.033180778032
"08223",65,"NJ",4048,16.0573122529644
"08224",1,"NJ",223,4.48430493273543
"08225",134,"NJ",8456,15.8467360454115
"08226",263,"NJ",11261,23.3549418346506
"08230",84,"NJ",5700,14.7368421052632
"08232",87,"NJ",19887,4.37471715190828
"08234",791,"NJ",47339,16.7092672004056
"08240",2,"NJ",2648,0.755287009063444
"08241",27,"NJ",1076,25.092936802974
"08242",25,"NJ",4141,6.03718908476213
"08243",57,"NJ",2000,28.5
"08244",99,"NJ",10659,9.28792569659443
"08246",2,"NJ",57,35.0877192982456
"08247",25,"NJ",965,25.9067357512953
"08248",6,"NJ",266,22.5563909774436
"08251",64,"NJ",10503,6.09349709606779
"08260",183,"NJ",12959,14.1214599891967
"08270",60,"NJ",8362,7.17531690983018
"08302",182,"NJ",47279,3.8494892023943
"08310",10,"NJ",968,10.3305785123967
"08311",5,"NJ",1746,2.86368843069874
"08312",78,"NJ",8556,9.1164095371669
"08314",3,"NJ",454,6.6079295154185
"08316",2,"NJ",137,14.5985401459854
"08317",4,"NJ",1246,3.21027287319422
"08318",103,"NJ",11961,8.61132012373547
"08319",13,"NJ",1205,10.7883817427386
"08320",1,"NJ",1021,0.979431929480901
"08321",3,"NJ",133,22.5563909774436
"08322",114,"NJ",10202,11.1742795530288
"08323",9,"NJ",731,12.311901504788
"08324",1,"NJ",210,4.76190476190476
"08326",9,"NJ",1435,6.27177700348432
"08327",1,"NJ",3408,0.293427230046948
"08328",11,"NJ",1476,7.45257452574526
"08329",6,"NJ",159,37.7358490566038
"08330",386,"NJ",29972,12.8786867743227
"08332",211,"NJ",35228,5.98955376405132
"08340",6,"NJ",725,8.27586206896552
"08341",9,"NJ",2101,4.2836744407425
"08343",57,"NJ",4729,12.0532882216113
"08344",58,"NJ",5564,10.4241552839684
"08346",4,"NJ",283,14.1342756183746
"08348",1,"NJ",154,6.49350649350649
"08349",5,"NJ",2441,2.04834084391643
"08350",10,"NJ",639,15.6494522691706
"08352",6,"NJ",112,53.5714285714286
"08353",1,"NJ",228,4.3859649122807
"08360",245,"NJ",45038,5.43985079266397
"08361",214,"NJ",18206,11.7543666922992
"08401",165,"NJ",38925,4.23892100192678
"08402",221,"NJ",5234,42.223920519679
"08403",60,"NJ",1046,57.3613766730401
"08406",162,"NJ",8972,18.0561747659385
"08501",184,"NJ",6364,28.9126335637964
"08502",902,"NJ",11849,76.1245674740484
"08505",399,"NJ",19142,20.8442169052346
"08510",193,"NJ",5386,35.8336427775715
"08511",6,"NJ",976,6.14754098360656
"08512",662,"NJ",12928,51.2066831683168
"08514",130,"NJ",4917,26.4388854992882
"08515",403,"NJ",8373,48.1308969306103
"08518",133,"NJ",6508,20.4363859864782
"08520",889,"NJ",29504,30.1315075921909
"08525",232,"NJ",4522,51.3047324192835
"08527",1323,"NJ",58991,22.4271499042227
"08528",13,"NJ",321,40.4984423676012
"08530",217,"NJ",8119,26.72742948639
"08533",95,"NJ",7563,12.561152981621
"08534",792,"NJ",13272,59.6745027124774
"08535",232,"NJ",4999,46.4092818563713
"08536",1180,"NJ",20817,56.6844406014315
"08540",3602,"NJ",50388,71.485274271652
"08542",139,"NJ",2533,54.8756415317805
"08544",5,"NJ",4392,1.1384335154827
"08550",1644,"NJ",21067,78.0367399250012
"08551",167,"NJ",5873,28.4352119870594
"08553",32,"NJ",819,39.0720390720391
"08554",28,"NJ",3527,7.93875815140346
"08555",27,"NJ",996,27.1084337349398
"08558",726,"NJ",7648,94.9267782426778
"08559",123,"NJ",4836,25.4342431761787
"08560",177,"NJ",3245,54.5454545454545
"08561",15,"NJ",325,46.1538461538462
"08562",65,"NJ",4201,15.4725065460605
"08608",3,"NJ",1250,2.4
"08609",32,"NJ",15938,2.00778014807379
"08610",221,"NJ",33465,6.60391453757657
"08611",63,"NJ",31995,1.9690576652602
"08618",197,"NJ",35634,5.52842790593254
"08619",411,"NJ",24089,17.0617294200672
"08620",182,"NJ",11621,15.6613028138714
"08628",218,"NJ",9831,22.174753331299
"08629",46,"NJ",13013,3.53492661184969
"08638",203,"NJ",22816,8.89726507713885
"08640",41,"NJ",7984,5.13527054108216
"08641",63,"NJ",4400,14.3181818181818
"08648",1094,"NJ",31323,34.9264119017974
"08690",335,"NJ",18841,17.7803725916883
"08691",903,"NJ",16607,54.3746612874089
"08701",2420,"NJ",139149,17.3914293311486
"08720",40,"NJ",735,54.421768707483
"08721",362,"NJ",22783,15.8890400737392
"08722",132,"NJ",11088,11.9047619047619
"08723",483,"NJ",32141,15.0275349242401
"08724",505,"NJ",42345,11.9258472074625
"08730",142,"NJ",4956,28.6521388216303
"08731",304,"NJ",21629,14.0552036617504
"08732",33,"NJ",1558,21.181001283697
"08733",13,"NJ",2816,4.61647727272727
"08734",93,"NJ",7879,11.803528366544
"08735",91,"NJ",3451,26.369168356998
"08736",326,"NJ",13223,24.654011948877
"08738",56,"NJ",1381,40.5503258508327
"08740",27,"NJ",1599,16.8855534709193
"08741",51,"NJ",2709,18.8261351052049
"08742",481,"NJ",25732,18.692678377118
"08750",123,"NJ",3483,35.3143841515935
"08751",64,"NJ",4185,15.2927120669056
"08752",47,"NJ",2338,20.1026518391788
"08753",975,"NJ",65448,14.8973230656399
"08755",897,"NJ",29670,30.2325581395349
"08757",315,"NJ",36087,8.72890514589741
"08758",107,"NJ",7868,13.5993899339095
"08759",336,"NJ",34237,9.81394397873646
"08801",222,"NJ",7267,30.5490573826889
"08802",97,"NJ",4552,21.3093145869947
"08804",41,"NJ",3465,11.8326118326118
"08805",155,"NJ",14066,11.0194795961894
"08807",1617,"NJ",39560,40.8746208291203
"08809",156,"NJ",6703,23.2731612710727
"08810",532,"NJ",7952,66.9014084507042
"08812",423,"NJ",14224,29.7384701912261
"08816",2242,"NJ",49360,45.4213938411669
"08817",1411,"NJ",49020,28.7841697266422
"08820",2849,"NJ",39978,71.2641953074191
"08821",7,"NJ",283,24.7349823321555
"08822",976,"NJ",32556,29.9791129131343
"08823",392,"NJ",8884,44.1242683475912
"08824",851,"NJ",13366,63.6690109232381
"08825",100,"NJ",4735,21.1193241816262
"08826",104,"NJ",5459,19.0511082615864
"08827",106,"NJ",4346,24.390243902439
"08828",41,"NJ",2459,16.6734444896299
"08829",66,"NJ",3580,18.4357541899441
"08830",734,"NJ",19551,37.5428366835456
"08831",3424,"NJ",55658,61.5185597757735
"08832",26,"NJ",2252,11.5452930728242
"08833",333,"NJ",9184,36.2587108013937
"08835",101,"NJ",10921,9.24823734090285
"08836",194,"NJ",3855,50.3242542153048
"08837",547,"NJ",19437,28.1422030148685
"08840",607,"NJ",18206,33.340656926288
"08844",1948,"NJ",44463,43.8117086116546
"08846",203,"NJ",14645,13.8613861386139
"08848",133,"NJ",8134,16.3511187607573
"08850",204,"NJ",8538,23.8931834153197
"08852",1323,"NJ",18062,73.2477023585428
"08853",178,"NJ",5634,31.5938942137025
"08854",1936,"NJ",61088,31.6919853326349
"08857",1229,"NJ",40891,30.0555134381649
"08858",25,"NJ",20,1250
"08859",506,"NJ",25448,19.8836843759824
"08861",311,"NJ",59351,5.24001280517599
"08863",258,"NJ",12771,20.2020202020202
"08865",238,"NJ",31427,7.57310592802367
"08867",166,"NJ",5204,31.8985395849347
"08869",210,"NJ",8368,25.0956022944551
"08872",422,"NJ",20204,20.8869530785983
"08873",1787,"NJ",56327,31.7254602588457
"08876",655,"NJ",23380,28.0153977758768
"08879",435,"NJ",23556,18.4666327050433
"08880",95,"NJ",4867,19.5192110129443
"08882",229,"NJ",16124,14.2024311585215
"08884",137,"NJ",8187,16.7338463417613
"08886",140,"NJ",6435,21.7560217560218
"08887",15,"NJ",1380,10.8695652173913
"08889",296,"NJ",10193,29.0395369371137
"08901",325,"NJ",57263,5.67556712012993
"08902",1349,"NJ",43932,30.7065464809251
"08904",397,"NJ",15121,26.2548773229284
"10001",80,"NY",30511,2.62200517846023
"10002",112,"NY",76873,1.45694847345622
"10003",93,"NY",53560,1.73637042569081
"10004",40,"NY",3711,10.7787658313123
"10005",22,"NY",9439,2.33075537662888
"10006",24,"NY",4096,5.859375
"10007",196,"NY",7406,26.4650283553875
"10009",66,"NY",60209,1.09618163397499
"10010",65,"NY",30702,2.1171259201355
"10011",132,"NY",48277,2.73422126478447
"10012",53,"NY",21426,2.47363016895361
"10013",144,"NY",27219,5.29042213159925
"10014",99,"NY",29230,3.3869312350325
"10016",74,"NY",52971,1.39699080629023
"10017",32,"NY",15297,2.09191344708113
"10018",29,"NY",8559,3.38824629045449
"10019",175,"NY",44942,3.89390770326198
"10021",125,"NY",39868,3.13534664392495
"10022",104,"NY",34049,3.05442156891539
"10023",178,"NY",69455,2.56281045281117
"10024",174,"NY",63115,2.75687237582191
"10025",153,"NY",93065,1.64401224950304
"10026",51,"NY",37123,1.37381138377825
"10027",81,"NY",63885,1.26790326367692
"10028",113,"NY",49077,2.3025042280498
"10029",72,"NY",77447,0.929668031040583
"10030",36,"NY",29297,1.22879475714237
"10031",52,"NY",61058,0.851649251531331
"10032",52,"NY",55610,0.935083618054307
"10033",57,"NY",54838,1.03942521609103
"10034",49,"NY",37758,1.29773822766036
"10035",189,"NY",38862,4.86336266790181
"10036",72,"NY",31036,2.31988658332259
"10037",24,"NY",19031,1.26110031002049
"10038",91,"NY",22235,4.09264672813132
"10039",23,"NY",32492,0.707866551766589
"10040",52,"NY",40096,1.29688747007183
"10044",28,"NY",11520,2.43055555555556
"10065",76,"NY",30808,2.46689171643729
"10069",37,"NY",6509,5.68443693347673
"10075",71,"NY",21897,3.24245330410558
"10128",172,"NY",57976,2.96674485994204
"10162",3,"NY",1603,1.87149095446039
"10280",19,"NY",8933,2.12694503526251
"10282",17,"NY",5887,2.88771870222524
"10301",217,"NY",41052,5.28597875864757
"10302",59,"NY",19030,3.10036784025223
"10303",98,"NY",26497,3.69853190927275
"10304",294,"NY",45658,6.43917823820579
"10305",325,"NY",41270,7.87496971165495
"10306",472,"NY",57428,8.21898725360451
"10307",138,"NY",15512,8.89633831872099
"10308",241,"NY",30568,7.88406176393614
"10309",318,"NY",34885,9.11566575892217
"10310",101,"NY",25672,3.93424742910564
"10312",522,"NY",63469,8.22448754510076
"10314",679,"NY",93915,7.22994196880158
"10451",52,"NY",50942,1.02076871736485
"10452",137,"NY",75682,1.8102058613673
"10453",89,"NY",76282,1.16672347342755
"10454",36,"NY",39570,0.90978013646702
"10455",59,"NY",44801,1.31693488984621
"10456",107,"NY",87533,1.22239612489004
"10457",78,"NY",79543,0.980601687137775
"10458",91,"NY",74898,1.21498571390424
"10459",45,"NY",48270,0.932256059664388
"10460",79,"NY",59396,1.33005589601993
"10461",140,"NY",52012,2.6916865338768
"10462",250,"NY",76320,3.27568134171908
"10463",182,"NY",69470,2.61983590038866
"10464",28,"NY",3828,7.31452455590387
"10465",122,"NY",45404,2.6869879305788
"10466",105,"NY",71116,1.47646099330671
"10467",164,"NY",96421,1.70087429087025
"10468",106,"NY",75557,1.40291435604908
"10469",127,"NY",68521,1.85344638869836
"10470",22,"NY",16004,1.37465633591602
"10471",111,"NY",23798,4.6642575006303
"10472",167,"NY",64011,2.60892659074222
"10473",123,"NY",58855,2.08988191317645
"10474",126,"NY",11270,11.1801242236025
"10475",57,"NY",42578,1.33871952651604
"10501",17,"NY",1727,9.84365952518819
"10502",110,"NY",6197,17.7505244473132
"10503",1,"NY",132,7.57575757575758
"10504",252,"NY",7665,32.8767123287671
"10505",11,"NY",1119,9.8302055406613
"10506",179,"NY",6244,28.6675208199872
"10507",68,"NY",6109,11.1311180225896
"10509",141,"NY",20046,7.03382220891949
"10510",211,"NY",10226,20.6336788578134
"10511",13,"NY",2397,5.42344597413434
"10512",154,"NY",24234,6.35470826112074
"10514",406,"NY",11790,34.4359626802375
"10516",94,"NY",5362,17.5307720999627
"10517",6,"NY",584,10.2739726027397
"10518",26,"NY",992,26.2096774193548
"10519",6,"NY",99,60.6060606060606
"10520",169,"NY",12368,13.6642949547219
"10522",167,"NY",11502,14.5192140497305
"10523",73,"NY",9450,7.72486772486772
"10524",62,"NY",4578,13.5430318916557
"10526",33,"NY",2128,15.5075187969925
"10527",7,"NY",418,16.7464114832536
"10528",145,"NY",14091,10.2902561918955
"10530",115,"NY",13892,8.27814569536424
"10532",35,"NY",5347,6.5457265756499
"10533",178,"NY",7362,24.1782124422711
"10535",3,"NY",392,7.6530612244898
"10536",227,"NY",10669,21.2765957446809
"10537",17,"NY",2439,6.97006970069701
"10538",335,"NY",17760,18.8626126126126
"10540",2,"NY",108,18.5185185185185
"10541",174,"NY",26361,6.6006600660066
"10543",223,"NY",20989,10.6246128924675
"10545",2,"NY",185,10.8108108108108
"10546",29,"NY",1392,20.8333333333333
"10547",60,"NY",7205,8.32755031228314
"10548",10,"NY",4254,2.35072872590503
"10549",288,"NY",16135,17.8493957235823
"10550",72,"NY",38972,1.84748024222519
"10552",104,"NY",22341,4.65511839219372
"10553",21,"NY",11011,1.90718372536554
"10560",58,"NY",4918,11.7934119560797
"10562",227,"NY",33793,6.71736750214541
"10566",98,"NY",25625,3.82439024390244
"10567",216,"NY",19976,10.8129755706848
"10570",186,"NY",13289,13.9965384904808
"10573",317,"NY",40786,7.77227480017653
"10576",134,"NY",4891,27.3972602739726
"10577",84,"NY",5945,14.1295206055509
"10578",12,"NY",1780,6.74157303370787
"10579",76,"NY",9019,8.42665483978268
"10580",358,"NY",18391,19.4660431732913
"10583",926,"NY",40207,23.0308155296341
"10588",20,"NY",2783,7.18648939992813
"10589",89,"NY",7604,11.7043661230931
"10590",103,"NY",6989,14.7374445557304
"10591",243,"NY",23926,10.1563153055254
"10594",50,"NY",5110,9.78473581213307
"10595",53,"NY",7243,7.31740991301947
"10596",3,"NY",650,4.61538461538462
"10597",30,"NY",679,44.1826215022091
"10598",266,"NY",28821,9.22938135387391
"10601",135,"NY",11930,11.3160100586756
"10603",117,"NY",18910,6.1872025383395
"10604",143,"NY",12517,11.4244627306863
"10605",240,"NY",19493,12.3121120402196
"10606",147,"NY",17341,8.47701977971282
"10607",91,"NY",6466,14.0736158366842
"10701",241,"NY",70676,3.4099269907748
"10703",124,"NY",22586,5.49012662711414
"10704",135,"NY",31921,4.2291908148241
"10705",124,"NY",38887,3.18872630956361
"10706",177,"NY",9183,19.2747468147664
"10707",84,"NY",9688,8.67052023121387
"10708",244,"NY",22482,10.8531269460012
"10709",98,"NY",10352,9.46676970633694
"10710",182,"NY",25855,7.03925739702185
"10801",244,"NY",42754,5.70706834448239
"10803",193,"NY",13072,14.7643818849449
"10804",282,"NY",16108,17.506828904892
"10805",78,"NY",20903,3.73152179113046
"10901",254,"NY",27095,9.37442332533678
"10913",71,"NY",5343,13.2884147482688
"10914",5,"NY",1205,4.149377593361
"10916",32,"NY",4238,7.55073147711185
"10917",20,"NY",1923,10.4004160166407
"10918",70,"NY",12069,5.79998342861878
"10919",3,"NY",1551,1.93423597678917
"10920",84,"NY",8451,9.93965211217607
"10921",20,"NY",4231,4.7270148900969
"10922",6,"NY",1403,4.27655024946543
"10923",47,"NY",9069,5.18248980041901
"10924",114,"NY",13720,8.30903790087464
"10925",35,"NY",4313,8.11500115928588
"10926",29,"NY",3416,8.48946135831382
"10927",33,"NY",12325,2.67748478701826
"10928",15,"NY",5071,2.95799645040426
"10930",70,"NY",9569,7.31528895391368
"10931",4,"NY",1319,3.03260045489007
"10932",3,"NY",13,230.769230769231
"10933",3,"NY",117,25.6410256410256
"10940",200,"NY",53611,3.73057767995374
"10941",51,"NY",14422,3.5362640410484
"10950",258,"NY",68136,3.78654455794294
"10952",224,"NY",48019,4.66482017534726
"10953",4,"NY",22,181.818181818182
"10954",184,"NY",26495,6.94470654840536
"10956",351,"NY",31898,11.0038246912032
"10958",25,"NY",3054,8.18598559266536
"10960",162,"NY",15251,10.622254278408
"10962",37,"NY",4767,7.76169498636459
"10963",5,"NY",3842,1.3014055179594
"10964",34,"NY",1333,25.5063765941485
"10965",76,"NY",15206,4.99802709456793
"10968",37,"NY",2456,15.0651465798046
"10969",3,"NY",1150,2.60869565217391
"10970",123,"NY",11497,10.6984430721058
"10973",11,"NY",2358,4.66497031382528
"10974",26,"NY",3382,7.68775872264932
"10975",2,"NY",246,8.13008130081301
"10976",13,"NY",2002,6.49350649350649
"10977",264,"NY",71571,3.68864484218468
"10980",78,"NY",13414,5.81482033696138
"10983",63,"NY",5934,10.6167846309403
"10984",17,"NY",2805,6.06060606060606
"10985",1,"NY",17,58.8235294117647
"10986",17,"NY",1806,9.41306755260244
"10987",60,"NY",4411,13.6023577420086
"10988",1,"NY",695,1.43884892086331
"10989",82,"NY",9187,8.9256558180037
"10990",171,"NY",20368,8.3955223880597
"10992",53,"NY",9843,5.38453723458295
"10993",14,"NY",4888,2.86415711947627
"10994",88,"NY",6370,13.8147566718995
"10996",17,"NY",6349,2.6775870215782
"10998",23,"NY",3889,5.91411673952173
"11001",208,"NY",25493,8.15910249872514
"11003",231,"NY",45174,5.1135608978616
"11004",100,"NY",13615,7.34484024972457
"11005",6,"NY",2174,2.75988960441582
"11010",175,"NY",25604,6.83486955163256
"11020",145,"NY",5676,25.5461592670895
"11021",317,"NY",19783,16.0238588687257
"11023",262,"NY",9630,27.2066458982347
"11024",267,"NY",9155,29.1643910431458
"11030",439,"NY",18051,24.3199822724503
"11040",651,"NY",41988,15.5044298370963
"11042",7,"NY",141,49.645390070922
"11050",457,"NY",32794,13.9354760017076
"11096",25,"NY",10428,2.39739163789797
"11101",589,"NY",42219,13.9510646865156
"11102",99,"NY",28503,3.47331859804231
"11103",84,"NY",35163,2.38887466939681
"11104",56,"NY",26132,2.14296647788152
"11105",290,"NY",37936,7.64445381695487
"11106",112,"NY",40930,2.73637918397264
"11109",22,"NY",7948,2.76799194765979
"11201",283,"NY",70674,4.00430144041656
"11203",91,"NY",74817,1.21630110803694
"11204",229,"NY",79800,2.86967418546366
"11205",112,"NY",51676,2.16735041411874
"11206",79,"NY",93020,0.849279724790368
"11207",107,"NY",93198,1.14809330672332
"11208",1243,"NY",105428,11.7900368023675
"11209",225,"NY",71004,3.16883555856008
"11210",223,"NY",57915,3.85047051713718
"11211",175,"NY",65314,2.67936430168111
"11212",72,"NY",89020,0.80880700966075
"11213",65,"NY",68846,0.944136188013828
"11214",351,"NY",89397,3.92630625188765
"11215",233,"NY",70441,3.30773271248279
"11216",82,"NY",60685,1.35124000988712
"11217",156,"NY",43490,3.5870315014946
"11218",395,"NY",72042,5.48291274534299
"11219",153,"NY",94196,1.62427279289991
"11220",115,"NY",90652,1.26858756563562
"11221",100,"NY",91588,1.09184609337468
"11222",181,"NY",42853,4.22374162835741
"11223",409,"NY",78093,5.23734521660072
"11224",136,"NY",50822,2.67600645389792
"11225",114,"NY",58158,1.96017744764263
"11226",131,"NY",95144,1.37686033801396
"11228",150,"NY",42241,3.55105229516347
"11229",465,"NY",78377,5.93286295724511
"11230",472,"NY",86978,5.42665961507508
"11231",155,"NY",38276,4.04953495663079
"11232",45,"NY",27816,1.61777394305436
"11233",72,"NY",81822,0.879958935249688
"11234",353,"NY",83187,4.24345150083547
"11235",436,"NY",78558,5.55003946128975
"11236",128,"NY",88051,1.45370296759832
"11237",79,"NY",45334,1.74262143203776
"11238",150,"NY",58345,2.57091438855086
"11239",20,"NY",16410,1.2187690432663
"11249",99,"NY",47728,2.07425410660409
"11354",199,"NY",53028,3.75273440446557
"11355",285,"NY",80801,3.52718406950409
"11356",107,"NY",25824,4.14343246592317
"11357",292,"NY",43346,6.73649240991095
"11358",211,"NY",37665,5.60201778839772
"11360",146,"NY",19469,7.49910113513791
"11361",171,"NY",30127,5.67597171971985
"11362",172,"NY",18492,9.30131948950898
"11363",86,"NY",7223,11.9064100789146
"11364",284,"NY",35276,8.05079941036399
"11365",289,"NY",42322,6.82859978261897
"11366",121,"NY",13463,8.98759563247419
"11367",200,"NY",40923,4.88722723163013
"11368",409,"NY",105716,3.86885618071058
"11369",3861,"NY",35133,109.896678336607
"11370",170,"NY",30267,5.61667823041596
"11372",220,"NY",64756,3.39736858360615
"11373",567,"NY",98403,5.7620194506265
"11374",202,"NY",46989,4.29887846091639
"11375",333,"NY",76839,4.3337367742943
"11377",736,"NY",81690,9.0096707063288
"11378",151,"NY",36392,4.14926357441196
"11379",153,"NY",36773,4.16066135479836
"11385",220,"NY",101704,2.16314009281838
"11411",45,"NY",20540,2.19084712755599
"11412",101,"NY",39828,2.53590438887215
"11413",119,"NY",45965,2.58892635701077
"11414",110,"NY",31308,3.51347898300754
"11415",88,"NY",21154,4.15996974567458
"11416",147,"NY",25919,5.67151510474941
"11417",150,"NY",30578,4.90548760546798
"11418",115,"NY",35481,3.24117133113497
"11419",195,"NY",47441,4.11036866845134
"11420",187,"NY",49415,3.78427602954568
"11421",121,"NY",40612,2.97941495124594
"11422",80,"NY",33757,2.36987883994431
"11423",142,"NY",28534,4.97651924020467
"11426",150,"NY",19411,7.72757714697852
"11427",121,"NY",24607,4.91729995529727
"11428",94,"NY",19028,4.94008829093967
"11429",76,"NY",26832,2.83243887895051
"11430",28,"NY",588,47.6190476190476
"11432",371,"NY",62892,5.89900146282516
"11433",137,"NY",37884,3.6163023967902
"11434",146,"NY",68263,2.13878675124152
"11435",196,"NY",56826,3.44912540034491
"11436",72,"NY",22527,3.19616460247703
"11439",2,"NY",2170,0.921658986175115
"11501",160,"NY",21641,7.39337368883139
"11507",156,"NY",6736,23.1591448931116
"11509",29,"NY",1790,16.2011173184358
"11510",219,"NY",35701,6.13428195288647
"11514",43,"NY",4544,9.46302816901408
"11516",117,"NY",9112,12.8402107111501
"11518",68,"NY",10149,6.7001675041876
"11520",221,"NY",44910,4.9209530171454
"11530",314,"NY",27939,11.2387701778875
"11542",216,"NY",28965,7.45727602278612
"11545",256,"NY",12172,21.0318764377259
"11547",16,"NY",706,22.6628895184136
"11548",36,"NY",2261,15.922158337019
"11549",2,"NY",2359,0.847816871555744
"11550",135,"NY",60960,2.21456692913386
"11552",180,"NY",25174,7.1502343687932
"11553",82,"NY",27875,2.94170403587444
"11554",343,"NY",36821,9.31533635697021
"11557",124,"NY",8504,14.5813734713076
"11558",55,"NY",8454,6.50579607286492
"11559",138,"NY",8878,15.5440414507772
"11560",103,"NY",7696,13.3835758835759
"11561",223,"NY",38708,5.76108298026248
"11563",129,"NY",22899,5.63343377440063
"11565",69,"NY",9009,7.65900765900766
"11566",419,"NY",34741,12.0606775855617
"11568",129,"NY",4144,31.1293436293436
"11569",13,"NY",945,13.7566137566138
"11570",232,"NY",28908,8.0254600802546
"11572",258,"NY",30436,8.47680378499146
"11575",48,"NY",18705,2.56615878107458
"11576",419,"NY",12281,34.1177428548164
"11577",304,"NY",13077,23.246922076929
"11579",78,"NY",5033,15.4977150804689
"11580",332,"NY",43092,7.70444630093753
"11581",266,"NY",22818,11.6574634060829
"11590",448,"NY",47599,9.41196243618563
"11596",125,"NY",10516,11.8866489159376
"11598",271,"NY",13599,19.9279358776381
"11691",114,"NY",69359,1.64362231289378
"11692",47,"NY",22734,2.06738805313627
"11693",34,"NY",13244,2.56720024161885
"11694",96,"NY",21489,4.46740192656708
"11697",17,"NY",4429,3.83833822533303
"11701",154,"NY",29509,5.21874682300315
"11702",116,"NY",13909,8.33992379035157
"11703",100,"NY",17187,5.81835107930412
"11704",167,"NY",40706,4.10258929887486
"11705",58,"NY",8284,7.00144857556736
"11706",273,"NY",68976,3.95789839944328
"11709",62,"NY",6744,9.19335705812574
"11710",326,"NY",34834,9.35867256129069
"11713",64,"NY",9218,6.94293773052723
"11714",204,"NY",22695,8.98876404494382
"11715",55,"NY",3936,13.9735772357724
"11716",81,"NY",9659,8.38596127963557
"11718",22,"NY",3179,6.9204152249135
"11719",28,"NY",3235,8.65533230293663
"11720",247,"NY",29292,8.43233647412263
"11721",94,"NY",6426,14.6280734516029
"11722",101,"NY",39033,2.58755412087208
"11724",74,"NY",3073,24.0807028961926
"11725",366,"NY",29073,12.5890001031885
"11726",70,"NY",21455,3.2626427406199
"11727",211,"NY",28495,7.40480786102825
"11729",233,"NY",27231,8.55642466306783
"11730",110,"NY",14247,7.72092370323577
"11731",262,"NY",29999,8.73362445414847
"11732",51,"NY",3228,15.7992565055762
"11733",320,"NY",17752,18.0261378999549
"11735",249,"NY",32028,7.77444735856126
"11738",142,"NY",18877,7.52238173438576
"11739",17,"NY",1225,13.8775510204082
"11740",87,"NY",10127,8.59089562555545
"11741",200,"NY",26667,7.49990625117186
"11742",116,"NY",13202,8.78654749280412
"11743",629,"NY",43490,14.4630949643596
"11746",934,"NY",65747,14.2059713751198
"11747",403,"NY",20513,19.6460780968167
"11749",29,"NY",3600,8.05555555555556
"11751",95,"NY",13726,6.92117149934431
"11752",63,"NY",9204,6.84485006518905
"11753",358,"NY",12435,28.789706473663
"11754",160,"NY",17565,9.10902362653003
"11755",124,"NY",12144,10.2108036890646
"11756",353,"NY",42665,8.2737606937771
"11757",205,"NY",44413,4.61576565420035
"11758",423,"NY",54375,7.77931034482759
"11762",125,"NY",22487,5.55876728776626
"11763",206,"NY",29973,6.87285223367698
"11764",170,"NY",12551,13.5447374711178
"11765",18,"NY",683,26.3543191800878
"11766",190,"NY",10750,17.6744186046512
"11767",151,"NY",14964,10.0908847901631
"11768",311,"NY",22030,14.1171130276895
"11769",73,"NY",8935,8.17011751538892
"11770",6,"NY",77,77.9220779220779
"11771",163,"NY",10908,14.9431609827649
"11772",253,"NY",45023,5.61935010994381
"11776",191,"NY",22808,8.37425464749211
"11777",151,"NY",9396,16.0706683695189
"11778",117,"NY",12390,9.44309927360775
"11779",301,"NY",38206,7.87834371564676
"11780",214,"NY",15018,14.2495671860434
"11782",109,"NY",14405,7.56681707740368
"11783",140,"NY",21127,6.62659156529559
"11784",178,"NY",26244,6.78250266727633
"11786",92,"NY",6459,14.243690973835
"11787",384,"NY",34499,11.1307574132584
"11788",187,"NY",17374,10.7632093933464
"11789",55,"NY",7369,7.4636992807708
"11790",178,"NY",21074,8.44642687672013
"11791",666,"NY",25520,26.0971786833856
"11792",127,"NY",8904,14.2632524707996
"11793",230,"NY",32349,7.10995703112925
"11794",2,"NY",831,2.40673886883273
"11795",190,"NY",25379,7.48650459040939
"11796",23,"NY",3560,6.46067415730337
"11797",247,"NY",9402,26.2710061689002
"11801",539,"NY",41585,12.961404352531
"11803",575,"NY",29713,19.3517988759129
"11804",91,"NY",4835,18.8210961737332
"11901",130,"NY",33091,3.92856063582243
"11930",35,"NY",842,41.5676959619952
"11931",15,"NY",27,555.555555555556
"11932",36,"NY",725,49.6551724137931
"11933",62,"NY",6693,9.26340953234723
"11934",84,"NY",9418,8.91909110214483
"11935",38,"NY",2863,13.2727907789032
"11937",285,"NY",21882,13.0244036194132
"11939",11,"NY",1331,8.26446280991736
"11940",51,"NY",5819,8.76439250730366
"11941",36,"NY",2814,12.7931769722814
"11942",63,"NY",5406,11.65371809101
"11944",37,"NY",5037,7.34564224736947
"11946",107,"NY",15819,6.76401795309438
"11947",12,"NY",148,81.0810810810811
"11948",20,"NY",924,21.6450216450216
"11949",144,"NY",14563,9.88807251253176
"11950",61,"NY",17599,3.46610602875163
"11951",48,"NY",15938,3.01167022211068
"11952",56,"NY",5040,11.1111111111111
"11953",97,"NY",12846,7.55098863459443
"11954",46,"NY",4223,10.8927302865262
"11955",19,"NY",2458,7.72986167615948
"11956",1,"NY",298,3.35570469798658
"11957",18,"NY",1121,16.057091882248
"11958",12,"NY",884,13.5746606334842
"11959",34,"NY",734,46.3215258855586
"11960",39,"NY",830,46.9879518072289
"11961",89,"NY",12315,7.22695899309785
"11962",21,"NY",712,29.4943820224719
"11963",157,"NY",8390,18.7127532777116
"11964",30,"NY",2906,10.3234686854783
"11965",19,"NY",404,47.029702970297
"11967",151,"NY",27975,5.39767649687221
"11968",202,"NY",15312,13.1922675026123
"11970",8,"NY",416,19.2307692307692
"11971",69,"NY",6361,10.8473510454331
"11972",8,"NY",334,23.9520958083832
"11973",1,"NY",48,20.8333333333333
"11975",26,"NY",450,57.7777777777778
"11976",60,"NY",2952,20.3252032520325
"11977",40,"NY",2843,14.0696447414703
"11978",60,"NY",4705,12.7523910733262
"11980",84,"NY",5855,14.3467122117848
"12007",2,"NY",331,6.04229607250755
"12008",9,"NY",422,21.3270142180095
"12009",62,"NY",7934,7.81446937232165
"12010",92,"NY",27750,3.31531531531532
"12015",24,"NY",3852,6.23052959501558
"12017",8,"NY",471,16.9851380042463
"12018",49,"NY",7422,6.60199407167879
"12019",130,"NY",15555,8.35744133719061
"12020",213,"NY",34937,6.09668832469874
"12022",2,"NY",1120,1.78571428571429
"12023",13,"NY",1791,7.25851479620324
"12024",1,"NY",78,12.8205128205128
"12025",18,"NY",5244,3.4324942791762
"12027",48,"NY",4693,10.2279991476667
"12028",5,"NY",1557,3.21130378933847
"12029",10,"NY",1069,9.35453695042095
"12032",1,"NY",662,1.51057401812689
"12033",45,"NY",7932,5.6732223903177
"12037",28,"NY",3926,7.13194090677534
"12041",2,"NY",468,4.27350427350427
"12042",2,"NY",280,7.14285714285714
"12043",16,"NY",8287,1.93073488596597
"12045",3,"NY",207,14.4927536231884
"12046",2,"NY",358,5.58659217877095
"12047",128,"NY",23532,5.43940166581676
"12051",26,"NY",5876,4.42477876106195
"12052",9,"NY",1915,4.69973890339426
"12053",17,"NY",4550,3.73626373626374
"12054",201,"NY",17436,11.5278733654508
"12056",13,"NY",1695,7.66961651917404
"12057",7,"NY",1789,3.91280044717719
"12058",4,"NY",1220,3.27868852459016
"12059",9,"NY",1530,5.88235294117647
"12060",15,"NY",1859,8.06885422270038
"12061",64,"NY",9854,6.49482443677694
"12062",10,"NY",1650,6.06060606060606
"12063",1,"NY",665,1.50375939849624
"12065",364,"NY",45116,8.06809114283181
"12066",5,"NY",1863,2.68384326355341
"12067",6,"NY",1165,5.15021459227468
"12068",10,"NY",2503,3.99520575309628
"12070",5,"NY",2011,2.48632521133764
"12071",2,"NY",283,7.06713780918728
"12072",8,"NY",2882,2.77585010409438
"12074",14,"NY",2848,4.91573033707865
"12075",34,"NY",3248,10.4679802955665
"12076",1,"NY",1549,0.645577792123951
"12077",66,"NY",7017,9.40572894399316
"12078",46,"NY",22589,2.03638939306742
"12083",13,"NY",3844,3.38189386056191
"12084",43,"NY",5328,8.07057057057057
"12085",2,"NY",357,5.60224089635854
"12086",7,"NY",1587,4.41083805923125
"12087",3,"NY",1584,1.89393939393939
"12090",11,"NY",5482,2.00656694636994
"12092",4,"NY",1208,3.3112582781457
"12093",3,"NY",1276,2.35109717868339
"12094",6,"NY",2656,2.25903614457831
"12095",33,"NY",12391,2.66322330723913
"12106",20,"NY",1864,10.7296137339056
"12108",1,"NY",350,2.85714285714286
"12110",164,"NY",20081,8.16692395797022
"12115",1,"NY",60,16.6666666666667
"12116",2,"NY",1787,1.11919418019026
"12117",7,"NY",2871,2.43817485196796
"12118",122,"NY",17069,7.14746030816099
"12120",2,"NY",600,3.33333333333333
"12121",8,"NY",2280,3.50877192982456
"12122",8,"NY",3596,2.22469410456062
"12123",23,"NY",4457,5.1604218083913
"12124",3,"NY",298,10.0671140939597
"12125",9,"NY",1141,7.88781770376862
"12130",2,"NY",233,8.58369098712446
"12131",1,"NY",183,5.46448087431694
"12132",3,"NY",111,27.027027027027
"12134",16,"NY",3846,4.16016640665627
"12136",12,"NY",1043,11.5052732502397
"12137",5,"NY",2077,2.40731824747232
"12138",15,"NY",2695,5.56586270871985
"12139",1,"NY",227,4.40528634361234
"12140",9,"NY",1512,5.95238095238095
"12143",10,"NY",5664,1.76553672316384
"12144",107,"NY",22111,4.83922029758943
"12147",3,"NY",466,6.43776824034335
"12148",64,"NY",4023,15.9085259756401
"12149",7,"NY",2038,3.43473994111874
"12150",6,"NY",710,8.45070422535211
"12151",7,"NY",967,7.23888314374354
"12153",5,"NY",669,7.47384155455904
"12154",16,"NY",2777,5.76161325171048
"12155",5,"NY",1685,2.9673590504451
"12156",8,"NY",808,9.9009900990099
"12157",18,"NY",4713,3.81922342457034
"12158",51,"NY",5878,8.67642055120789
"12159",112,"NY",8163,13.7204459144922
"12160",3,"NY",716,4.18994413407821
"12164",2,"NY",539,3.71057513914657
"12165",2,"NY",220,9.09090909090909
"12166",6,"NY",1635,3.6697247706422
"12167",6,"NY",2279,2.63273365511189
"12168",6,"NY",1752,3.42465753424658
"12169",2,"NY",417,4.79616306954436
"12170",22,"NY",5351,4.11138105027098
"12172",1,"NY",176,5.68181818181818
"12173",8,"NY",2099,3.81133873272987
"12174",2,"NY",427,4.68384074941452
"12175",2,"NY",612,3.26797385620915
"12180",211,"NY",53479,3.94547392434413
"12182",37,"NY",14867,2.48873343647003
"12183",10,"NY",2970,3.36700336700337
"12184",27,"NY",7787,3.4673173237447
"12185",8,"NY",1709,4.68110005851375
"12186",65,"NY",6512,9.98157248157248
"12187",3,"NY",752,3.98936170212766
"12188",56,"NY",10988,5.09646887513651
"12189",74,"NY",18656,3.96655231560892
"12190",4,"NY",671,5.96125186289121
"12192",3,"NY",1077,2.78551532033426
"12193",8,"NY",1746,4.58190148911798
"12194",1,"NY",162,6.17283950617284
"12196",15,"NY",3880,3.8659793814433
"12197",3,"NY",2298,1.30548302872063
"12198",38,"NY",6796,5.59152442613302
"12202",24,"NY",10166,2.36081054495377
"12203",196,"NY",30771,6.3696337460596
"12204",53,"NY",7812,6.78443420378904
"12205",147,"NY",25838,5.68929483706169
"12206",36,"NY",14572,2.47049135328026
"12207",112,"NY",1988,56.3380281690141
"12208",125,"NY",23289,5.36734080467173
"12209",40,"NY",10626,3.76435159043855
"12210",27,"NY",10297,2.62212294843158
"12211",114,"NY",14383,7.92602377807133
"12302",148,"NY",28031,5.27986871677785
"12303",118,"NY",29360,4.01907356948229
"12304",56,"NY",22403,2.49966522340758
"12305",25,"NY",7356,3.39858618814573
"12306",113,"NY",27865,4.05526646330522
"12307",5,"NY",7050,0.709219858156028
"12308",53,"NY",15511,3.41692992070144
"12309",305,"NY",33246,9.17403597425254
"12401",215,"NY",35136,6.11908014571949
"12404",48,"NY",3935,12.1982210927573
"12405",3,"NY",447,6.71140939597315
"12406",3,"NY",644,4.6583850931677
"12409",25,"NY",865,28.9017341040462
"12410",2,"NY",343,5.83090379008746
"12411",2,"NY",325,6.15384615384615
"12412",10,"NY",475,21.0526315789474
"12413",10,"NY",3368,2.96912114014252
"12414",40,"NY",10169,3.93352345363359
"12416",2,"NY",106,18.8679245283019
"12417",1,"NY",828,1.20772946859903
"12418",1,"NY",427,2.34192037470726
"12419",11,"NY",1081,10.1757631822387
"12420",5,"NY",381,13.1233595800525
"12421",6,"NY",261,22.9885057471264
"12422",1,"NY",399,2.5062656641604
"12423",2,"NY",970,2.06185567010309
"12424",2,"NY",239,8.36820083682008
"12427",3,"NY",935,3.20855614973262
"12428",25,"NY",6995,3.57398141529664
"12430",6,"NY",1253,4.78850758180367
"12431",4,"NY",1909,2.09533787323206
"12432",1,"NY",697,1.43472022955524
"12433",11,"NY",470,23.4042553191489
"12436",5,"NY",607,8.23723228995058
"12438",2,"NY",190,10.5263157894737
"12439",2,"NY",384,5.20833333333333
"12440",24,"NY",1826,13.1434830230011
"12441",1,"NY",106,9.43396226415094
"12442",3,"NY",537,5.58659217877095
"12443",29,"NY",3559,8.14835627985389
"12444",4,"NY",576,6.94444444444444
"12446",34,"NY",5414,6.28001477650536
"12448",3,"NY",207,14.4927536231884
"12449",19,"NY",3010,6.31229235880399
"12450",1,"NY",215,4.65116279069767
"12451",5,"NY",909,5.5005500550055
"12452",1,"NY",33,30.3030303030303
"12453",3,"NY",241,12.448132780083
"12454",5,"NY",266,18.796992481203
"12455",7,"NY",1689,4.14446417998816
"12456",1,"NY",390,2.56410256410256
"12457",9,"NY",1041,8.64553314121038
"12458",6,"NY",3074,1.95185426154847
"12459",2,"NY",30,66.6666666666667
"12460",2,"NY",152,13.1578947368421
"12461",13,"NY",1604,8.10473815461347
"12463",6,"NY",1373,4.3699927166788
"12464",8,"NY",1033,7.74443368828654
"12465",1,"NY",255,3.92156862745098
"12466",16,"NY",1981,8.07672892478546
"12468",6,"NY",1329,4.51467268623025
"12469",3,"NY",798,3.7593984962406
"12470",2,"NY",618,3.23624595469256
"12471",1,"NY",237,4.21940928270042
"12472",12,"NY",1146,10.4712041884817
"12473",6,"NY",831,7.2202166064982
"12474",5,"NY",857,5.8343057176196
"12475",2,"NY",557,3.59066427289048
"12477",127,"NY",19066,6.66107206545683
"12480",4,"NY",510,7.84313725490196
"12481",12,"NY",1247,9.62309542902967
"12483",1,"NY",45,22.2222222222222
"12484",53,"NY",3155,16.7987321711569
"12485",11,"NY",1021,10.7737512242899
"12486",6,"NY",1440,4.16666666666667
"12487",21,"NY",4035,5.20446096654275
"12489",2,"NY",93,21.505376344086
"12491",24,"NY",1981,12.1150933871782
"12492",5,"NY",298,16.7785234899329
"12493",3,"NY",526,5.70342205323194
"12494",12,"NY",934,12.847965738758
"12495",4,"NY",277,14.4404332129964
"12496",9,"NY",1164,7.7319587628866
"12498",91,"NY",4572,19.9037620297463
"12501",12,"NY",2476,4.84652665589661
"12502",10,"NY",984,10.1626016260163
"12503",7,"NY",732,9.56284153005464
"12504",1,"NY",961,1.04058272632674
"12507",1,"NY",227,4.40528634361234
"12508",153,"NY",19566,7.8196872125115
"12512",2,"NY",194,10.3092783505155
"12513",7,"NY",228,30.7017543859649
"12514",33,"NY",3107,10.6211779851947
"12515",9,"NY",1492,6.03217158176944
"12516",12,"NY",1925,6.23376623376623
"12517",5,"NY",187,26.7379679144385
"12518",50,"NY",6114,8.17795224075891
"12520",21,"NY",3081,6.8159688412853
"12521",8,"NY",2056,3.89105058365759
"12522",9,"NY",4959,1.81488203266788
"12523",14,"NY",1908,7.33752620545073
"12524",92,"NY",15026,6.12272061759617
"12525",38,"NY",2749,13.8232084394325
"12526",41,"NY",3548,11.5558060879369
"12528",88,"NY",13827,6.36435958631663
"12529",24,"NY",2410,9.95850622406639
"12530",1,"NY",270,3.7037037037037
"12531",19,"NY",2337,8.13008130081301
"12533",208,"NY",27325,7.61207685269899
"12534",101,"NY",17176,5.88029809035864
"12538",56,"NY",14391,3.8913209644917
"12540",59,"NY",8856,6.66214995483288
"12542",39,"NY",5612,6.94939415538133
"12543",15,"NY",3190,4.70219435736677
"12545",31,"NY",4338,7.14615029967727
"12546",24,"NY",2706,8.86917960088692
"12547",18,"NY",3144,5.72519083969466
"12548",4,"NY",1064,3.7593984962406
"12549",60,"NY",10745,5.58399255467659
"12550",206,"NY",55152,3.73513199883957
"12553",141,"NY",27384,5.1489921121823
"12561",187,"NY",19830,9.43015632879476
"12563",50,"NY",7304,6.84556407447974
"12564",49,"NY",7734,6.33566071890354
"12565",4,"NY",1439,2.77970813064628
"12566",40,"NY",10269,3.895218619145
"12567",16,"NY",2695,5.93692022263451
"12569",69,"NY",9837,7.01433363830436
"12570",52,"NY",6698,7.76351149596895
"12571",106,"NY",10108,10.4867431737238
"12572",122,"NY",8869,13.7557785545157
"12574",6,"NY",619,9.69305331179321
"12575",26,"NY",1600,16.25
"12577",17,"NY",1942,8.75386199794027
"12578",22,"NY",2249,9.7821253890618
"12580",26,"NY",4542,5.72435050638485
"12581",21,"NY",1914,10.9717868338558
"12582",22,"NY",5786,3.80228136882129
"12583",32,"NY",1994,16.0481444332999
"12585",8,"NY",1144,6.99300699300699
"12586",57,"NY",12971,4.39441831778583
"12589",80,"NY",18646,4.29046444277593
"12590",178,"NY",35712,4.98431899641577
"12592",6,"NY",1226,4.89396411092985
"12594",23,"NY",4222,5.4476551397442
"12601",155,"NY",44164,3.50964586541074
"12603",263,"NY",42304,6.21690620272315
"12701",30,"NY",12197,2.45962121833238
"12719",4,"NY",1339,2.98730395817774
"12720",2,"NY",447,4.47427293064877
"12721",20,"NY",7359,2.7177605652942
"12723",9,"NY",1923,4.6801872074883
"12724",4,"NY",60,66.6666666666667
"12725",1,"NY",403,2.48138957816377
"12726",3,"NY",1168,2.56849315068493
"12729",11,"NY",1203,9.14380714879468
"12732",2,"NY",776,2.57731958762887
"12733",2,"NY",1865,1.07238605898123
"12734",2,"NY",950,2.10526315789474
"12737",11,"NY",1513,7.27032385988103
"12738",1,"NY",423,2.36406619385343
"12740",10,"NY",1732,5.77367205542725
"12743",3,"NY",279,10.752688172043
"12746",8,"NY",778,10.2827763496144
"12747",4,"NY",2234,1.7905102954342
"12748",2,"NY",1518,1.31752305665349
"12749",4,"NY",419,9.54653937947494
"12750",1,"NY",33,30.3030303030303
"12751",2,"NY",1407,1.42146410803127
"12752",1,"NY",309,3.23624595469256
"12754",14,"NY",8296,1.68756027000964
"12758",26,"NY",4025,6.45962732919255
"12759",34,"NY",1619,21.0006176652254
"12760",4,"NY",367,10.8991825613079
"12762",3,"NY",394,7.61421319796954
"12763",1,"NY",890,1.12359550561798
"12764",6,"NY",1861,3.22407307898979
"12765",6,"NY",873,6.87285223367698
"12766",1,"NY",535,1.86915887850467
"12767",1,"NY",156,6.41025641025641
"12768",3,"NY",857,3.50058343057176
"12770",1,"NY",145,6.89655172413793
"12771",42,"NY",14049,2.98953662182362
"12775",24,"NY",2623,9.14982844071674
"12776",12,"NY",2073,5.78871201157742
"12777",11,"NY",695,15.8273381294964
"12778",3,"NY",707,4.24328147100424
"12779",5,"NY",2205,2.26757369614512
"12780",10,"NY",2346,4.26257459505541
"12781",1,"NY",177,5.64971751412429
"12783",6,"NY",1060,5.66037735849057
"12785",1,"NY",917,1.09051254089422
"12786",5,"NY",610,8.19672131147541
"12787",3,"NY",192,15.625
"12788",7,"NY",3037,2.30490615739216
"12789",6,"NY",2594,2.3130300693909
"12790",20,"NY",4537,4.40819925060613
"12791",4,"NY",763,5.24246395806029
"12792",3,"NY",163,18.4049079754601
"12801",52,"NY",14628,3.5548263604047
"12803",34,"NY",9712,3.500823723229
"12804",140,"NY",28208,4.9631310266591
"12808",3,"NY",284,10.5633802816901
"12809",9,"NY",3669,2.45298446443173
"12810",2,"NY",471,4.24628450106157
"12811",1,"NY",181,5.52486187845304
"12812",2,"NY",265,7.54716981132075
"12814",9,"NY",1168,7.70547945205479
"12815",5,"NY",1140,4.3859649122807
"12816",21,"NY",4824,4.35323383084577
"12817",14,"NY",2168,6.45756457564576
"12822",18,"NY",6284,2.86441756842775
"12823",2,"NY",597,3.3500837520938
"12824",4,"NY",1143,3.49956255468067
"12827",9,"NY",3716,2.42195909580194
"12828",29,"NY",9230,3.14192849404117
"12831",118,"NY",18025,6.54646324549237
"12832",9,"NY",6153,1.46270112140419
"12833",34,"NY",5316,6.39578630549285
"12834",31,"NY",6039,5.13330021526743
"12835",5,"NY",2708,1.84638109305761
"12836",2,"NY",498,4.01606425702811
"12837",2,"NY",1021,1.9588638589618
"12838",2,"NY",734,2.72479564032698
"12839",22,"NY",13541,1.6246953696182
"12841",2,"NY",74,27.027027027027
"12842",3,"NY",995,3.01507537688442
"12843",4,"NY",461,8.6767895878525
"12844",1,"NY",172,5.81395348837209
"12845",40,"NY",4370,9.1533180778032
"12846",8,"NY",3013,2.65516096913375
"12847",2,"NY",740,2.7027027027027
"12850",15,"NY",2537,5.91249507292077
"12851",1,"NY",275,3.63636363636364
"12853",5,"NY",1235,4.04858299595142
"12855",1,"NY",208,4.80769230769231
"12856",2,"NY",260,7.69230769230769
"12857",5,"NY",606,8.25082508250825
"12859",17,"NY",1622,10.4808877928483
"12860",1,"NY",419,2.38663484486874
"12861",4,"NY",501,7.98403193612774
"12863",4,"NY",910,4.3956043956044
"12864",1,"NY",8,125
"12865",17,"NY",3356,5.06555423122765
"12866",441,"NY",40057,11.0093117307836
"12870",11,"NY",1756,6.26423690205011
"12871",15,"NY",3813,3.933910306845
"12873",4,"NY",886,4.51467268623025
"12878",1,"NY",819,1.22100122100122
"12883",7,"NY",4744,1.47554806070826
"12884",2,"NY",538,3.71747211895911
"12885",19,"NY",4444,4.27542754275428
"12887",7,"NY",4691,1.49221914303986
"12901",121,"NY",31447,3.84774382294018
"12903",14,"NY",1824,7.67543859649123
"12910",2,"NY",1890,1.05820105820106
"12912",8,"NY",1682,4.75624256837099
"12913",2,"NY",989,2.02224469160768
"12914",2,"NY",711,2.81293952180028
"12916",6,"NY",2143,2.79981334577695
"12917",1,"NY",1221,0.819000819000819
"12918",8,"NY",2412,3.3167495854063
"12919",7,"NY",2961,2.36406619385343
"12920",5,"NY",2624,1.90548780487805
"12921",9,"NY",2304,3.90625
"12922",2,"NY",44,45.4545454545455
"12923",3,"NY",532,5.6390977443609
"12927",1,"NY",318,3.14465408805031
"12928",10,"NY",1984,5.04032258064516
"12929",3,"NY",2684,1.1177347242921
"12930",4,"NY",897,4.45930880713489
"12932",12,"NY",1278,9.38967136150235
"12935",2,"NY",1180,1.69491525423729
"12936",7,"NY",691,10.1302460202605
"12939",4,"NY",173,23.121387283237
"12941",6,"NY",1487,4.03496973772697
"12942",16,"NY",450,35.5555555555556
"12943",4,"NY",260,15.3846153846154
"12944",9,"NY",3910,2.30179028132992
"12945",1,"NY",391,2.55754475703325
"12946",47,"NY",4872,9.64696223316913
"12950",2,"NY",628,3.18471337579618
"12952",1,"NY",286,3.4965034965035
"12953",19,"NY",12893,1.47366788179632
"12956",6,"NY",1271,4.720692368214
"12957",3,"NY",1781,1.68444693992139
"12958",2,"NY",1827,1.09469074986316
"12959",1,"NY",1627,0.614628149969269
"12960",5,"NY",1143,4.37445319335083
"12962",30,"NY",5654,5.30597806862398
"12965",1,"NY",363,2.75482093663912
"12966",5,"NY",2656,1.88253012048193
"12970",1,"NY",1084,0.922509225092251
"12972",21,"NY",6895,3.04568527918782
"12973",3,"NY",154,19.4805194805195
"12974",2,"NY",1617,1.23685837971552
"12975",6,"NY",78,76.9230769230769
"12976",1,"NY",137,7.2992700729927
"12977",2,"NY",1213,1.64880461665293
"12978",1,"NY",340,2.94117647058824
"12979",8,"NY",2465,3.24543610547667
"12980",3,"NY",1075,2.7906976744186
"12981",6,"NY",2259,2.65604249667995
"12983",55,"NY",7296,7.53837719298246
"12985",3,"NY",755,3.97350993377483
"12986",18,"NY",5326,3.37964701464514
"12987",1,"NY",119,8.40336134453782
"12989",7,"NY",1110,6.30630630630631
"12992",11,"NY",4615,2.38353196099675
"12993",19,"NY",1926,9.865005192108
"12996",6,"NY",1903,3.15291644771414
"12997",7,"NY",1251,5.59552358113509
"13021",112,"NY",37247,3.00695358015411
"13026",7,"NY",1619,4.32365657813465
"13027",206,"NY",35088,5.87095303237574
"13028",4,"NY",1162,3.44234079173838
"13029",34,"NY",7725,4.40129449838188
"13030",15,"NY",3635,4.12654745529574
"13031",82,"NY",16285,5.03530856616518
"13032",37,"NY",12850,2.87937743190661
"13033",9,"NY",3732,2.41157556270096
"13034",7,"NY",2029,3.44997535731888
"13035",78,"NY",8428,9.25486473659231
"13036",28,"NY",8616,3.2497678737233
"13037",48,"NY",9607,4.99635682314979
"13039",135,"NY",16951,7.96413190962185
"13041",81,"NY",12330,6.56934306569343
"13042",3,"NY",1960,1.53061224489796
"13044",8,"NY",2643,3.0268634127885
"13045",86,"NY",28361,3.03233313352844
"13052",1,"NY",1759,0.568504832291074
"13053",24,"NY",4794,5.00625782227785
"13054",3,"NY",1334,2.24887556221889
"13057",71,"NY",14253,4.98140742299867
"13060",9,"NY",2725,3.30275229357798
"13061",8,"NY",668,11.9760479041916
"13062",1,"NY",195,5.12820512820513
"13063",11,"NY",1624,6.77339901477833
"13066",157,"NY",12504,12.5559820857326
"13068",46,"NY",4592,10.0174216027875
"13069",56,"NY",22810,2.45506356861026
"13072",2,"NY",840,2.38095238095238
"13073",22,"NY",6054,3.63396101750909
"13074",6,"NY",4496,1.33451957295374
"13076",12,"NY",2778,4.31965442764579
"13077",20,"NY",6405,3.12256049960968
"13078",96,"NY",10119,9.4871034687222
"13080",6,"NY",3313,1.81104738907335
"13081",5,"NY",1122,4.45632798573975
"13082",16,"NY",4314,3.70885489105239
"13083",4,"NY",1835,2.17983651226158
"13084",25,"NY",4159,6.01106035104592
"13087",1,"NY",116,8.62068965517241
"13088",95,"NY",22073,4.30390069315453
"13090",169,"NY",29004,5.82678251275686
"13092",8,"NY",2689,2.97508367422834
"13101",5,"NY",2358,2.12044105173876
"13104",208,"NY",16168,12.8649183572489
"13108",40,"NY",6093,6.56491055309371
"13110",22,"NY",2494,8.82117080994387
"13111",4,"NY",1463,2.73410799726589
"13112",5,"NY",2140,2.33644859813084
"13114",10,"NY",7214,1.38619351261436
"13116",16,"NY",3653,4.37996167533534
"13118",16,"NY",5591,2.86174208549454
"13120",4,"NY",1625,2.46153846153846
"13122",4,"NY",1257,3.18217979315831
"13126",110,"NY",36495,3.01411152212632
"13131",7,"NY",2880,2.43055555555556
"13132",12,"NY",3626,3.30943188086045
"13134",1,"NY",113,8.84955752212389
"13135",20,"NY",6515,3.06983883346124
"13140",9,"NY",3959,2.2733013387219
"13141",1,"NY",652,1.53374233128834
"13142",24,"NY",6365,3.77062058130401
"13143",7,"NY",2504,2.79552715654952
"13144",3,"NY",1219,2.46103363412633
"13145",5,"NY",2028,2.465483234714
"13146",6,"NY",2085,2.87769784172662
"13147",1,"NY",1236,0.809061488673139
"13148",25,"NY",10749,2.32579774862778
"13152",101,"NY",7681,13.1493295143861
"13156",13,"NY",2156,6.02968460111317
"13158",2,"NY",1217,1.64338537387017
"13159",26,"NY",5204,4.99615680245965
"13160",2,"NY",2444,0.818330605564648
"13163",2,"NY",286,6.99300699300699
"13164",17,"NY",2904,5.85399449035813
"13165",12,"NY",9458,1.26876718122225
"13166",11,"NY",5622,1.95659907506226
"13167",12,"NY",3215,3.73250388802488
"13202",61,"NY",7098,8.59397013243167
"13203",42,"NY",16180,2.59579728059333
"13204",42,"NY",19440,2.16049382716049
"13205",12,"NY",19137,0.62705753252861
"13206",51,"NY",16245,3.13942751615882
"13207",49,"NY",12290,3.98698128559805
"13208",43,"NY",22993,1.870134388727
"13209",52,"NY",12714,4.08997955010225
"13210",74,"NY",19803,3.73680755441095
"13211",13,"NY",6111,2.12731140566192
"13212",88,"NY",19917,4.41833609479339
"13214",59,"NY",8702,6.78005056308895
"13215",88,"NY",14751,5.96569724086503
"13219",67,"NY",14744,4.54422137818774
"13224",61,"NY",8659,7.04469338260769
"13244",1,"NY",9683,0.103273778787566
"13302",4,"NY",1289,3.10318076027929
"13303",4,"NY",1410,2.83687943262411
"13304",6,"NY",1653,3.62976406533575
"13305",1,"NY",403,2.48138957816377
"13308",5,"NY",3862,1.29466597617815
"13309",19,"NY",5825,3.2618025751073
"13310",1,"NY",654,1.52905198776758
"13316",15,"NY",6063,2.4740227610094
"13317",6,"NY",3888,1.54320987654321
"13318",5,"NY",896,5.58035714285714
"13319",1,"NY",344,2.90697674418605
"13320",7,"NY",1971,3.55149670218163
"13323",74,"NY",11078,6.67990612023831
"13324",6,"NY",1729,3.47021399652979
"13326",45,"NY",4586,9.81247274313127
"13327",3,"NY",2009,1.49328023892484
"13328",3,"NY",1311,2.2883295194508
"13329",3,"NY",3256,0.921375921375921
"13331",1,"NY",204,4.90196078431373
"13332",11,"NY",2577,4.26852929763291
"13334",4,"NY",1067,3.74882849109653
"13335",4,"NY",1511,2.64725347452019
"13337",6,"NY",607,9.88467874794069
"13338",4,"NY",1280,3.125
"13339",9,"NY",6010,1.49750415973378
"13340",23,"NY",7404,3.10642895732037
"13343",1,"NY",1606,0.62266500622665
"13345",1,"NY",217,4.60829493087558
"13346",38,"NY",6406,5.93193880736809
"13348",7,"NY",1409,4.9680624556423
"13350",18,"NY",9522,1.89035916824197
"13353",1,"NY",63,15.8730158730159
"13354",11,"NY",3554,3.09510410804727
"13355",1,"NY",780,1.28205128205128
"13357",23,"NY",10167,2.26222091078981
"13360",4,"NY",227,17.6211453744493
"13363",8,"NY",1981,4.03836446239273
"13365",22,"NY",8578,2.56470039636279
"13367",28,"NY",8601,3.25543541448669
"13368",3,"NY",1129,2.65721877767936
"13402",2,"NY",1133,1.76522506619594
"13403",91,"NY",7388,12.3172712506768
"13406",5,"NY",486,10.2880658436214
"13407",4,"NY",5042,0.793335977786593
"13408",9,"NY",3391,2.65408434090239
"13409",5,"NY",2144,2.33208955223881
"13410",2,"NY",508,3.93700787401575
"13411",1,"NY",2999,0.333444481493831
"13413",121,"NY",16742,7.22733245729304
"13415",1,"NY",73,13.6986301369863
"13416",7,"NY",2369,2.95483326298016
"13417",9,"NY",3880,2.31958762886598
"13420",4,"NY",1055,3.7914691943128
"13421",42,"NY",12771,3.28870096311957
"13424",6,"NY",2306,2.601908065915
"13425",6,"NY",2010,2.98507462686567
"13428",4,"NY",1689,2.36826524570752
"13431",5,"NY",1847,2.70709258256632
"13433",3,"NY",1686,1.77935943060498
"13435",2,"NY",218,9.1743119266055
"13437",2,"NY",254,7.8740157480315
"13438",11,"NY",3065,3.58890701468189
"13439",15,"NY",3681,4.07497962510187
"13440",113,"NY",41555,2.71928769101191
"13441",4,"NY",68,58.8235294117647
"13450",2,"NY",143,13.986013986014
"13452",4,"NY",4792,0.834724540901502
"13454",1,"NY",735,1.36054421768707
"13455",1,"NY",74,13.5135135135135
"13456",14,"NY",3848,3.63825363825364
"13459",6,"NY",1888,3.17796610169492
"13460",14,"NY",4182,3.34768053562889
"13461",18,"NY",3047,5.90744995077125
"13464",4,"NY",1207,3.31400165700083
"13468",3,"NY",256,11.71875
"13469",2,"NY",855,2.33918128654971
"13471",2,"NY",2806,0.712758374910905
"13472",2,"NY",259,7.72200772200772
"13473",1,"NY",982,1.0183299389002
"13476",7,"NY",2572,2.72161741835148
"13477",5,"NY",1498,3.33778371161549
"13478",17,"NY",3078,5.5230669265757
"13480",8,"NY",3321,2.40891297801867
"13485",1,"NY",1779,0.562113546936481
"13486",3,"NY",646,4.64396284829721
"13488",3,"NY",103,29.126213592233
"13489",1,"NY",576,1.73611111111111
"13490",2,"NY",1031,1.93986420950533
"13491",4,"NY",3431,1.16584086272224
"13492",37,"NY",11250,3.28888888888889
"13493",1,"NY",2428,0.411861614497529
"13495",18,"NY",1841,9.77729494839761
"13501",97,"NY",38931,2.49158768076854
"13502",104,"NY",34037,3.0554984281811
"13601",102,"NY",36839,2.76880479926165
"13602",3,"NY",2440,1.22950819672131
"13603",16,"NY",14136,1.13186191284663
"13605",12,"NY",5259,2.28180262407302
"13606",12,"NY",2468,4.86223662884927
"13607",3,"NY",2020,1.48514851485149
"13608",2,"NY",1676,1.19331742243437
"13611",1,"NY",147,6.80272108843537
"13612",12,"NY",2865,4.18848167539267
"13613",3,"NY",2931,1.02354145342886
"13614",1,"NY",214,4.67289719626168
"13615",2,"NY",700,2.85714285714286
"13616",3,"NY",1430,2.0979020979021
"13617",29,"NY",12431,2.33287748371008
"13618",12,"NY",1771,6.77583286278939
"13619",21,"NY",10578,1.98525241066364
"13620",1,"NY",2298,0.435161009573542
"13622",6,"NY",1859,3.22754168908015
"13624",13,"NY",4650,2.79569892473118
"13625",11,"NY",1792,6.13839285714286
"13626",5,"NY",2202,2.27066303360581
"13630",2,"NY",1184,1.68918918918919
"13632",2,"NY",118,16.9491525423729
"13634",15,"NY",3570,4.20168067226891
"13635",4,"NY",1279,3.12744331508991
"13636",1,"NY",141,7.09219858156028
"13637",11,"NY",5212,2.1105141980046
"13638",1,"NY",157,6.36942675159236
"13640",7,"NY",318,22.0125786163522
"13642",14,"NY",9043,1.54815879685945
"13646",3,"NY",2546,1.1783189316575
"13647",6,"NY",26,230.769230769231
"13648",2,"NY",2236,0.894454382826476
"13650",3,"NY",1236,2.42718446601942
"13652",4,"NY",2067,1.9351717464925
"13654",3,"NY",2073,1.44717800289436
"13655",8,"NY",3694,2.16567406605306
"13656",4,"NY",2942,1.35961930659415
"13658",6,"NY",2189,2.74097761534947
"13659",1,"NY",386,2.59067357512953
"13660",1,"NY",1774,0.56369785794814
"13661",1,"NY",1908,0.524109014675052
"13662",38,"NY",15556,2.44278734893289
"13664",1,"NY",384,2.60416666666667
"13665",1,"NY",465,2.1505376344086
"13667",4,"NY",3476,1.15074798619102
"13668",11,"NY",3563,3.08728599494808
"13669",30,"NY",15542,1.9302535066272
"13672",1,"NY",449,2.2271714922049
"13673",3,"NY",2097,1.43061516452074
"13676",52,"NY",12874,4.03914867174149
"13679",3,"NY",1205,2.4896265560166
"13680",2,"NY",1186,1.68634064080944
"13681",3,"NY",738,4.0650406504065
"13684",1,"NY",1149,0.870322019147084
"13685",13,"NY",2362,5.50381033022862
"13687",1,"NY",483,2.0703933747412
"13690",3,"NY",748,4.01069518716578
"13691",8,"NY",2990,2.67558528428094
"13692",1,"NY",222,4.5045045045045
"13693",1,"NY",423,2.36406619385343
"13694",1,"NY",1442,0.693481276005548
"13695",1,"NY",157,6.36942675159236
"13696",1,"NY",181,5.52486187845304
"13697",3,"NY",1898,1.58061116965227
"13730",7,"NY",2679,2.61291526689063
"13731",4,"NY",1038,3.85356454720617
"13732",23,"NY",7385,3.1144211238998
"13733",6,"NY",5076,1.18203309692671
"13734",3,"NY",2269,1.32216835610401
"13736",5,"NY",1936,2.58264462809917
"13739",5,"NY",833,6.00240096038415
"13740",4,"NY",626,6.38977635782748
"13743",8,"NY",3077,2.59993500162496
"13744",4,"NY",1125,3.55555555555556
"13746",5,"NY",2535,1.9723865877712
"13748",6,"NY",3738,1.60513643659711
"13750",4,"NY",896,4.46428571428571
"13751",2,"NY",297,6.73400673400673
"13752",2,"NY",858,2.33100233100233
"13753",11,"NY",5696,1.9311797752809
"13754",8,"NY",2768,2.89017341040462
"13755",3,"NY",652,4.60122699386503
"13756",1,"NY",697,1.43472022955524
"13757",4,"NY",1130,3.53982300884956
"13760",159,"NY",42896,3.70663931368892
"13778",10,"NY",5351,1.86880956830499
"13780",2,"NY",968,2.06611570247934
"13782",3,"NY",936,3.2051282051282
"13783",7,"NY",2035,3.43980343980344
"13787",4,"NY",2432,1.64473684210526
"13788",3,"NY",997,3.00902708124373
"13790",51,"NY",18739,2.72159667004643
"13795",5,"NY",3681,1.35832654170062
"13796",4,"NY",1210,3.30578512396694
"13797",6,"NY",2119,2.83152430391694
"13801",3,"NY",1545,1.94174757281553
"13802",3,"NY",729,4.11522633744856
"13803",2,"NY",4273,0.468055230517201
"13807",4,"NY",1218,3.28407224958949
"13808",5,"NY",1581,3.16255534471853
"13809",3,"NY",1410,2.12765957446809
"13811",7,"NY",4127,1.6961473225103
"13812",3,"NY",2574,1.16550116550117
"13813",2,"NY",997,2.00601805416249
"13815",18,"NY",12654,1.42247510668563
"13820",57,"NY",23056,2.47224149895906
"13825",11,"NY",2903,3.78918360316914
"13827",35,"NY",11832,2.95807978363759
"13830",14,"NY",4597,3.04546443332608
"13832",3,"NY",448,6.69642857142857
"13833",15,"NY",4190,3.5799522673031
"13835",2,"NY",1184,1.68918918918919
"13838",9,"NY",4251,2.11714890613973
"13841",2,"NY",385,5.1948051948052
"13842",1,"NY",582,1.71821305841924
"13843",2,"NY",2038,0.98135426889107
"13844",1,"NY",555,1.8018018018018
"13846",1,"NY",308,3.24675324675325
"13849",2,"NY",4427,0.451773209848656
"13850",128,"NY",23689,5.40335176664275
"13856",13,"NY",5881,2.2105084169359
"13859",1,"NY",56,17.8571428571429
"13861",6,"NY",462,12.987012987013
"13862",14,"NY",3440,4.06976744186047
"13863",2,"NY",382,5.23560209424084
"13864",6,"NY",1099,5.45950864422202
"13865",15,"NY",5610,2.67379679144385
"13901",60,"NY",19613,3.05919543160149
"13902",5,"NY",7449,0.671231037723184
"13903",59,"NY",17569,3.35818771700154
"13904",29,"NY",9221,3.14499511983516
"13905",83,"NY",27988,2.96555666714306
"14001",37,"NY",8937,4.1400917533848
"14004",32,"NY",11396,2.80800280800281
"14006",23,"NY",9260,2.48380129589633
"14008",3,"NY",1423,2.10822206605762
"14009",9,"NY",5748,1.56576200417537
"14011",16,"NY",8122,1.96995813838956
"14012",5,"NY",2911,1.71762281003092
"14013",6,"NY",1423,4.21644413211525
"14020",49,"NY",22002,2.22707026633942
"14024",4,"NY",1773,2.25606316976875
"14025",14,"NY",3243,4.31699044094974
"14026",5,"NY",617,8.10372771474878
"14028",4,"NY",1257,3.18217979315831
"14030",5,"NY",2067,2.41896468311563
"14031",109,"NY",9885,11.0268082953971
"14032",80,"NY",10222,7.82625709254549
"14033",7,"NY",1539,4.54840805717999
"14034",3,"NY",2086,1.43815915627996
"14036",15,"NY",5782,2.59425804219993
"14037",1,"NY",904,1.10619469026549
"14039",2,"NY",117,17.0940170940171
"14040",4,"NY",1974,2.02634245187437
"14042",4,"NY",3967,1.00831862868666
"14043",96,"NY",25098,3.82500597657184
"14047",24,"NY",6013,3.99135207051389
"14048",23,"NY",14739,1.56048578600991
"14051",196,"NY",19739,9.92958103247378
"14052",105,"NY",17514,5.99520383693046
"14054",5,"NY",1391,3.59453630481668
"14055",6,"NY",1418,4.23131170662906
"14056",1,"NY",162,6.17283950617284
"14057",18,"NY",7972,2.25790265930758
"14058",7,"NY",2370,2.9535864978903
"14059",61,"NY",9138,6.67542131757496
"14062",2,"NY",3266,0.612369871402327
"14063",38,"NY",12575,3.02186878727634
"14065",2,"NY",1597,1.25234815278647
"14066",3,"NY",991,3.02724520686176
"14067",7,"NY",3976,1.76056338028169
"14068",38,"NY",8636,4.40018527095878
"14069",5,"NY",443,11.2866817155756
"14070",3,"NY",5001,0.599880023995201
"14072",127,"NY",21488,5.9102755026061
"14075",186,"NY",44520,4.17789757412399
"14080",9,"NY",4444,2.02520252025203
"14081",6,"NY",2742,2.18818380743982
"14082",1,"NY",485,2.06185567010309
"14085",28,"NY",8531,3.28214746219669
"14086",181,"NY",35635,5.0792759927038
"14091",3,"NY",1316,2.27963525835866
"14092",52,"NY",10247,5.07465599687713
"14094",196,"NY",50153,3.90804139333639
"14098",5,"NY",2707,1.8470631695604
"14101",1,"NY",1997,0.500751126690035
"14102",4,"NY",1856,2.1551724137931
"14103",17,"NY",10810,1.57261794634598
"14105",12,"NY",5313,2.25861095426313
"14108",10,"NY",5713,1.75039383861369
"14111",3,"NY",3186,0.941619585687382
"14113",1,"NY",709,1.41043723554302
"14120",172,"NY",44241,3.88779638796591
"14125",4,"NY",3648,1.09649122807018
"14126",2,"NY",109,18.348623853211
"14127",227,"NY",31543,7.19652537805535
"14129",7,"NY",1236,5.66343042071197
"14131",19,"NY",5252,3.61766945925362
"14132",21,"NY",6453,3.25430032543003
"14135",1,"NY",90,11.1111111111111
"14136",11,"NY",5450,2.01834862385321
"14138",9,"NY",2046,4.39882697947214
"14139",11,"NY",2113,5.20586843350686
"14141",18,"NY",7603,2.36748651847955
"14143",4,"NY",1216,3.28947368421053
"14145",1,"NY",1185,0.843881856540084
"14150",157,"NY",41260,3.80513814832768
"14166",2,"NY",173,11.5606936416185
"14167",4,"NY",1804,2.21729490022173
"14168",1,"NY",50,20
"14170",16,"NY",2292,6.98080279232112
"14171",4,"NY",1611,2.48292985723153
"14172",11,"NY",3091,3.55871886120996
"14174",30,"NY",5669,5.29193861351208
"14201",35,"NY",12369,2.82965478211658
"14202",25,"NY",3862,6.47332988089073
"14203",28,"NY",2424,11.5511551155116
"14204",16,"NY",7932,2.01714573877963
"14206",39,"NY",21631,1.8029679626462
"14207",29,"NY",26327,1.10153074790139
"14208",14,"NY",12572,1.11358574610245
"14209",45,"NY",8313,5.41320822807651
"14210",21,"NY",15563,1.34935423761486
"14211",27,"NY",24663,1.09475732879212
"14212",17,"NY",13299,1.27829160087225
"14213",48,"NY",24107,1.99112291035799
"14214",84,"NY",21314,3.941071596134
"14215",53,"NY",42524,1.24635499952968
"14216",95,"NY",22849,4.15773119173706
"14217",79,"NY",22471,3.51564238351653
"14218",54,"NY",20312,2.65852697912564
"14219",22,"NY",10652,2.06533984228314
"14220",56,"NY",24428,2.29245128541019
"14221",463,"NY",55255,8.37933218713239
"14222",73,"NY",15311,4.76781398994187
"14223",90,"NY",22611,3.98036353986998
"14224",131,"NY",41219,3.17814600063078
"14225",113,"NY",33620,3.36109458655562
"14226",175,"NY",29159,6.00157755752941
"14227",64,"NY",20621,3.10363221958198
"14228",143,"NY",25350,5.64102564102564
"14260",10,"NY",924,10.8225108225108
"14301",13,"NY",10923,1.190149226403
"14302",2,"NY",189,10.5820105820106
"14303",5,"NY",6156,0.812215724496426
"14304",92,"NY",29208,3.1498219665845
"14305",24,"NY",16696,1.43747005270724
"14411",28,"NY",12429,2.25279588060182
"14414",31,"NY",6576,4.71411192214112
"14416",14,"NY",3960,3.53535353535354
"14418",5,"NY",1149,4.35161009573542
"14420",70,"NY",20375,3.43558282208589
"14422",8,"NY",1809,4.42233278054174
"14423",11,"NY",4947,2.22356984030726
"14424",214,"NY",28786,7.43416938789689
"14425",79,"NY",13839,5.70850494977961
"14427",5,"NY",1720,2.90697674418605
"14428",53,"NY",8127,6.52147163775071
"14432",21,"NY",5518,3.80572671257702
"14433",9,"NY",4404,2.04359673024523
"14435",19,"NY",2512,7.56369426751592
"14437",21,"NY",8984,2.33748886910062
"14441",1,"NY",308,3.24675324675325
"14445",46,"NY",7529,6.10970912471776
"14450",449,"NY",42750,10.5029239766082
"14454",36,"NY",11127,3.2353734160151
"14456",74,"NY",19756,3.74569750961733
"14462",1,"NY",877,1.14025085518814
"14464",25,"NY",6755,3.70096225018505
"14466",6,"NY",1754,3.42075256556442
"14467",64,"NY",10168,6.29425649095201
"14468",86,"NY",18526,4.64212458166901
"14469",25,"NY",6008,4.16111850865513
"14470",13,"NY",7758,1.67568961072441
"14471",13,"NY",2727,4.76714338100477
"14472",119,"NY",9039,13.1651731386215
"14475",8,"NY",215,37.2093023255814
"14476",6,"NY",2443,2.4559967253377
"14477",4,"NY",1706,2.34466588511137
"14478",7,"NY",1391,5.03235082674335
"14480",2,"NY",520,3.84615384615385
"14481",3,"NY",1640,1.82926829268293
"14482",29,"NY",8339,3.47763520805852
"14485",17,"NY",4153,4.093426438719
"14486",2,"NY",444,4.5045045045045
"14487",35,"NY",5492,6.37290604515659
"14489",15,"NY",6897,2.17485863418878
"14502",62,"NY",10831,5.7243098513526
"14504",8,"NY",1631,4.90496627835684
"14505",13,"NY",5138,2.53016738030362
"14506",12,"NY",923,13.0010834236186
"14507",4,"NY",1292,3.09597523219814
"14510",13,"NY",4754,2.73453933529659
"14511",1,"NY",548,1.82481751824818
"14512",32,"NY",4852,6.59521846661171
"14513",43,"NY",13375,3.21495327102804
"14514",29,"NY",6572,4.41265976871576
"14516",9,"NY",2185,4.11899313501144
"14517",11,"NY",2388,4.60636515912898
"14519",77,"NY",12642,6.09080841638981
"14521",6,"NY",2594,2.3130300693909
"14522",26,"NY",9121,2.85056463107115
"14525",9,"NY",2608,3.45092024539877
"14526",169,"NY",19629,8.60971012277752
"14527",43,"NY",12677,3.39196970892167
"14530",12,"NY",5553,2.16099405726634
"14532",17,"NY",4165,4.08163265306122
"14533",7,"NY",1538,4.55136540962289
"14534",600,"NY",33230,18.0559735179055
"14536",1,"NY",659,1.51745068285281
"14539",1,"NY",102,9.80392156862745
"14541",10,"NY",3713,2.69323996768112
"14542",1,"NY",32,31.25
"14543",26,"NY",3717,6.99488835082055
"14544",9,"NY",2371,3.79586672290173
"14546",25,"NY",4450,5.61797752808989
"14548",11,"NY",3821,2.87882753205967
"14550",1,"NY",1301,0.768639508070715
"14551",13,"NY",5063,2.56764763973929
"14555",7,"NY",1165,6.00858369098713
"14559",112,"NY",17200,6.51162790697674
"14560",2,"NY",2412,0.829187396351575
"14561",7,"NY",2081,3.36376741950985
"14564",221,"NY",16364,13.505255438768
"14568",20,"NY",5547,3.60555255092843
"14569",11,"NY",6430,1.71073094867807
"14571",4,"NY",1190,3.36134453781513
"14572",8,"NY",4817,1.66078472078057
"14580",407,"NY",54180,7.51199704688077
"14586",111,"NY",13291,8.35151606350162
"14589",34,"NY",7967,4.26760386594703
"14590",8,"NY",5191,1.54112887690233
"14591",6,"NY",1495,4.0133779264214
"14592",2,"NY",143,13.986013986014
"14604",26,"NY",3251,7.99753921870194
"14605",15,"NY",11783,1.27302045319528
"14606",90,"NY",25538,3.52416007518208
"14607",106,"NY",17891,5.92476664244592
"14608",27,"NY",12792,2.11069418386492
"14609",166,"NY",40274,4.12176590356061
"14610",166,"NY",14311,11.5994689399762
"14611",17,"NY",17145,0.991542723826188
"14612",154,"NY",35152,4.38097405553027
"14613",24,"NY",15047,1.59500232604506
"14614",12,"NY",1158,10.3626943005181
"14615",53,"NY",17884,2.9635428315813
"14616",105,"NY",26863,3.9087220340245
"14617",132,"NY",21788,6.0583807600514
"14618",293,"NY",25476,11.5010205683781
"14619",28,"NY",13477,2.0776137122505
"14620",163,"NY",23769,6.85767175733098
"14621",30,"NY",32381,0.92646922578055
"14622",57,"NY",12574,4.53316367106728
"14623",190,"NY",26032,7.29870928088507
"14624",201,"NY",38626,5.20374877025838
"14625",127,"NY",10717,11.8503312494168
"14626",168,"NY",29273,5.73907696512144
"14627",4,"NY",3159,1.26622348844571
"14701",60,"NY",38461,1.56002184030576
"14706",6,"NY",5939,1.01027108940899
"14709",3,"NY",1201,2.49791840133222
"14710",6,"NY",2980,2.01342281879195
"14711",3,"NY",2063,1.45419292292778
"14712",18,"NY",3262,5.51808706315144
"14715",1,"NY",2484,0.402576489533011
"14716",1,"NY",2453,0.40766408479413
"14717",1,"NY",586,1.70648464163823
"14718",2,"NY",1854,1.07874865156419
"14719",3,"NY",3448,0.870069605568445
"14722",5,"NY",243,20.5761316872428
"14723",2,"NY",1187,1.6849199663016
"14724",2,"NY",3115,0.642054574638844
"14726",1,"NY",2494,0.400962309542903
"14727",10,"NY",4925,2.03045685279188
"14728",5,"NY",842,5.93824228028504
"14731",11,"NY",1226,8.97226753670473
"14732",2,"NY",48,41.6666666666667
"14733",10,"NY",3367,2.97000297000297
"14735",3,"NY",2575,1.16504854368932
"14736",2,"NY",172,11.6279069767442
"14737",4,"NY",4376,0.914076782449726
"14738",4,"NY",3578,1.11794298490777
"14739",1,"NY",2731,0.366166239472721
"14740",1,"NY",1269,0.788022064617809
"14741",1,"NY",1805,0.554016620498615
"14742",2,"NY",72,27.7777777777778
"14743",3,"NY",2037,1.47275405007364
"14744",2,"NY",2188,0.914076782449726
"14747",3,"NY",2005,1.49625935162095
"14748",1,"NY",446,2.24215246636771
"14750",15,"NY",4508,3.32741792369122
"14752",1,"NY",62,16.1290322580645
"14754",2,"NY",586,3.41296928327645
"14755",4,"NY",2919,1.3703323055841
"14757",8,"NY",3114,2.56904303147078
"14760",31,"NY",17474,1.77406432413872
"14767",1,"NY",2061,0.485201358563804
"14769",2,"NY",757,2.64200792602378
"14770",1,"NY",2621,0.381533765738268
"14772",3,"NY",4394,0.682749203459263
"14775",3,"NY",2328,1.28865979381443
"14779",6,"NY",6738,0.890471950133571
"14781",3,"NY",1796,1.67037861915367
"14782",3,"NY",2099,1.4292520247737
"14784",1,"NY",805,1.24223602484472
"14787",10,"NY",4771,2.09599664640537
"14801",7,"NY",5275,1.32701421800948
"14802",8,"NY",4814,1.66181969256336
"14803",5,"NY",1514,3.30250990752972
"14804",1,"NY",1362,0.734214390602056
"14805",5,"NY",801,6.24219725343321
"14806",4,"NY",1912,2.09205020920502
"14807",4,"NY",2681,1.49198060425214
"14809",2,"NY",2890,0.692041522491349
"14810",21,"NY",11534,1.82070400554881
"14812",8,"NY",2954,2.708192281652
"14813",3,"NY",2480,1.20967741935484
"14814",5,"NY",2152,2.32342007434944
"14815",1,"NY",678,1.47492625368732
"14816",3,"NY",534,5.61797752808989
"14817",21,"NY",2479,8.47115772488907
"14818",10,"NY",1878,5.3248136315229
"14821",8,"NY",2958,2.70453008789723
"14822",2,"NY",851,2.35017626321974
"14823",6,"NY",3610,1.66204986149584
"14824",2,"NY",687,2.91120815138282
"14826",2,"NY",2035,0.982800982800983
"14830",76,"NY",19015,3.99684459637129
"14837",5,"NY",5801,0.861920358558869
"14838",2,"NY",1889,1.05876124933827
"14840",17,"NY",2425,7.01030927835052
"14841",7,"NY",698,10.0286532951289
"14842",3,"NY",802,3.74064837905237
"14843",32,"NY",12383,2.58418799967698
"14845",108,"NY",20327,5.31313031927978
"14847",9,"NY",2300,3.91304347826087
"14850",679,"NY",68610,9.89651654277802
"14853",12,"NY",2405,4.98960498960499
"14855",1,"NY",992,1.00806451612903
"14858",4,"NY",1425,2.80701754385965
"14859",2,"NY",979,2.04290091930541
"14860",8,"NY",1197,6.68337510442774
"14861",2,"NY",1260,1.58730158730159
"14864",3,"NY",1197,2.5062656641604
"14865",12,"NY",2421,4.95662949194548
"14867",34,"NY",5149,6.60322392697611
"14869",2,"NY",982,2.03665987780041
"14870",42,"NY",9795,4.28790199081164
"14871",12,"NY",4207,2.85238887568338
"14873",3,"NY",1945,1.54241645244216
"14874",2,"NY",209,9.56937799043062
"14879",3,"NY",2160,1.38888888888889
"14881",3,"NY",117,25.6410256410256
"14882",27,"NY",4191,6.44237652111668
"14883",16,"NY",4184,3.82409177820268
"14884",2,"NY",362,5.52486187845304
"14886",86,"NY",6652,12.9284425736621
"14889",2,"NY",1357,1.47383935151069
"14891",19,"NY",4561,4.16575312431484
"14892",13,"NY",7703,1.6876541607166
"14894",1,"NY",1244,0.803858520900322
"14895",18,"NY",9061,1.9865357024611
"14901",19,"NY",13970,1.36005726556908
"14903",29,"NY",7078,4.09720259960441
"14904",13,"NY",14861,0.874772895498284
"14905",38,"NY",8751,4.34236087304308
"15001",174,"PA",31976,5.44158118588942
"15003",44,"PA",11387,3.86405550188812
"15004",1,"PA",217,4.60829493087558
"15005",176,"PA",9570,18.3908045977011
"15006",2,"PA",180,11.1111111111111
"15007",2,"PA",256,7.8125
"15009",140,"PA",15565,8.99453902987472
"15010",155,"PA",28542,5.43059351131666
"15012",121,"PA",15412,7.85102517518817
"15014",6,"PA",3095,1.93861066235864
"15015",37,"PA",1291,28.6599535243997
"15017",259,"PA",17782,14.5652907434484
"15018",4,"PA",712,5.61797752808989
"15019",5,"PA",1056,4.73484848484849
"15020",2,"PA",481,4.15800415800416
"15021",34,"PA",7110,4.78199718706048
"15022",37,"PA",9959,3.71523245305754
"15024",96,"PA",9325,10.2949061662198
"15025",147,"PA",16939,8.67819824074621
"15026",34,"PA",4175,8.1437125748503
"15027",9,"PA",2258,3.98582816651904
"15028",2,"PA",128,15.625
"15030",2,"PA",1018,1.96463654223969
"15031",2,"PA",382,5.23560209424084
"15033",14,"PA",4572,3.06211723534558
"15034",4,"PA",1643,2.43457090687766
"15035",9,"PA",2002,4.4955044955045
"15037",54,"PA",10417,5.18383411730825
"15038",2,"PA",279,7.16845878136201
"15042",43,"PA",7733,5.56058450795293
"15043",4,"PA",2253,1.77541056369285
"15044",600,"PA",27370,21.9218122031421
"15045",12,"PA",4368,2.74725274725275
"15046",14,"PA",2141,6.53900046707146
"15047",2,"PA",203,9.85221674876847
"15049",3,"PA",974,3.08008213552361
"15050",6,"PA",2155,2.78422273781903
"15051",2,"PA",329,6.0790273556231
"15052",15,"PA",2873,5.22102332057083
"15053",0,"PA",127,0
"15054",1,"PA",352,2.84090909090909
"15055",20,"PA",1403,14.2551674982181
"15056",7,"PA",1041,6.72430355427474
"15057",360,"PA",16583,21.7089790749563
"15059",7,"PA",4070,1.71990171990172
"15060",4,"PA",853,4.68933177022274
"15061",90,"PA",12413,7.25046322403931
"15062",27,"PA",6780,3.98230088495575
"15063",48,"PA",10525,4.56057007125891
"15064",5,"PA",360,13.8888888888889
"15065",41,"PA",10894,3.76353956306224
"15066",43,"PA",12048,3.56905710491368
"15067",8,"PA",2142,3.73482726423903
"15068",194,"PA",36203,5.3586719332652
"15071",146,"PA",12663,11.5296533206981
"15072",1,"PA",42,23.8095238095238
"15074",30,"PA",8550,3.50877192982456
"15075",2,"PA",22,90.9090909090909
"15076",4,"PA",1010,3.96039603960396
"15077",0,"PA",154,0
"15078",0,"PA",714,0
"15081",0,"PA",404,0
"15082",0,"PA",275,0
"15083",3,"PA",913,3.28587075575027
"15084",51,"PA",9743,5.23452735297136
"15085",54,"PA",8062,6.69808980401885
"15086",38,"PA",788,48.2233502538071
"15087",0,"PA",85,0
"15088",11,"PA",344,31.9767441860465
"15089",26,"PA",6789,3.82972455442628
"15090",796,"PA",25763,30.8970228622443
"15101",359,"PA",26036,13.7886003994469
"15102",302,"PA",30344,9.95254416029528
"15104",17,"PA",8034,2.1160069703759
"15106",156,"PA",19244,8.10642278112659
"15108",522,"PA",42799,12.1965466482862
"15110",5,"PA",5149,0.971062342202369
"15112",4,"PA",3655,1.09439124487004
"15116",138,"PA",14461,9.542908512551
"15120",96,"PA",18029,5.3247545620944
"15122",97,"PA",18816,5.15518707482993
"15126",74,"PA",7276,10.1704233095107
"15129",98,"PA",10789,9.083325609417
"15131",49,"PA",8209,5.96905835059082
"15132",42,"PA",18898,2.22245740289978
"15133",19,"PA",6112,3.1086387434555
"15135",28,"PA",4859,5.76250257254579
"15136",181,"PA",22623,8.00070724483932
"15137",30,"PA",10043,2.98715523250025
"15139",119,"PA",6702,17.7558937630558
"15140",11,"PA",3032,3.62796833773087
"15142",66,"PA",1513,43.6219431592862
"15143",734,"PA",21851,33.591139993593
"15144",6,"PA",3771,1.59108989657916
"15145",20,"PA",6695,2.98730395817774
"15146",276,"PA",28332,9.7416349004659
"15147",86,"PA",15798,5.44372705405747
"15148",6,"PA",2351,2.5521054870268
"15201",227,"PA",13333,17.0254256356409
"15202",141,"PA",19564,7.20711510938458
"15203",127,"PA",10370,12.2468659594986
"15204",36,"PA",8467,4.25180111019251
"15205",238,"PA",24060,9.89193682460515
"15206",462,"PA",29056,15.9003303964758
"15207",73,"PA",10961,6.65997627953654
"15208",167,"PA",10094,16.5444818704181
"15209",79,"PA",12328,6.40817650876054
"15210",94,"PA",25227,3.72616640900622
"15211",110,"PA",10728,10.2535421327368
"15212",228,"PA",27652,8.24533487631998
"15213",176,"PA",30466,5.77693166152432
"15214",89,"PA",14048,6.33542141230068
"15215",280,"PA",11907,23.5155790711346
"15216",219,"PA",21471,10.1998043873131
"15217",663,"PA",25795,25.7026555534018
"15218",194,"PA",13379,14.5003363480081
"15219",174,"PA",11376,15.295358649789
"15220",186,"PA",17644,10.5418272500567
"15221",262,"PA",29374,8.91945257710901
"15222",174,"PA",5725,30.3930131004367
"15223",44,"PA",6255,7.0343725019984
"15224",76,"PA",10665,7.12611345522738
"15225",8,"PA",1085,7.37327188940092
"15226",77,"PA",13999,5.50039288520609
"15227",148,"PA",28460,5.20028109627548
"15228",399,"PA",18236,21.87979820136
"15229",136,"PA",15188,8.95443771398472
"15232",211,"PA",11349,18.591946426998
"15233",104,"PA",2596,40.0616332819723
"15234",102,"PA",14014,7.27843584986442
"15235",244,"PA",33951,7.18682807575624
"15236",227,"PA",31313,7.24938523935746
"15237",729,"PA",43588,16.7247866385244
"15238",498,"PA",12868,38.7006527820951
"15239",171,"PA",21410,7.98692199906586
"15241",592,"PA",22294,26.5542298376245
"15243",257,"PA",13456,19.0992865636147
"15275",4,"PA",86,46.5116279069767
"15282",0,"PA",5772,0
"15301",302,"PA",50348,5.99825216493207
"15310",0,"PA",296,0
"15311",1,"PA",843,1.18623962040332
"15312",7,"PA",3603,1.9428254232584
"15313",0,"PA",422,0
"15314",13,"PA",3545,3.66713681241185
"15315",0,"PA",1078,0
"15316",0,"PA",231,0
"15317",731,"PA",43871,16.6624877481708
"15320",21,"PA",4558,4.60728389644581
"15321",9,"PA",2025,4.44444444444444
"15322",6,"PA",1892,3.17124735729387
"15323",11,"PA",3860,2.84974093264249
"15324",1,"PA",662,1.51057401812689
"15325",1,"PA",269,3.71747211895911
"15327",3,"PA",1092,2.74725274725275
"15329",4,"PA",1390,2.87769784172662
"15330",79,"PA",6023,13.1163871824672
"15331",0,"PA",891,0
"15332",56,"PA",7678,7.29356603282105
"15333",6,"PA",1883,3.18640467339352
"15334",0,"PA",339,0
"15337",1,"PA",474,2.10970464135021
"15338",2,"PA",1356,1.47492625368732
"15340",6,"PA",1524,3.93700787401575
"15341",4,"PA",664,6.02409638554217
"15342",29,"PA",5097,5.68962134588974
"15344",5,"PA",1541,3.24464633354964
"15345",4,"PA",1547,2.58564964447317
"15346",0,"PA",509,0
"15347",3,"PA",350,8.57142857142857
"15348",4,"PA",39,102.564102564103
"15349",5,"PA",1498,3.33778371161549
"15350",1,"PA",373,2.68096514745308
"15351",0,"PA",1306,0
"15352",3,"PA",635,4.7244094488189
"15353",0,"PA",67,0
"15357",7,"PA",1572,4.4529262086514
"15358",4,"PA",1025,3.90243902439024
"15359",0,"PA",330,0
"15360",18,"PA",1690,10.6508875739645
"15361",0,"PA",107,0
"15362",1,"PA",550,1.81818181818182
"15363",2,"PA",605,3.30578512396694
"15364",4,"PA",628,6.36942675159236
"15365",1,"PA",145,6.89655172413793
"15366",1,"PA",550,1.81818181818182
"15367",237,"PA",9906,23.9248940036342
"15368",0,"PA",353,0
"15370",28,"PA",13462,2.07992868815926
"15376",7,"PA",1441,4.85773768216516
"15377",1,"PA",614,1.62866449511401
"15379",0,"PA",64,0
"15380",0,"PA",730,0
"15401",142,"PA",29942,4.74250217086367
"15410",2,"PA",728,2.74725274725275
"15411",2,"PA",695,2.87769784172662
"15412",1,"PA",208,4.80769230769231
"15413",1,"PA",526,1.90114068441065
"15416",0,"PA",531,0
"15417",20,"PA",7363,2.7162841233193
"15419",8,"PA",3421,2.33849751534639
"15420",0,"PA",129,0
"15421",2,"PA",207,9.66183574879227
"15422",0,"PA",302,0
"15423",10,"PA",1846,5.41711809317443
"15424",7,"PA",2011,3.4808552958727
"15425",86,"PA",17545,4.9016813907096
"15427",2,"PA",789,2.53485424588086
"15428",10,"PA",1763,5.67214974475326
"15429",1,"PA",551,1.81488203266788
"15430",1,"PA",224,4.46428571428571
"15431",15,"PA",4661,3.21819352070371
"15432",1,"PA",326,3.06748466257669
"15433",2,"PA",550,3.63636363636364
"15434",0,"PA",280,0
"15435",2,"PA",85,23.5294117647059
"15436",4,"PA",1750,2.28571428571429
"15437",13,"PA",2518,5.16282764098491
"15438",7,"PA",1915,3.65535248041775
"15440",1,"PA",297,3.36700336700337
"15442",6,"PA",2596,2.31124807395994
"15443",0,"PA",89,0
"15444",0,"PA",1066,0
"15445",25,"PA",2314,10.8038029386344
"15446",1,"PA",35,28.5714285714286
"15447",0,"PA",73,0
"15448",0,"PA",150,0
"15449",0,"PA",632,0
"15450",0,"PA",2252,0
"15451",4,"PA",675,5.92592592592593
"15454",1,"PA",313,3.19488817891374
"15455",0,"PA",332,0
"15456",17,"PA",2534,6.70876085240726
"15458",10,"PA",2620,3.81679389312977
"15459",5,"PA",1861,2.68672756582483
"15460",0,"PA",89,0
"15461",10,"PA",3792,2.63713080168776
"15462",1,"PA",80,12.5
"15463",1,"PA",59,16.9491525423729
"15464",4,"PA",1564,2.55754475703325
"15465",0,"PA",508,0
"15466",1,"PA",413,2.42130750605327
"15467",0,"PA",52,0
"15468",4,"PA",2211,1.80913613749435
"15469",3,"PA",2377,1.2620950778292
"15470",11,"PA",601,18.3028286189684
"15472",1,"PA",166,6.02409638554217
"15473",15,"PA",3422,4.38340151957919
"15474",6,"PA",2456,2.44299674267101
"15475",2,"PA",944,2.11864406779661
"15476",0,"PA",10,0
"15477",0,"PA",733,0
"15478",14,"PA",5560,2.51798561151079
"15479",10,"PA",2010,4.97512437810945
"15480",9,"PA",1766,5.09626274065685
"15482",0,"PA",456,0
"15483",1,"PA",291,3.43642611683849
"15484",1,"PA",792,1.26262626262626
"15486",3,"PA",2027,1.48001973359645
"15488",1,"PA",74,13.5135135135135
"15489",0,"PA",146,0
"15490",0,"PA",659,0
"15492",0,"PA",173,0
"15501",79,"PA",16240,4.86453201970443
"15502",10,"PA",113,88.4955752212389
"15520",0,"PA",301,0
"15521",3,"PA",1712,1.75233644859813
"15522",50,"PA",11111,4.50004500045
"15530",14,"PA",5299,2.64200792602378
"15531",10,"PA",3603,2.77546489036914
"15532",2,"PA",107,18.6915887850467
"15533",3,"PA",1222,2.45499181669394
"15534",3,"PA",884,3.39366515837104
"15535",8,"PA",1994,4.01203610832497
"15536",0,"PA",397,0
"15537",16,"PA",8083,1.97946307064209
"15538",2,"PA",867,2.30680507497117
"15539",1,"PA",158,6.32911392405063
"15540",0,"PA",418,0
"15541",9,"PA",3112,2.89203084832905
"15542",4,"PA",1088,3.67647058823529
"15544",0,"PA",274,0
"15545",5,"PA",2562,1.95160031225605
"15546",0,"PA",437,0
"15547",0,"PA",862,0
"15550",4,"PA",1658,2.41254523522316
"15551",2,"PA",609,3.28407224958949
"15552",7,"PA",5685,1.23131046613896
"15554",4,"PA",2726,1.46735143066764
"15555",0,"PA",69,0
"15557",8,"PA",3323,2.40746313572073
"15558",1,"PA",1960,0.510204081632653
"15559",6,"PA",2084,2.87907869481766
"15560",1,"PA",142,7.04225352112676
"15561",0,"PA",179,0
"15562",2,"PA",344,5.81395348837209
"15563",8,"PA",2824,2.8328611898017
"15564",0,"PA",86,0
"15565",0,"PA",25,0
"15601",404,"PA",56425,7.15994683207798
"15610",13,"PA",3988,3.25977933801404
"15611",2,"PA",241,8.29875518672199
"15612",1,"PA",443,2.25733634311512
"15613",59,"PA",12854,4.59001089155127
"15615",2,"PA",148,13.5135135135135
"15616",1,"PA",363,2.75482093663912
"15617",2,"PA",262,7.63358778625954
"15618",5,"PA",2386,2.09555741827326
"15619",3,"PA",488,6.14754098360656
"15620",1,"PA",801,1.24843945068664
"15622",18,"PA",682,26.3929618768328
"15623",13,"PA",1135,11.4537444933921
"15624",2,"PA",218,9.1743119266055
"15625",0,"PA",58,0
"15626",51,"PA",5129,9.9434587638916
"15627",22,"PA",6167,3.56737473650073
"15628",1,"PA",458,2.18340611353712
"15629",1,"PA",631,1.58478605388273
"15631",6,"PA",672,8.92857142857143
"15632",132,"PA",8377,15.7574310612391
"15633",1,"PA",682,1.46627565982405
"15634",5,"PA",421,11.8764845605701
"15635",1,"PA",228,4.3859649122807
"15636",48,"PA",3560,13.4831460674157
"15637",4,"PA",1821,2.19659527732015
"15638",1,"PA",104,9.61538461538462
"15639",12,"PA",2160,5.55555555555556
"15640",0,"PA",355,0
"15641",2,"PA",464,4.31034482758621
"15642",423,"PA",46325,9.13113869400972
"15644",132,"PA",18512,7.1305099394987
"15646",3,"PA",161,18.6335403726708
"15647",1,"PA",49,20.4081632653061
"15650",128,"PA",26312,4.86470051687443
"15655",4,"PA",357,11.2044817927171
"15656",54,"PA",9506,5.68062276456975
"15658",57,"PA",8115,7.02402957486137
"15660",1,"PA",299,3.34448160535117
"15661",0,"PA",858,0
"15662",0,"PA",969,0
"15663",2,"PA",377,5.30503978779841
"15665",10,"PA",1339,7.46825989544436
"15666",59,"PA",15980,3.69211514392991
"15668",202,"PA",14584,13.8507953922106
"15670",11,"PA",3675,2.99319727891156
"15671",1,"PA",671,1.4903129657228
"15672",23,"PA",3321,6.92562481180367
"15673",4,"PA",1156,3.46020761245675
"15674",1,"PA",158,6.32911392405063
"15675",2,"PA",1290,1.55038759689922
"15676",0,"PA",544,0
"15677",1,"PA",516,1.93798449612403
"15678",3,"PA",472,6.35593220338983
"15679",7,"PA",2781,2.5170801869831
"15680",0,"PA",230,0
"15681",20,"PA",4698,4.2571306939123
"15682",0,"PA",234,0
"15683",24,"PA",7643,3.14012822190239
"15684",4,"PA",201,19.9004975124378
"15686",2,"PA",1102,1.81488203266788
"15687",8,"PA",1241,6.4464141821112
"15688",5,"PA",612,8.16993464052288
"15689",0,"PA",92,0
"15690",24,"PA",8985,2.67111853088481
"15691",1,"PA",302,3.3112582781457
"15692",5,"PA",992,5.04032258064516
"15693",0,"PA",277,0
"15695",2,"PA",181,11.0497237569061
"15696",1,"PA",218,4.58715596330275
"15697",6,"PA",2877,2.08550573514077
"15698",1,"PA",789,1.26742712294043
"15701",126,"PA",31269,4.02955003357958
"15705",0,"PA",3101,0
"15710",1,"PA",188,5.31914893617021
"15711",0,"PA",322,0
"15712",1,"PA",42,23.8095238095238
"15713",0,"PA",131,0
"15714",56,"PA",5205,10.7588856868396
"15715",0,"PA",505,0
"15716",1,"PA",369,2.710027100271
"15717",23,"PA",9206,2.4983706278514
"15720",0,"PA",382,0
"15721",0,"PA",161,0
"15722",7,"PA",2358,2.96861747243427
"15723",0,"PA",26,0
"15724",1,"PA",2049,0.488042947779405
"15725",2,"PA",979,2.04290091930541
"15727",0,"PA",195,0
"15728",5,"PA",3510,1.42450142450142
"15729",2,"PA",970,2.06185567010309
"15730",0,"PA",142,0
"15731",1,"PA",200,5
"15732",2,"PA",1606,1.2453300124533
"15733",0,"PA",71,0
"15734",0,"PA",176,0
"15736",0,"PA",386,0
"15737",0,"PA",123,0
"15738",0,"PA",186,0
"15739",1,"PA",366,2.73224043715847
"15741",1,"PA",45,22.2222222222222
"15742",3,"PA",929,3.22927879440258
"15744",0,"PA",44,0
"15745",0,"PA",239,0
"15746",0,"PA",105,0
"15747",3,"PA",1641,1.82815356489945
"15748",22,"PA",7343,2.99605066049299
"15750",0,"PA",347,0
"15752",0,"PA",143,0
"15753",1,"PA",463,2.15982721382289
"15754",0,"PA",266,0
"15756",0,"PA",196,0
"15757",2,"PA",1272,1.57232704402516
"15759",8,"PA",2550,3.13725490196078
"15760",1,"PA",127,7.8740157480315
"15761",0,"PA",144,0
"15762",4,"PA",887,4.50958286358512
"15763",0,"PA",15,0
"15764",1,"PA",178,5.61797752808989
"15765",8,"PA",1469,5.44588155207624
"15767",29,"PA",13918,2.08363270584854
"15770",0,"PA",188,0
"15771",1,"PA",903,1.10741971207087
"15772",3,"PA",1556,1.9280205655527
"15773",0,"PA",448,0
"15774",14,"PA",2602,5.380476556495
"15775",0,"PA",513,0
"15776",0,"PA",29,0
"15777",0,"PA",28,0
"15778",0,"PA",367,0
"15779",0,"PA",526,0
"15780",0,"PA",120,0
"15781",2,"PA",89,22.4719101123595
"15783",1,"PA",113,8.84955752212389
"15784",0,"PA",49,0
"15801",80,"PA",20160,3.96825396825397
"15821",1,"PA",74,13.5135135135135
"15823",3,"PA",1266,2.3696682464455
"15824",8,"PA",5115,1.56402737047898
"15825",22,"PA",9426,2.33396987057076
"15827",0,"PA",301,0
"15828",1,"PA",285,3.50877192982456
"15829",2,"PA",1233,1.6220600162206
"15831",0,"PA",58,0
"15832",0,"PA",289,0
"15834",6,"PA",4015,1.49439601494396
"15840",5,"PA",1928,2.59336099585062
"15841",0,"PA",226,0
"15845",7,"PA",3121,2.24287087471964
"15846",13,"PA",3408,3.81455399061033
"15847",1,"PA",65,15.3846153846154
"15848",3,"PA",1085,2.76497695852535
"15849",1,"PA",1369,0.730460189919649
"15851",8,"PA",7059,1.13330500070832
"15853",15,"PA",6420,2.33644859813084
"15856",1,"PA",776,1.28865979381443
"15857",36,"PA",12736,2.82663316582915
"15860",4,"PA",1160,3.44827586206897
"15861",0,"PA",84,0
"15863",0,"PA",159,0
"15864",2,"PA",1789,1.11794298490777
"15865",2,"PA",923,2.16684723726977
"15866",0,"PA",201,0
"15868",1,"PA",1435,0.696864111498258
"15870",4,"PA",1109,3.6068530207394
"15901",10,"PA",3397,2.94377391816309
"15902",32,"PA",11462,2.79183388588379
"15904",84,"PA",16026,5.24148259078997
"15905",116,"PA",19329,6.00134512908066
"15906",20,"PA",9504,2.1043771043771
"15909",19,"PA",4571,4.15663968497047
"15920",3,"PA",695,4.31654676258993
"15921",2,"PA",269,7.43494423791822
"15922",0,"PA",82,0
"15923",8,"PA",1585,5.04731861198738
"15924",5,"PA",740,6.75675675675676
"15925",0,"PA",101,0
"15926",16,"PA",2602,6.14911606456572
"15927",2,"PA",846,2.36406619385343
"15928",8,"PA",2171,3.68493781667434
"15929",1,"PA",112,8.92857142857143
"15930",0,"PA",413,0
"15931",30,"PA",8919,3.36360578540195
"15934",0,"PA",36,0
"15935",12,"PA",2514,4.77326968973747
"15936",4,"PA",1463,2.73410799726589
"15937",0,"PA",543,0
"15938",6,"PA",2312,2.59515570934256
"15940",5,"PA",3841,1.30174433741213
"15942",4,"PA",2185,1.83066361556064
"15943",3,"PA",3925,0.764331210191083
"15944",18,"PA",3063,5.87659157688541
"15945",0,"PA",173,0
"15946",21,"PA",6561,3.20073159579332
"15948",0,"PA",391,0
"15949",4,"PA",716,5.58659217877095
"15951",2,"PA",633,3.15955766192733
"15952",2,"PA",1015,1.97044334975369
"15953",0,"PA",96,0
"15954",9,"PA",2279,3.94910048266784
"15955",11,"PA",2399,4.58524385160484
"15956",7,"PA",2274,3.07827616534741
"15957",0,"PA",262,0
"15958",7,"PA",2260,3.09734513274336
"15960",0,"PA",163,0
"15961",0,"PA",875,0
"15962",0,"PA",391,0
"15963",43,"PA",10132,4.24397947098302
"16001",192,"PA",39234,4.89371463526533
"16002",89,"PA",15587,5.7098864438314
"16020",4,"PA",1169,3.42172797262618
"16022",1,"PA",219,4.5662100456621
"16023",7,"PA",4082,1.71484566389025
"16024",1,"PA",210,4.76190476190476
"16025",22,"PA",4793,4.59002712288754
"16027",1,"PA",423,2.36406619385343
"16028",8,"PA",1981,4.03836446239273
"16029",0,"PA",916,0
"16030",2,"PA",272,7.35294117647059
"16033",60,"PA",8185,7.33048259010385
"16034",3,"PA",1752,1.71232876712329
"16035",0,"PA",252,0
"16036",2,"PA",305,6.55737704918033
"16037",85,"PA",5291,16.0650160650161
"16038",7,"PA",3292,2.12636695018226
"16040",1,"PA",1013,0.987166831194472
"16041",4,"PA",1747,2.28963938179737
"16045",3,"PA",1136,2.64084507042254
"16046",590,"PA",19757,29.8628334261274
"16048",0,"PA",225,0
"16049",12,"PA",2965,4.04721753794266
"16050",2,"PA",1097,1.82315405651778
"16051",9,"PA",3119,2.88554023725553
"16052",12,"PA",2215,5.4176072234763
"16053",38,"PA",3429,11.0819480898221
"16054",1,"PA",333,3.003003003003
"16055",88,"PA",8993,9.78538863560547
"16056",31,"PA",4232,7.32514177693762
"16057",64,"PA",15718,4.07176485557959
"16059",147,"PA",10062,14.6094215861658
"16061",2,"PA",2564,0.78003120124805
"16063",110,"PA",8256,13.3236434108527
"16066",651,"PA",33873,19.2188468691878
"16101",85,"PA",30767,2.76270029577144
"16102",12,"PA",4929,2.43457090687766
"16105",105,"PA",15418,6.81022181865352
"16110",0,"PA",295,0
"16111",0,"PA",1282,0
"16112",1,"PA",1322,0.75642965204236
"16113",4,"PA",358,11.1731843575419
"16114",0,"PA",579,0
"16115",13,"PA",3467,3.74963945774445
"16116",6,"PA",2727,2.2002200220022
"16117",66,"PA",15786,4.18091980235652
"16120",3,"PA",2221,1.35074290859973
"16121",8,"PA",4199,1.90521552750655
"16123",10,"PA",2335,4.28265524625268
"16124",1,"PA",1462,0.683994528043776
"16125",56,"PA",17178,3.2599837000815
"16127",49,"PA",15117,3.24138387246147
"16130",4,"PA",1810,2.20994475138122
"16131",2,"PA",777,2.57400257400257
"16132",0,"PA",327,0
"16133",0,"PA",1425,0
"16134",12,"PA",3992,3.0060120240481
"16136",3,"PA",811,3.69913686806412
"16137",46,"PA",12490,3.68294635708567
"16140",0,"PA",293,0
"16141",3,"PA",2033,1.4756517461879
"16142",31,"PA",5522,5.61390800434625
"16143",8,"PA",2100,3.80952380952381
"16145",5,"PA",2660,1.8796992481203
"16146",32,"PA",12936,2.47371675943105
"16148",121,"PA",16545,7.31338773043216
"16150",30,"PA",6856,4.3757292882147
"16151",0,"PA",52,0
"16153",4,"PA",2234,1.7905102954342
"16154",10,"PA",2539,3.93855848759354
"16155",0,"PA",98,0
"16156",10,"PA",3431,2.9146021568056
"16157",6,"PA",2840,2.11267605633803
"16159",15,"PA",4455,3.36700336700337
"16160",1,"PA",909,1.1001100110011
"16161",0,"PA",819,0
"16172",0,"PA",983,0
"16201",55,"PA",17040,3.22769953051643
"16210",1,"PA",574,1.74216027874564
"16211",0,"PA",218,0
"16212",1,"PA",261,3.83141762452107
"16213",0,"PA",107,0
"16214",25,"PA",8494,2.9432540616906
"16217",0,"PA",77,0
"16218",1,"PA",1000,1
"16220",1,"PA",19,52.6315789473684
"16222",3,"PA",3306,0.907441016333938
"16223",0,"PA",65,0
"16224",5,"PA",763,6.55307994757536
"16226",27,"PA",7689,3.51150994927819
"16228",0,"PA",409,0
"16229",26,"PA",4798,5.41892455189662
"16230",0,"PA",501,0
"16232",2,"PA",4025,0.496894409937888
"16233",3,"PA",1195,2.51046025104602
"16235",4,"PA",1356,2.94985250737463
"16236",0,"PA",405,0
"16238",2,"PA",402,4.97512437810945
"16239",3,"PA",3951,0.759301442672741
"16240",2,"PA",1327,1.50715900527506
"16242",6,"PA",4513,1.32949257699978
"16244",1,"PA",342,2.92397660818713
"16245",0,"PA",196,0
"16246",0,"PA",152,0
"16248",2,"PA",3216,0.621890547263682
"16249",3,"PA",1791,1.6750418760469
"16250",0,"PA",240,0
"16253",0,"PA",87,0
"16254",10,"PA",3516,2.84414106939704
"16255",1,"PA",1981,0.504795557799091
"16256",1,"PA",2162,0.462534690101758
"16258",1,"PA",1837,0.544365813826892
"16259",1,"PA",1911,0.523286237571952
"16260",0,"PA",293,0
"16262",11,"PA",2772,3.96825396825397
"16263",0,"PA",259,0
"16301",33,"PA",15233,2.16634937307162
"16311",0,"PA",421,0
"16312",0,"PA",31,0
"16313",3,"PA",1653,1.81488203266788
"16314",11,"PA",5188,2.12027756360833
"16316",30,"PA",4562,6.57606313020605
"16317",3,"PA",1220,2.45901639344262
"16319",9,"PA",961,9.36524453694069
"16321",0,"PA",11,0
"16322",0,"PA",159,0
"16323",39,"PA",14353,2.71720197868042
"16326",3,"PA",283,10.6007067137809
"16327",3,"PA",2553,1.17508813160987
"16328",1,"PA",231,4.32900432900433
"16329",0,"PA",441,0
"16331",0,"PA",123,0
"16332",0,"PA",121,0
"16333",1,"PA",248,4.03225806451613
"16334",0,"PA",453,0
"16335",104,"PA",27175,3.82704691812327
"16340",3,"PA",1763,1.70164492342598
"16341",0,"PA",1761,0
"16342",5,"PA",2126,2.35183443085607
"16343",1,"PA",670,1.49253731343284
"16344",1,"PA",460,2.17391304347826
"16345",22,"PA",3436,6.40279394644936
"16346",16,"PA",3201,4.99843798812871
"16347",5,"PA",1596,3.1328320802005
"16350",7,"PA",2477,2.82599919257166
"16351",1,"PA",1576,0.634517766497462
"16352",0,"PA",263,0
"16353",4,"PA",2473,1.61746866154468
"16354",21,"PA",9989,2.10231254379818
"16360",2,"PA",1363,1.46735143066764
"16361",0,"PA",49,0
"16362",0,"PA",1066,0
"16364",2,"PA",1306,1.53139356814701
"16365",54,"PA",17292,3.12283136710618
"16370",0,"PA",215,0
"16371",6,"PA",3211,1.86857676736219
"16372",0,"PA",517,0
"16373",12,"PA",3254,3.68776889981561
"16374",7,"PA",1672,4.1866028708134
"16401",10,"PA",3744,2.67094017094017
"16402",0,"PA",624,0
"16403",17,"PA",6959,2.44287972409829
"16404",1,"PA",3446,0.290191526407429
"16405",2,"PA",514,3.89105058365759
"16406",6,"PA",3388,1.77095631641086
"16407",22,"PA",10525,2.09026128266033
"16410",6,"PA",1931,3.10719834282755
"16411",1,"PA",1325,0.754716981132075
"16412",58,"PA",9612,6.0341240116521
"16415",138,"PA",10104,13.6579572446556
"16416",0,"PA",113,0
"16417",31,"PA",8599,3.60507035701826
"16420",0,"PA",515,0
"16421",16,"PA",2289,6.98995194408038
"16422",0,"PA",95,0
"16423",21,"PA",3857,5.44464609800363
"16424",15,"PA",4503,3.3311125916056
"16426",14,"PA",3273,4.27742132600061
"16427",0,"PA",204,0
"16428",51,"PA",12595,4.04922588328702
"16430",1,"PA",148,6.75675675675676
"16433",17,"PA",4694,3.62164465274819
"16434",1,"PA",3120,0.320512820512821
"16435",6,"PA",1677,3.5778175313059
"16436",2,"PA",639,3.12989045383412
"16438",21,"PA",7421,2.8298073035979
"16440",3,"PA",787,3.81194409148666
"16441",79,"PA",9134,8.64900372235603
"16442",17,"PA",3050,5.57377049180328
"16443",2,"PA",1196,1.67224080267559
"16444",0,"PA",1190,0
"16475",0,"PA",2194,0
"16501",10,"PA",2022,4.94559841740851
"16502",33,"PA",15995,2.06314473272898
"16503",14,"PA",15753,0.888719608963372
"16504",40,"PA",15931,2.51082794551503
"16505",175,"PA",15270,11.4603798297315
"16506",249,"PA",24070,10.3448275862069
"16507",18,"PA",8597,2.09375363498895
"16508",58,"PA",14958,3.8775237331194
"16509",198,"PA",28595,6.92428746284315
"16510",93,"PA",24198,3.84329283411852
"16511",54,"PA",11776,4.58559782608696
"16546",0,"PA",929,0
"16563",0,"PA",1607,0
"16601",109,"PA",33515,3.25227510070118
"16602",115,"PA",26352,4.36399514268367
"16611",16,"PA",2665,6.00375234521576
"16613",9,"PA",1647,5.46448087431694
"16616",0,"PA",103,0
"16617",4,"PA",2392,1.67224080267559
"16619",0,"PA",393,0
"16620",0,"PA",326,0
"16621",3,"PA",604,4.96688741721854
"16622",0,"PA",82,0
"16623",0,"PA",492,0
"16624",1,"PA",253,3.95256916996047
"16625",13,"PA",3147,4.13091833492215
"16627",5,"PA",1927,2.59470679813181
"16630",5,"PA",4726,1.05797714769361
"16631",0,"PA",57,0
"16633",0,"PA",313,0
"16634",0,"PA",262,0
"16635",86,"PA",12003,7.16487544780472
"16636",4,"PA",808,4.95049504950495
"16637",4,"PA",2345,1.70575692963753
"16638",0,"PA",58,0
"16639",3,"PA",1390,2.15827338129496
"16640",6,"PA",1077,5.57103064066852
"16641",10,"PA",2348,4.25894378194208
"16645",0,"PA",204,0
"16646",3,"PA",2185,1.37299771167048
"16647",6,"PA",864,6.94444444444444
"16648",122,"PA",14904,8.1857219538379
"16650",2,"PA",1796,1.11358574610245
"16651",6,"PA",5484,1.09409190371991
"16652",55,"PA",15866,3.4665322072356
"16654",0,"PA",1906,0
"16655",4,"PA",1427,2.8030833917309
"16656",1,"PA",1148,0.871080139372822
"16657",3,"PA",1170,2.56410256410256
"16659",0,"PA",255,0
"16661",0,"PA",944,0
"16662",18,"PA",6069,2.96589223924864
"16664",3,"PA",2195,1.36674259681093
"16665",1,"PA",253,3.95256916996047
"16666",5,"PA",2999,1.66722240746916
"16667",4,"PA",1371,2.91757840991977
"16668",7,"PA",3507,1.99600798403194
"16669",11,"PA",2099,5.24059075750357
"16670",0,"PA",89,0
"16671",1,"PA",411,2.4330900243309
"16672",0,"PA",177,0
"16673",14,"PA",5204,2.6902382782475
"16674",0,"PA",548,0
"16675",0,"PA",88,0
"16677",1,"PA",239,4.18410041841004
"16678",2,"PA",2452,0.815660685154976
"16679",1,"PA",656,1.52439024390244
"16680",1,"PA",359,2.78551532033426
"16682",0,"PA",402,0
"16683",3,"PA",353,8.4985835694051
"16684",1,"PA",108,9.25925925925926
"16685",0,"PA",303,0
"16686",36,"PA",13427,2.68116481715946
"16689",2,"PA",389,5.1413881748072
"16691",0,"PA",325,0
"16692",0,"PA",923,0
"16693",11,"PA",3795,2.89855072463768
"16694",0,"PA",355,0
"16695",2,"PA",941,2.12539851222104
"16701",36,"PA",16556,2.17443827011355
"16720",1,"PA",1261,0.793021411578113
"16724",0,"PA",69,0
"16725",2,"PA",147,13.6054421768707
"16726",0,"PA",665,0
"16727",3,"PA",37,81.0810810810811
"16729",0,"PA",684,0
"16730",0,"PA",27,0
"16731",3,"PA",2407,1.24636476942252
"16732",0,"PA",241,0
"16733",0,"PA",226,0
"16734",0,"PA",174,0
"16735",16,"PA",6149,2.60204911367702
"16738",1,"PA",2118,0.472143531633617
"16740",0,"PA",878,0
"16743",3,"PA",4061,0.738734301896085
"16744",0,"PA",187,0
"16745",0,"PA",592,0
"16746",0,"PA",1046,0
"16748",6,"PA",2908,2.06327372764787
"16749",6,"PA",3777,1.58856235107228
"16750",1,"PA",464,2.1551724137931
"16801",556,"PA",40774,13.636140677883
"16802",47,"PA",14793,3.17717839518691
"16803",371,"PA",23977,15.4731617800392
"16820",1,"PA",1457,0.686341798215511
"16821",1,"PA",93,10.752688172043
"16822",2,"PA",1784,1.12107623318386
"16823",181,"PA",29126,6.21437890544531
"16825",1,"PA",231,4.32900432900433
"16826",1,"PA",439,2.27790432801822
"16827",137,"PA",5123,26.7421432754246
"16828",53,"PA",5000,10.6
"16829",1,"PA",762,1.31233595800525
"16830",31,"PA",13526,2.2918823007541
"16832",2,"PA",224,8.92857142857143
"16833",11,"PA",5021,2.19079864568811
"16834",0,"PA",733,0
"16835",1,"PA",199,5.0251256281407
"16836",0,"PA",1057,0
"16837",0,"PA",81,0
"16838",0,"PA",1821,0
"16839",1,"PA",392,2.55102040816327
"16840",0,"PA",476,0
"16841",23,"PA",6477,3.55102670989656
"16843",0,"PA",165,0
"16844",13,"PA",2606,4.98848810437452
"16845",1,"PA",1010,0.99009900990099
"16847",1,"PA",221,4.52488687782806
"16848",0,"PA",215,0
"16849",0,"PA",149,0
"16851",14,"PA",974,14.3737166324435
"16852",0,"PA",203,0
"16853",2,"PA",242,8.26446280991736
"16854",5,"PA",883,5.66251415628539
"16855",1,"PA",172,5.81395348837209
"16856",4,"PA",160,25
"16858",9,"PA",3945,2.28136882129278
"16859",1,"PA",500,2
"16860",0,"PA",358,0
"16861",0,"PA",327,0
"16863",3,"PA",586,5.11945392491468
"16864",0,"PA",69,0
"16865",22,"PA",1820,12.0879120879121
"16866",22,"PA",9152,2.40384615384615
"16868",13,"PA",1050,12.3809523809524
"16870",152,"PA",7499,20.2693692492332
"16871",1,"PA",47,21.2765957446809
"16872",3,"PA",1430,2.0979020979021
"16874",0,"PA",1220,0
"16875",27,"PA",3708,7.28155339805825
"16876",0,"PA",285,0
"16877",17,"PA",1524,11.1548556430446
"16878",3,"PA",1783,1.68255748738082
"16879",0,"PA",406,0
"16881",5,"PA",2245,2.2271714922049
"16882",2,"PA",429,4.66200466200466
"16901",41,"PA",10242,4.00312438976762
"16910",0,"PA",64,0
"16911",0,"PA",259,0
"16912",4,"PA",2507,1.59553250897487
"16914",10,"PA",2354,4.24808836023789
"16915",16,"PA",5600,2.85714285714286
"16917",2,"PA",1293,1.54679040989946
"16920",4,"PA",1760,2.27272727272727
"16921",1,"PA",622,1.60771704180064
"16922",1,"PA",1575,0.634920634920635
"16923",3,"PA",1457,2.05902539464653
"16925",8,"PA",3268,2.44798041615667
"16926",2,"PA",926,2.15982721382289
"16927",0,"PA",614,0
"16928",1,"PA",1476,0.677506775067751
"16929",5,"PA",2666,1.8754688672168
"16930",2,"PA",1119,1.78731009830206
"16932",6,"PA",546,10.989010989011
"16933",24,"PA",6610,3.63086232980333
"16935",3,"PA",1181,2.54022015241321
"16936",4,"PA",1940,2.06185567010309
"16937",0,"PA",167,0
"16938",2,"PA",837,2.389486260454
"16939",0,"PA",172,0
"16940",0,"PA",19,0
"16941",0,"PA",94,0
"16942",0,"PA",892,0
"16943",0,"PA",417,0
"16946",5,"PA",2455,2.03665987780041
"16947",19,"PA",4797,3.96080883885762
"16948",6,"PA",1570,3.82165605095541
"16950",4,"PA",3327,1.20228434024647
"17002",0,"PA",451,0
"17003",122,"PA",12534,9.73352481250997
"17004",5,"PA",5551,0.900738605656638
"17005",1,"PA",289,3.46020761245675
"17006",2,"PA",1102,1.81488203266788
"17007",76,"PA",5865,12.9582267689685
"17009",7,"PA",1765,3.96600566572238
"17010",3,"PA",160,18.75
"17011",356,"PA",39664,8.97539330375151
"17013",301,"PA",38513,7.81554280372861
"17014",1,"PA",174,5.74712643678161
"17015",239,"PA",24385,9.80110723805618
"17016",2,"PA",909,2.2002200220022
"17017",6,"PA",1509,3.97614314115308
"17018",32,"PA",3902,8.20092260379293
"17019",168,"PA",19594,8.57405328161682
"17020",35,"PA",8826,3.96555631089961
"17021",0,"PA",912,0
"17022",208,"PA",31908,6.51874138147173
"17023",13,"PA",3489,3.72599598738894
"17024",9,"PA",1734,5.19031141868512
"17025",242,"PA",17648,13.7126019945603
"17026",19,"PA",3137,6.05674211029646
"17027",1,"PA",2801,0.357015351660121
"17028",15,"PA",3563,4.20993544765647
"17029",2,"PA",382,5.23560209424084
"17030",0,"PA",541,0
"17032",49,"PA",7551,6.48920672758575
"17033",272,"PA",16481,16.503852921546
"17034",6,"PA",3071,1.95376098990557
"17035",0,"PA",864,0
"17036",426,"PA",23520,18.1122448979592
"17037",1,"PA",1176,0.850340136054422
"17038",40,"PA",8394,4.76530855372885
"17039",1,"PA",38,26.3157894736842
"17040",10,"PA",2631,3.80083618396047
"17041",0,"PA",190,0
"17042",334,"PA",40161,8.31652598291875
"17043",65,"PA",5852,11.1073137388927
"17044",64,"PA",20234,3.16299298210932
"17045",10,"PA",3811,2.62398320650748
"17046",110,"PA",31835,3.4553164755772
"17047",3,"PA",3228,0.929368029739777
"17048",12,"PA",3870,3.10077519379845
"17049",10,"PA",3046,3.28299409061064
"17050",1111,"PA",43571,25.4986114617521
"17051",11,"PA",4352,2.52757352941176
"17052",2,"PA",1474,1.35685210312076
"17053",51,"PA",5067,10.065127294257
"17054",0,"PA",286,0
"17055",607,"PA",42006,14.450316621435
"17056",0,"PA",27,0
"17057",228,"PA",23560,9.67741935483871
"17058",6,"PA",1578,3.80228136882129
"17059",17,"PA",8013,2.12155247722451
"17060",2,"PA",1248,1.6025641025641
"17061",23,"PA",6842,3.36159017831044
"17062",22,"PA",3917,5.61654327291294
"17063",8,"PA",3177,2.51809883537929
"17064",17,"PA",839,20.2622169249106
"17065",21,"PA",4389,4.78468899521531
"17066",6,"PA",5102,1.17600940807526
"17067",70,"PA",15815,4.42617767941827
"17068",13,"PA",4235,3.06965761511216
"17069",1,"PA",192,5.20833333333333
"17070",152,"PA",16830,9.03149138443256
"17071",0,"PA",116,0
"17073",20,"PA",6314,3.1675641431739
"17074",34,"PA",7304,4.65498357064622
"17075",0,"PA",125,0
"17077",0,"PA",108,0
"17078",223,"PA",23840,9.35402684563758
"17080",2,"PA",264,7.57575757575758
"17081",1,"PA",248,4.03225806451613
"17082",8,"PA",3046,2.62639527248851
"17084",19,"PA",4683,4.05722827247491
"17086",7,"PA",1982,3.53178607467205
"17087",12,"PA",2370,5.06329113924051
"17088",1,"PA",459,2.17864923747277
"17090",22,"PA",5206,4.22589320015367
"17093",1,"PA",684,1.46198830409357
"17094",2,"PA",2424,0.825082508250825
"17097",1,"PA",721,1.3869625520111
"17098",5,"PA",2618,1.90985485103132
"17099",3,"PA",1187,2.5273799494524
"17101",7,"PA",2722,2.57163850110213
"17102",52,"PA",8118,6.40551860064055
"17103",96,"PA",13115,7.31986275257339
"17104",53,"PA",18541,2.8585297448897
"17109",128,"PA",27466,4.66030728901187
"17110",324,"PA",27364,11.8403742142962
"17111",296,"PA",36744,8.05573699107337
"17112",476,"PA",38502,12.3629941301751
"17113",36,"PA",11724,3.07062436028659
"17201",135,"PA",27554,4.89947013137838
"17202",221,"PA",33566,6.58404337722696
"17210",0,"PA",242,0
"17211",0,"PA",354,0
"17212",3,"PA",750,4
"17213",2,"PA",525,3.80952380952381
"17214",12,"PA",1143,10.498687664042
"17215",0,"PA",182,0
"17217",0,"PA",182,0
"17219",0,"PA",484,0
"17220",1,"PA",347,2.88184438040346
"17221",2,"PA",458,4.36681222707424
"17222",72,"PA",10550,6.82464454976303
"17223",0,"PA",326,0
"17224",6,"PA",1603,3.74298190892077
"17225",152,"PA",20347,7.47038875509903
"17228",0,"PA",1000,0
"17229",1,"PA",1253,0.798084596967279
"17232",1,"PA",27,37.037037037037
"17233",6,"PA",4961,1.20943358193913
"17235",0,"PA",622,0
"17236",55,"PA",8845,6.21820237422272
"17237",5,"PA",1759,2.84252416145537
"17238",4,"PA",1782,2.24466891133558
"17239",0,"PA",209,0
"17240",11,"PA",3241,3.39401419315026
"17241",53,"PA",11181,4.74018424112333
"17243",2,"PA",1264,1.58227848101266
"17244",10,"PA",2263,4.41891294741494
"17246",0,"PA",542,0
"17247",0,"PA",629,0
"17249",0,"PA",386,0
"17251",0,"PA",70,0
"17252",13,"PA",4038,3.21941555225359
"17253",0,"PA",433,0
"17254",1,"PA",362,2.76243093922652
"17255",2,"PA",992,2.01612903225806
"17257",140,"PA",29204,4.79386385426654
"17260",5,"PA",1090,4.58715596330275
"17262",0,"PA",1048,0
"17263",0,"PA",896,0
"17264",2,"PA",2292,0.87260034904014
"17265",2,"PA",300,6.66666666666667
"17266",1,"PA",445,2.24719101123596
"17267",6,"PA",2916,2.05761316872428
"17268",137,"PA",29362,4.66589469382195
"17271",0,"PA",527,0
"17301",23,"PA",4133,5.56496491652553
"17302",14,"PA",2834,4.94001411432604
"17303",2,"PA",395,5.06329113924051
"17304",22,"PA",3171,6.93787448754336
"17306",0,"PA",537,0
"17307",25,"PA",5467,4.57289189683556
"17309",9,"PA",1393,6.46087580760948
"17311",0,"PA",127,0
"17313",59,"PA",11428,5.1627581379069
"17314",24,"PA",6640,3.6144578313253
"17315",158,"PA",25760,6.13354037267081
"17316",62,"PA",8497,7.2966929504531
"17317",2,"PA",466,4.29184549356223
"17318",3,"PA",230,13.0434782608696
"17319",98,"PA",11292,8.67871059156925
"17320",67,"PA",8124,8.24716888232398
"17321",11,"PA",2419,4.54733360892931
"17322",38,"PA",6473,5.87053916267573
"17323",0,"PA",83,0
"17324",16,"PA",4433,3.60929393187458
"17325",251,"PA",30373,8.26391861192507
"17327",70,"PA",7828,8.9422585590189
"17329",15,"PA",2999,5.00166722240747
"17331",412,"PA",56443,7.29939939407898
"17339",100,"PA",6281,15.921031682853
"17340",70,"PA",11405,6.13765892152565
"17342",2,"PA",563,3.55239786856128
"17343",1,"PA",31,32.258064516129
"17344",8,"PA",3719,2.15111589136865
"17345",55,"PA",7715,7.12896953985742
"17347",52,"PA",6393,8.13389644924136
"17349",109,"PA",8254,13.2057184395445
"17350",77,"PA",13169,5.84706507707495
"17352",5,"PA",1288,3.88198757763975
"17353",28,"PA",2825,9.91150442477876
"17355",0,"PA",322,0
"17356",183,"PA",22869,8.00209891118982
"17360",90,"PA",5735,15.693112467306
"17361",67,"PA",6156,10.8836907082521
"17362",90,"PA",14730,6.10997963340122
"17363",81,"PA",8553,9.470361276745
"17364",23,"PA",4209,5.46448087431694
"17365",15,"PA",2897,5.17777010700725
"17366",32,"PA",6392,5.00625782227785
"17368",55,"PA",7005,7.85153461812991
"17370",42,"PA",7090,5.92383638928068
"17371",0,"PA",375,0
"17372",23,"PA",4045,5.68603213844252
"17401",42,"PA",18570,2.26171243941842
"17402",417,"PA",37466,11.130091282763
"17403",402,"PA",40287,9.97840494452305
"17404",297,"PA",39374,7.54304871234825
"17406",225,"PA",23636,9.51937722118802
"17407",22,"PA",2673,8.23045267489712
"17408",202,"PA",25431,7.94306161771067
"17501",37,"PA",4614,8.01907238838318
"17502",13,"PA",2485,5.23138832997988
"17504",0,"PA",105,0
"17505",7,"PA",2358,2.96861747243427
"17506",1,"PA",469,2.13219616204691
"17507",0,"PA",64,0
"17508",9,"PA",1125,8
"17509",13,"PA",5135,2.53164556962025
"17512",71,"PA",18148,3.91227683491294
"17516",23,"PA",5180,4.44015444015444
"17517",119,"PA",14686,8.10295519542421
"17518",2,"PA",1360,1.47058823529412
"17519",35,"PA",7127,4.91090220289042
"17520",91,"PA",5040,18.0555555555556
"17522",254,"PA",33852,7.50324943873331
"17527",34,"PA",6094,5.57925828683951
"17529",16,"PA",4826,3.31537505180273
"17532",13,"PA",3328,3.90625
"17535",9,"PA",3042,2.9585798816568
"17536",7,"PA",3452,2.02780996523754
"17538",87,"PA",7314,11.8949958982773
"17540",63,"PA",10728,5.87248322147651
"17543",656,"PA",45912,14.288203519777
"17545",179,"PA",23556,7.5989132280523
"17547",67,"PA",9210,7.27470141150923
"17550",5,"PA",313,15.9744408945687
"17551",83,"PA",11753,7.062026716583
"17552",180,"PA",19761,9.10885076666161
"17554",52,"PA",7453,6.97705621897223
"17555",20,"PA",7251,2.75824024272514
"17557",68,"PA",15055,4.51677183659914
"17560",27,"PA",5460,4.94505494505495
"17562",15,"PA",4373,3.43013949233936
"17563",11,"PA",3952,2.7834008097166
"17565",20,"PA",2523,7.92707094728498
"17566",50,"PA",12603,3.96730937078473
"17569",62,"PA",7323,8.4664754881879
"17570",0,"PA",176,0
"17572",22,"PA",3643,6.03897886357398
"17576",0,"PA",103,0
"17578",45,"PA",7504,5.99680170575693
"17579",39,"PA",6875,5.67272727272727
"17581",5,"PA",180,27.7777777777778
"17582",12,"PA",1702,7.05052878965923
"17584",113,"PA",11646,9.70290228404602
"17601",883,"PA",56382,15.6610265687631
"17602",360,"PA",52217,6.89430645192179
"17603",579,"PA",67571,8.5687647067529
"17606",0,"PA",404,0
"17701",153,"PA",43104,3.54955456570156
"17702",36,"PA",10488,3.4324942791762
"17720",0,"PA",250,0
"17721",1,"PA",1419,0.704721634954193
"17723",0,"PA",34,0
"17724",4,"PA",4693,0.852333262305561
"17727",0,"PA",41,0
"17728",20,"PA",4675,4.27807486631016
"17729",0,"PA",156,0
"17730",0,"PA",11,0
"17731",4,"PA",188,21.2765957446809
"17737",21,"PA",5970,3.51758793969849
"17739",0,"PA",27,0
"17740",26,"PA",12017,2.16360156445036
"17742",0,"PA",21,0
"17744",10,"PA",2808,3.56125356125356
"17745",62,"PA",17718,3.49926628287617
"17747",7,"PA",3421,2.04618532592809
"17748",5,"PA",184,27.1739130434783
"17749",1,"PA",234,4.27350427350427
"17750",1,"PA",177,5.64971751412429
"17751",29,"PA",7431,3.90257031355134
"17752",11,"PA",4975,2.21105527638191
"17754",63,"PA",12061,5.22344747533372
"17756",55,"PA",12856,4.27815805849409
"17758",6,"PA",943,6.3626723223754
"17760",2,"PA",572,3.4965034965035
"17762",0,"PA",557,0
"17763",0,"PA",241,0
"17764",3,"PA",2361,1.27064803049555
"17765",0,"PA",1279,0
"17768",0,"PA",367,0
"17769",0,"PA",31,0
"17771",5,"PA",2929,1.70706725844998
"17772",13,"PA",2693,4.82733011511326
"17774",1,"PA",962,1.03950103950104
"17776",2,"PA",145,13.7931034482759
"17777",22,"PA",7030,3.12944523470839
"17778",0,"PA",74,0
"17779",0,"PA",179,0
"17801",45,"PA",16429,2.73905898107006
"17810",2,"PA",5309,0.376718779431155
"17812",11,"PA",1378,7.98258345428157
"17813",8,"PA",2028,3.94477317554241
"17814",23,"PA",4669,4.92610837438424
"17815",161,"PA",29790,5.40449815374287
"17820",23,"PA",5499,4.18257865066376
"17821",196,"PA",18613,10.5302745393005
"17822",1,"PA",11,90.9090909090909
"17823",5,"PA",1258,3.97456279809221
"17824",34,"PA",3949,8.60977462648772
"17827",6,"PA",877,6.84150513112885
"17829",0,"PA",212,0
"17830",6,"PA",1938,3.09597523219814
"17832",1,"PA",578,1.73010380622837
"17834",14,"PA",3480,4.02298850574713
"17835",0,"PA",114,0
"17836",0,"PA",190,0
"17837",222,"PA",18403,12.0632505569744
"17840",1,"PA",188,5.31914893617021
"17841",5,"PA",4896,1.02124183006536
"17842",25,"PA",8266,3.02443745463344
"17844",22,"PA",10291,2.13779030220581
"17845",4,"PA",2058,1.94363459669582
"17846",27,"PA",3621,7.45650372825186
"17847",55,"PA",11260,4.88454706927176
"17850",0,"PA",576,0
"17851",11,"PA",7234,1.52059717998341
"17853",6,"PA",2993,2.00467758102239
"17855",6,"PA",1014,5.91715976331361
"17856",11,"PA",3167,3.47331859804231
"17857",90,"PA",7671,11.7324990222917
"17858",0,"PA",111,0
"17859",20,"PA",2701,7.40466493891151
"17860",13,"PA",2332,5.5746140651801
"17861",2,"PA",152,13.1578947368421
"17862",0,"PA",530,0
"17864",4,"PA",2495,1.60320641282565
"17865",0,"PA",24,0
"17866",17,"PA",9769,1.74019858736821
"17867",0,"PA",239,0
"17868",3,"PA",719,4.17246175243394
"17870",77,"PA",14490,5.31400966183575
"17872",17,"PA",8894,1.91140094445694
"17876",12,"PA",1827,6.56814449917898
"17878",3,"PA",1488,2.01612903225806
"17880",0,"PA",29,0
"17881",2,"PA",1479,1.35226504394861
"17884",0,"PA",263,0
"17885",0,"PA",181,0
"17886",1,"PA",804,1.24378109452736
"17887",0,"PA",591,0
"17888",4,"PA",446,8.96860986547085
"17889",28,"PA",3039,9.2135570911484
"17901",86,"PA",22371,3.84426266148138
"17920",0,"PA",246,0
"17921",21,"PA",6931,3.02986582022796
"17922",34,"PA",4803,7.07890901519883
"17923",0,"PA",385,0
"17925",5,"PA",305,16.3934426229508
"17929",3,"PA",1432,2.09497206703911
"17930",2,"PA",258,7.75193798449612
"17931",19,"PA",8899,2.13507135633217
"17933",0,"PA",123,0
"17934",0,"PA",417,0
"17935",1,"PA",1371,0.729394602479942
"17936",0,"PA",959,0
"17938",4,"PA",2479,1.61355385235982
"17941",4,"PA",733,5.45702592087312
"17943",0,"PA",42,0
"17944",0,"PA",265,0
"17945",0,"PA",133,0
"17946",0,"PA",185,0
"17948",6,"PA",4188,1.43266475644699
"17949",0,"PA",240,0
"17951",0,"PA",281,0
"17952",0,"PA",172,0
"17953",1,"PA",426,2.34741784037559
"17954",11,"PA",4623,2.37940731126974
"17957",0,"PA",481,0
"17959",3,"PA",1445,2.07612456747405
"17960",18,"PA",4264,4.22138836772983
"17961",42,"PA",6740,6.23145400593472
"17963",36,"PA",9323,3.86141799849834
"17964",0,"PA",952,0
"17965",11,"PA",1927,5.70835495588998
"17967",6,"PA",2202,2.72479564032698
"17968",0,"PA",321,0
"17970",6,"PA",3171,1.89214758751183
"17972",43,"PA",11826,3.63605614747167
"17974",3,"PA",312,9.61538461538462
"17976",12,"PA",5916,2.02839756592292
"17978",0,"PA",688,0
"17979",0,"PA",130,0
"17980",10,"PA",3342,2.99222022740874
"17981",4,"PA",2468,1.62074554294976
"17982",0,"PA",452,0
"17983",6,"PA",1541,3.89357560025957
"17985",8,"PA",1237,6.46725949878739
"18011",53,"PA",5338,9.92881228924691
"18012",0,"PA",32,0
"18013",89,"PA",17597,5.05768028641246
"18014",91,"PA",12097,7.52252624617674
"18015",299,"PA",34852,8.57913462642029
"18017",433,"PA",40640,10.6545275590551
"18018",213,"PA",32965,6.4613984529046
"18020",310,"PA",21204,14.6198830409357
"18030",0,"PA",483,0
"18031",307,"PA",11570,26.5341400172861
"18032",40,"PA",9555,4.18628990057562
"18034",228,"PA",9209,24.7583885329569
"18035",4,"PA",39,102.564102564103
"18036",335,"PA",15581,21.50054553623
"18037",55,"PA",7472,7.36081370449679
"18038",20,"PA",3549,5.63539025077487
"18040",300,"PA",17256,17.3852573018081
"18041",52,"PA",5768,9.01525658807212
"18042",317,"PA",45532,6.96213651937099
"18045",460,"PA",30429,15.1171579743008
"18046",1,"PA",201,4.97512437810945
"18049",208,"PA",18941,10.9814687714482
"18051",116,"PA",3624,32.008830022075
"18052",194,"PA",29451,6.58721265831381
"18053",15,"PA",2344,6.39931740614334
"18054",58,"PA",4932,11.7599351175994
"18055",180,"PA",12117,14.8551621688537
"18056",3,"PA",1489,2.01477501678979
"18058",66,"PA",9674,6.82241058507339
"18059",9,"PA",744,12.0967741935484
"18062",410,"PA",27110,15.1235706381409
"18063",2,"PA",606,3.3003300330033
"18064",347,"PA",26970,12.8661475713756
"18065",1,"PA",577,1.73310225303293
"18066",67,"PA",6102,10.9800065552278
"18067",122,"PA",19590,6.22766717713119
"18069",166,"PA",8515,19.4950088079859
"18070",7,"PA",223,31.390134529148
"18071",42,"PA",11313,3.71254309201803
"18072",37,"PA",6938,5.33294897665033
"18073",141,"PA",11755,11.9948957890259
"18074",52,"PA",5590,9.30232558139535
"18076",21,"PA",2833,7.41263678079774
"18077",39,"PA",2203,17.703132092601
"18078",93,"PA",7857,11.8365788468881
"18079",1,"PA",303,3.3003300330033
"18080",67,"PA",11226,5.96828790308213
"18081",4,"PA",85,47.0588235294118
"18083",4,"PA",489,8.1799591002045
"18085",2,"PA",1175,1.70212765957447
"18086",1,"PA",229,4.36681222707424
"18087",8,"PA",590,13.5593220338983
"18088",53,"PA",8488,6.24410933081998
"18091",62,"PA",6547,9.46998625324576
"18092",42,"PA",3230,13.0030959752322
"18101",74,"PA",6120,12.0915032679739
"18102",94,"PA",51001,1.8431011156644
"18103",404,"PA",48746,8.28785951667829
"18104",730,"PA",48683,14.9949674424337
"18106",104,"PA",6226,16.7041439126245
"18109",61,"PA",18446,3.30695001626369
"18201",78,"PA",32067,2.43240714753485
"18202",101,"PA",13755,7.34278444202108
"18210",70,"PA",7587,9.2263081586925
"18211",7,"PA",1207,5.79950289975145
"18212",0,"PA",43,0
"18214",11,"PA",2522,4.36161776367962
"18216",3,"PA",957,3.13479623824451
"18218",2,"PA",2514,0.795544948289578
"18219",8,"PA",1047,7.64087870105062
"18220",0,"PA",170,0
"18221",0,"PA",436,0
"18222",79,"PA",9789,8.07028297068138
"18224",7,"PA",6031,1.16066987232631
"18229",57,"PA",9248,6.16349480968858
"18230",0,"PA",152,0
"18231",1,"PA",413,2.42130750605327
"18232",3,"PA",4156,0.721847930702599
"18234",0,"PA",616,0
"18235",97,"PA",19158,5.0631589936319
"18237",10,"PA",3712,2.69396551724138
"18240",27,"PA",3913,6.90007666751853
"18241",1,"PA",249,4.01606425702811
"18242",1,"PA",371,2.69541778975741
"18244",0,"PA",365,0
"18245",0,"PA",216,0
"18246",0,"PA",84,0
"18248",8,"PA",599,13.355592654424
"18249",51,"PA",4191,12.1689334287759
"18250",9,"PA",3137,2.86898310487727
"18252",41,"PA",11024,3.71915820029028
"18254",4,"PA",696,5.74712643678161
"18255",15,"PA",4223,3.55197726734549
"18256",1,"PA",185,5.4054054054054
"18301",223,"PA",28977,7.69575870517997
"18302",213,"PA",17733,12.0115039756386
"18321",13,"PA",1844,7.04989154013015
"18322",19,"PA",2724,6.97503671071953
"18323",3,"PA",222,13.5135135135135
"18324",86,"PA",9935,8.65626572722697
"18325",23,"PA",2700,8.51851851851852
"18326",36,"PA",3559,10.115200899129
"18327",6,"PA",723,8.29875518672199
"18328",61,"PA",8185,7.45265729993891
"18330",65,"PA",8219,7.90850468426816
"18331",5,"PA",655,7.63358778625954
"18332",42,"PA",3508,11.9726339794755
"18333",3,"PA",115,26.0869565217391
"18334",42,"PA",4539,9.2531394580304
"18335",2,"PA",974,2.05338809034908
"18336",33,"PA",4114,8.02139037433155
"18337",154,"PA",15799,9.74745237040319
"18340",0,"PA",177,0
"18342",2,"PA",503,3.97614314115308
"18343",43,"PA",3637,11.8229309870773
"18344",30,"PA",3385,8.86262924667651
"18346",19,"PA",2128,8.92857142857143
"18347",31,"PA",3733,8.30431288507902
"18349",0,"PA",85,0
"18350",26,"PA",902,28.8248337028825
"18351",2,"PA",546,3.66300366300366
"18353",106,"PA",10953,9.67771386834657
"18354",5,"PA",1243,4.02252614641995
"18355",15,"PA",1615,9.28792569659443
"18357",1,"PA",147,6.80272108843537
"18360",290,"PA",30080,9.64095744680851
"18370",13,"PA",671,19.3740685543964
"18371",11,"PA",737,14.9253731343284
"18372",33,"PA",2599,12.6971912273952
"18403",80,"PA",6851,11.677127426653
"18405",9,"PA",2412,3.73134328358209
"18407",55,"PA",14445,3.80754586362063
"18411",261,"PA",22820,11.4373356704645
"18413",0,"PA",81,0
"18414",51,"PA",5444,9.36811168258633
"18415",14,"PA",966,14.4927536231884
"18417",8,"PA",1298,6.1633281972265
"18419",17,"PA",4734,3.59104351499789
"18420",0,"PA",69,0
"18421",10,"PA",4603,2.17249619813165
"18424",42,"PA",5213,8.0567811241128
"18425",20,"PA",946,21.1416490486258
"18426",24,"PA",3705,6.47773279352227
"18428",148,"PA",12634,11.7144214025645
"18430",0,"PA",57,0
"18431",73,"PA",12775,5.71428571428571
"18433",30,"PA",7564,3.96615547329455
"18434",15,"PA",4031,3.7211610022327
"18435",23,"PA",907,25.3583241455347
"18436",96,"PA",13569,7.07495025425603
"18437",0,"PA",137,0
"18438",19,"PA",1139,16.6812993854258
"18439",2,"PA",390,5.12820512820513
"18440",1,"PA",35,28.5714285714286
"18441",2,"PA",405,4.93827160493827
"18443",3,"PA",327,9.1743119266055
"18444",89,"PA",13604,6.54219347250809
"18445",23,"PA",2342,9.82066609735269
"18446",8,"PA",3209,2.49298846992833
"18447",61,"PA",9470,6.44139387539599
"18451",1,"PA",413,2.42130750605327
"18452",24,"PA",5203,4.61272342879108
"18453",6,"PA",1286,4.6656298600311
"18454",0,"PA",97,0
"18455",0,"PA",148,0
"18456",2,"PA",319,6.26959247648903
"18457",0,"PA",9,0
"18458",37,"PA",3792,9.75738396624473
"18460",2,"PA",118,16.9491525423729
"18461",4,"PA",202,19.8019801980198
"18462",6,"PA",543,11.0497237569061
"18463",1,"PA",268,3.73134328358209
"18464",13,"PA",1927,6.74623767514271
"18465",9,"PA",1324,6.797583081571
"18466",118,"PA",17794,6.63144880296729
"18469",2,"PA",629,3.17965023847377
"18470",8,"PA",2139,3.7400654511454
"18471",20,"PA",667,29.9850074962519
"18472",20,"PA",6601,3.0298439630359
"18473",1,"PA",511,1.95694716242661
"18503",41,"PA",1629,25.1688152240638
"18504",89,"PA",21069,4.22421567231477
"18505",98,"PA",20797,4.71221810838102
"18507",63,"PA",5443,11.5744993569723
"18508",22,"PA",11565,1.90229139645482
"18509",67,"PA",13055,5.13213328226733
"18510",56,"PA",14332,3.90734021769467
"18512",115,"PA",12986,8.85569074387802
"18517",27,"PA",5303,5.09145766547237
"18518",62,"PA",8573,7.23200746529803
"18519",19,"PA",5266,3.60805165210786
"18602",6,"PA",628,9.55414012738853
"18603",65,"PA",18827,3.4524884474425
"18610",49,"PA",5079,9.64756841898011
"18612",136,"PA",17739,7.66672303963019
"18614",5,"PA",1986,2.51762336354481
"18615",2,"PA",1646,1.21506682867558
"18616",2,"PA",734,2.72479564032698
"18617",2,"PA",1791,1.11669458403127
"18618",31,"PA",3570,8.68347338935574
"18619",0,"PA",162,0
"18621",17,"PA",4744,3.58347386172007
"18622",0,"PA",252,0
"18623",6,"PA",2298,2.61096605744125
"18624",12,"PA",487,24.6406570841889
"18625",5,"PA",114,43.859649122807
"18626",3,"PA",505,5.94059405940594
"18628",1,"PA",185,5.4054054054054
"18629",5,"PA",1760,2.84090909090909
"18630",11,"PA",2923,3.76325692781389
"18631",7,"PA",1100,6.36363636363636
"18632",0,"PA",430,0
"18634",34,"PA",13785,2.4664490388103
"18635",22,"PA",3734,5.89180503481521
"18636",2,"PA",1610,1.24223602484472
"18640",79,"PA",16581,4.76448947590616
"18641",36,"PA",6305,5.70975416336241
"18642",19,"PA",4530,4.19426048565121
"18643",64,"PA",12848,4.9813200498132
"18644",35,"PA",7552,4.63453389830508
"18651",22,"PA",8703,2.52786395495806
"18655",12,"PA",6018,1.99401794616152
"18656",5,"PA",2066,2.42013552758955
"18657",46,"PA",10866,4.23338855144487
"18660",14,"PA",3137,4.46286260758687
"18661",25,"PA",5759,4.34103142906755
"18701",9,"PA",4294,2.09594783418724
"18702",202,"PA",41970,4.81296163926614
"18704",141,"PA",31149,4.52663006838101
"18705",56,"PA",15624,3.584229390681
"18706",50,"PA",16387,3.05119912125465
"18707",172,"PA",16689,10.3061897057942
"18708",110,"PA",8867,12.4055486635841
"18709",5,"PA",2910,1.71821305841924
"18801",26,"PA",8102,3.20908417674648
"18810",17,"PA",5774,2.9442327675788
"18812",10,"PA",1537,6.50618087182824
"18814",0,"PA",200,0
"18816",0,"PA",132,0
"18817",0,"PA",74,0
"18818",4,"PA",1371,2.91757840991977
"18820",0,"PA",36,0
"18821",6,"PA",1044,5.74712643678161
"18822",12,"PA",3084,3.89105058365759
"18823",1,"PA",132,7.57575757575758
"18824",2,"PA",1408,1.42045454545455
"18825",0,"PA",137,0
"18826",3,"PA",1466,2.04638472032742
"18828",2,"PA",146,13.6986301369863
"18829",3,"PA",754,3.97877984084881
"18830",3,"PA",593,5.05902192242833
"18831",2,"PA",1081,1.85013876040703
"18832",5,"PA",1924,2.5987525987526
"18833",5,"PA",2089,2.39348970799426
"18834",12,"PA",3245,3.6979969183359
"18837",7,"PA",2936,2.3841961852861
"18840",55,"PA",10968,5.0145878920496
"18842",1,"PA",121,8.26446280991736
"18843",0,"PA",345,0
"18844",10,"PA",1335,7.49063670411985
"18845",0,"PA",489,0
"18846",1,"PA",770,1.2987012987013
"18847",26,"PA",5104,5.09404388714734
"18848",22,"PA",8199,2.68325405537261
"18850",5,"PA",2070,2.41545893719807
"18851",3,"PA",615,4.8780487804878
"18853",6,"PA",4028,1.48957298907646
"18854",3,"PA",1595,1.88087774294671
"18901",698,"PA",28509,24.4834964397208
"18902",643,"PA",22898,28.0810551139838
"18912",9,"PA",213,42.2535211267606
"18913",23,"PA",243,94.6502057613169
"18914",573,"PA",21598,26.5302342809519
"18915",67,"PA",1648,40.6553398058252
"18917",20,"PA",2216,9.02527075812274
"18920",26,"PA",393,66.1577608142494
"18921",0,"PA",160,0
"18923",19,"PA",984,19.3089430894309
"18925",223,"PA",6250,35.68
"18927",3,"PA",239,12.5523012552301
"18929",248,"PA",9748,25.4411161263849
"18930",29,"PA",1892,15.3276955602537
"18932",12,"PA",436,27.5229357798165
"18933",19,"PA",105,180.952380952381
"18935",1,"PA",273,3.66300366300366
"18936",10,"PA",296,33.7837837837838
"18938",644,"PA",13649,47.182943805407
"18940",1092,"PA",29626,36.8595152906231
"18942",45,"PA",2377,18.9314261674379
"18944",376,"PA",27570,13.6380123322452
"18946",0,"PA",689,0
"18947",132,"PA",6477,20.3798054654933
"18951",376,"PA",36568,10.2822139575585
"18954",276,"PA",10380,26.5895953757225
"18955",12,"PA",1511,7.94176042356056
"18960",176,"PA",13597,12.9440317717143
"18962",3,"PA",531,5.64971751412429
"18964",199,"PA",14546,13.6807369723635
"18966",697,"PA",36370,19.164146274402
"18969",178,"PA",15245,11.6759593309282
"18970",8,"PA",553,14.4665461121157
"18972",59,"PA",3104,19.0077319587629
"18974",652,"PA",43122,15.1198923983118
"18976",474,"PA",22202,21.3494279794613
"18977",198,"PA",4569,43.3355219960604
"18980",2,"PA",308,6.49350649350649
"19001",207,"PA",17867,11.5856047461801
"19002",1017,"PA",32128,31.6546314741036
"19003",349,"PA",14255,24.4826376709926
"19004",471,"PA",11230,41.9412288512912
"19006",677,"PA",23443,28.8785564987416
"19007",121,"PA",21800,5.55045871559633
"19008",312,"PA",20697,15.0746484997826
"19009",32,"PA",1124,28.4697508896797
"19010",833,"PA",21827,38.1637421542127
"19012",114,"PA",6910,16.4978292329957
"19013",72,"PA",35064,2.05338809034908
"19014",169,"PA",21427,7.88724506463807
"19015",92,"PA",16464,5.58794946550049
"19017",4,"PA",355,11.2676056338028
"19018",152,"PA",23505,6.46670921080621
"19020",757,"PA",56809,13.3253533771057
"19021",68,"PA",9638,7.05540568582694
"19022",10,"PA",4482,2.23114680946006
"19023",88,"PA",22247,3.95558951768778
"19025",256,"PA",7423,34.4874040145494
"19026",276,"PA",32725,8.43391902215432
"19027",317,"PA",20420,15.5239960822723
"19029",24,"PA",3980,6.03015075376884
"19030",126,"PA",12305,10.2397399431126
"19031",142,"PA",4929,28.809089064719
"19032",30,"PA",6772,4.43000590667454
"19033",44,"PA",8261,5.32623169107856
"19034",268,"PA",7488,35.7905982905983
"19035",342,"PA",3937,86.8681737363475
"19036",60,"PA",13668,4.38981562774364
"19038",551,"PA",32296,17.0609363388655
"19040",184,"PA",22078,8.33408823262977
"19041",274,"PA",6308,43.4369055168041
"19043",7,"PA",3317,2.11034066927947
"19044",226,"PA",17279,13.0794606169339
"19046",465,"PA",19640,23.6761710794297
"19047",583,"PA",34563,16.8677487486619
"19050",218,"PA",29373,7.42178190855548
"19052",2,"PA",631,3.16957210776545
"19053",476,"PA",28509,16.6964818127609
"19054",138,"PA",17518,7.87761159949766
"19055",80,"PA",13833,5.78327188606954
"19056",123,"PA",15960,7.70676691729323
"19057",90,"PA",17925,5.02092050209205
"19060",361,"PA",11524,31.3259284970496
"19061",124,"PA",19896,6.2324085243265
"19063",1065,"PA",38172,27.9000314366551
"19064",327,"PA",25277,12.9366617873957
"19066",319,"PA",5839,54.6326425757835
"19067",1169,"PA",53885,21.6943490767375
"19070",71,"PA",6359,11.1652775593647
"19072",479,"PA",10129,47.2899595221641
"19073",786,"PA",21915,35.8658453114305
"19074",42,"PA",5934,7.0778564206269
"19075",105,"PA",7384,14.2199349945829
"19076",36,"PA",6441,5.5891942244993
"19078",65,"PA",11683,5.56363947616194
"19079",34,"PA",8745,3.88793596340766
"19081",307,"PA",10089,30.4291802953712
"19082",180,"PA",41541,4.33306853470066
"19083",603,"PA",37590,16.0415003990423
"19085",432,"PA",11230,38.4683882457703
"19086",273,"PA",12930,21.1136890951276
"19087",1341,"PA",33528,39.9964209019327
"19090",220,"PA",19662,11.1890957176279
"19094",30,"PA",3929,7.63553066938152
"19095",113,"PA",8030,14.0722291407223
"19096",656,"PA",15249,43.0192143747131
"19102",380,"PA",6195,61.3397901533495
"19103",382,"PA",25900,14.7490347490347
"19104",188,"PA",55172,3.40752555644167
"19106",263,"PA",14597,18.0174008357882
"19107",546,"PA",14825,36.8296795952783
"19108",0,"PA",154,0
"19111",299,"PA",66283,4.51096057812712
"19114",224,"PA",30411,7.3657558120417
"19115",334,"PA",35279,9.46738853142096
"19116",381,"PA",33654,11.3210911035835
"19118",336,"PA",9978,33.6740829825616
"19119",491,"PA",28356,17.3155593172521
"19120",185,"PA",66469,2.78325234319758
"19121",107,"PA",41574,2.57372396209169
"19122",181,"PA",25439,7.11505955422776
"19123",295,"PA",19681,14.9890757583456
"19124",158,"PA",71004,2.22522674778886
"19125",381,"PA",25140,15.1551312649165
"19126",73,"PA",17483,4.17548475662072
"19127",109,"PA",5664,19.2443502824859
"19128",451,"PA",38039,11.8562527931859
"19129",150,"PA",11937,12.5659713495853
"19130",378,"PA",30116,12.5514676583876
"19131",178,"PA",43776,4.06615497076023
"19132",72,"PA",33006,2.18142155971642
"19133",44,"PA",24864,1.76962676962677
"19134",142,"PA",53594,2.64955032279733
"19135",96,"PA",33803,2.83998461674999
"19136",151,"PA",36262,4.16413876785616
"19137",18,"PA",8026,2.24271118863693
"19138",107,"PA",30821,3.47165893384381
"19139",136,"PA",43090,3.15618472963565
"19140",67,"PA",53385,1.25503418563267
"19141",87,"PA",32385,2.68642890226957
"19142",83,"PA",28829,2.8790454056679
"19143",244,"PA",62572,3.89950776705236
"19144",227,"PA",50580,4.48793989719257
"19145",291,"PA",43440,6.69889502762431
"19146",514,"PA",41058,12.5188757367626
"19147",557,"PA",39704,14.0288132178118
"19148",203,"PA",50400,4.02777777777778
"19149",194,"PA",56914,3.40865164985768
"19150",103,"PA",24304,4.23798551678736
"19151",155,"PA",33267,4.65927195118285
"19152",213,"PA",35955,5.92407175636212
"19153",3113,"PA",13018,239.130434782609
"19154",209,"PA",33796,6.18416380636762
"19301",262,"PA",7814,33.5295623240338
"19310",18,"PA",2950,6.10169491525424
"19311",188,"PA",11692,16.0793705097503
"19312",626,"PA",12283,50.9647480257266
"19316",0,"PA",389,0
"19317",445,"PA",10864,40.960972017673
"19319",4,"PA",792,5.05050505050505
"19320",567,"PA",55941,10.1356786614469
"19330",64,"PA",5957,10.743662917576
"19333",585,"PA",7471,78.3027707134252
"19335",1412,"PA",53629,26.3290383934066
"19341",563,"PA",21709,25.9339444470035
"19342",527,"PA",20770,25.3731343283582
"19343",176,"PA",8450,20.8284023668639
"19344",72,"PA",12827,5.61315974117097
"19345",0,"PA",768,0
"19348",633,"PA",23621,26.7981880530037
"19350",259,"PA",10945,23.6637734125171
"19352",180,"PA",11484,15.6739811912226
"19355",1181,"PA",29425,40.1359388275276
"19358",0,"PA",191,0
"19362",25,"PA",6092,4.1037426132633
"19363",129,"PA",18231,7.07585979924305
"19365",48,"PA",8006,5.99550337247065
"19367",0,"PA",21,0
"19369",0,"PA",122,0
"19372",19,"PA",1854,10.2481121898598
"19373",88,"PA",2357,37.3355960967331
"19374",6,"PA",434,13.8248847926267
"19375",11,"PA",234,47.008547008547
"19380",1052,"PA",49856,21.1007702182285
"19382",1310,"PA",54127,24.2023389435956
"19383",1,"PA",6537,0.152975370965275
"19390",187,"PA",12546,14.9051490514905
"19401",242,"PA",43359,5.5813095320464
"19403",772,"PA",44017,17.5386782379535
"19405",52,"PA",5145,10.1068999028183
"19406",750,"PA",30362,24.7019300441341
"19422",678,"PA",20412,33.2157554379777
"19425",972,"PA",17219,56.4492711539578
"19426",922,"PA",43460,21.2149102623102
"19428",421,"PA",20411,20.6261329675175
"19435",1,"PA",75,13.3333333333333
"19436",16,"PA",435,36.7816091954023
"19437",42,"PA",531,79.0960451977401
"19438",502,"PA",25438,19.7342558377231
"19440",275,"PA",19431,14.1526426843703
"19444",233,"PA",11065,21.0573881608676
"19446",989,"PA",61848,15.9908161945415
"19453",14,"PA",1259,11.119936457506
"19454",701,"PA",27755,25.2567105026121
"19456",3,"PA",286,10.4895104895105
"19457",1,"PA",148,6.75675675675676
"19460",1073,"PA",45423,23.6223939413953
"19462",324,"PA",16331,19.8395689180087
"19464",461,"PA",49101,9.38881081851693
"19465",286,"PA",18564,15.406162464986
"19468",490,"PA",28194,17.3795843087182
"19472",1,"PA",54,18.5185185185185
"19473",277,"PA",17259,16.0495973115476
"19474",5,"PA",222,22.5225225225225
"19475",221,"PA",12298,17.9704016913319
"19477",11,"PA",136,80.8823529411765
"19490",4,"PA",507,7.88954635108481
"19492",5,"PA",811,6.1652281134402
"19501",6,"PA",823,7.29040097205346
"19503",7,"PA",1149,6.09225413402959
"19504",68,"PA",5335,12.7460168697282
"19505",21,"PA",3135,6.69856459330144
"19506",47,"PA",7108,6.6122678671919
"19507",7,"PA",3563,1.96463654223969
"19508",109,"PA",14871,7.32970210476767
"19510",63,"PA",8010,7.86516853932584
"19511",0,"PA",33,0
"19512",116,"PA",15794,7.34456122578194
"19516",0,"PA",176,0
"19518",205,"PA",16805,12.1987503719131
"19520",79,"PA",6277,12.5856300780628
"19522",99,"PA",14127,7.00785729454237
"19523",1,"PA",41,24.390243902439
"19525",219,"PA",17725,12.3554301833568
"19526",61,"PA",11581,5.26724807874968
"19529",25,"PA",3109,8.04117079446767
"19530",82,"PA",15573,5.26552366274963
"19533",75,"PA",8648,8.67252543940796
"19534",24,"PA",1970,12.1827411167513
"19535",0,"PA",42,0
"19536",3,"PA",466,6.43776824034335
"19538",0,"PA",64,0
"19539",28,"PA",3823,7.32409102798849
"19540",107,"PA",11957,8.94873295977252
"19541",36,"PA",4367,8.2436455232425
"19543",69,"PA",6401,10.7795656928605
"19544",0,"PA",199,0
"19545",0,"PA",868,0
"19547",38,"PA",4579,8.29875518672199
"19549",13,"PA",271,47.970479704797
"19550",0,"PA",488,0
"19551",31,"PA",4778,6.48807032231059
"19554",0,"PA",338,0
"19555",19,"PA",3577,5.31171372658653
"19559",0,"PA",302,0
"19560",50,"PA",9137,5.47225566378461
"19562",16,"PA",2947,5.42925008483203
"19564",1,"PA",265,3.77358490566038
"19565",81,"PA",9302,8.70780477316706
"19567",28,"PA",6057,4.62275053656926
"19601",74,"PA",36479,2.02856437950602
"19602",35,"PA",18495,1.89240335225737
"19604",61,"PA",30124,2.02496348426504
"19605",156,"PA",21419,7.28325318642327
"19606",314,"PA",35853,8.75798399018213
"19607",164,"PA",24045,6.82054481181119
"19608",331,"PA",24178,13.6901315245264
"19609",78,"PA",9874,7.89953413003848
"19610",264,"PA",16581,15.9218382485978
"19611",51,"PA",10986,4.64227198252321
"27006",58,"NC",16247,3.569889825814
"27009",9,"NC",2939,3.0622660768969
"27011",4,"NC",5582,0.716589036187746
"27012",84,"NC",30543,2.75022099990178
"27013",5,"NC",6575,0.760456273764259
"27014",1,"NC",939,1.06496272630458
"27016",1,"NC",1900,0.526315789473684
"27017",8,"NC",10085,0.793257312840853
"27018",4,"NC",7388,0.541418516513265
"27019",2,"NC",3544,0.564334085778781
"27020",3,"NC",6207,0.483325277912035
"27021",20,"NC",17106,1.16918040453642
"27022",3,"NC",1285,2.33463035019455
"27023",58,"NC",14414,4.02386568613848
"27024",4,"NC",2387,1.67574361122748
"27025",10,"NC",12537,0.797638988593762
"27027",1,"NC",3836,0.260688216892596
"27028",33,"NC",26566,1.24218926447339
"27030",29,"NC",36241,0.800198670014624
"27040",29,"NC",12665,2.28977497039084
"27041",12,"NC",8303,1.44526074912682
"27043",11,"NC",6295,1.74741858617951
"27045",10,"NC",10863,0.920556015833564
"27048",7,"NC",7814,0.895828001023803
"27050",5,"NC",3823,1.30787339785509
"27051",10,"NC",7873,1.2701638511368
"27052",6,"NC",10506,0.571102227298686
"27053",3,"NC",3068,0.977835723598436
"27054",1,"NC",1931,0.517866390471258
"27055",19,"NC",14674,1.2948071418836
"27101",56,"NC",22973,2.43764419100683
"27103",94,"NC",33325,2.82070517629407
"27104",142,"NC",31783,4.46779725010226
"27105",24,"NC",40678,0.589999508333743
"27106",184,"NC",49670,3.70444936581437
"27107",55,"NC",50769,1.08333825759814
"27109",3,"NC",2823,1.06269925611052
"27127",51,"NC",41443,1.23060589243057
"27203",12,"NC",23224,0.516706854977609
"27205",48,"NC",36947,1.29915825371478
"27207",2,"NC",4367,0.457980306846806
"27209",2,"NC",3906,0.512032770097286
"27212",1,"NC",1997,0.500751126690035
"27214",19,"NC",14766,1.28673980766626
"27215",109,"NC",47102,2.31412678867139
"27217",27,"NC",41406,0.652079408781336
"27229",1,"NC",3456,0.289351851851852
"27231",9,"NC",2331,3.86100386100386
"27233",3,"NC",3178,0.943989930774072
"27235",20,"NC",5237,3.81898033225129
"27239",6,"NC",7954,0.754337440281619
"27242",2,"NC",1674,1.194743130227
"27243",18,"NC",5677,3.17068874405496
"27244",39,"NC",16329,2.38838875620062
"27248",2,"NC",4234,0.472366556447804
"27249",16,"NC",13741,1.16439851539189
"27252",3,"NC",1425,2.10526315789474
"27253",59,"NC",33114,1.78172374222383
"27258",12,"NC",6391,1.8776404318573
"27260",24,"NC",25299,0.948654096999881
"27262",47,"NC",28353,1.6576729093923
"27263",26,"NC",21446,1.21234729087009
"27265",155,"NC",48798,3.17635968687241
"27278",231,"NC",27925,8.272157564906
"27281",7,"NC",3864,1.81159420289855
"27282",39,"NC",15927,2.4486720663025
"27283",6,"NC",3366,1.7825311942959
"27284",115,"NC",58065,1.98053905106346
"27288",15,"NC",22926,0.654278984559016
"27291",2,"NC",1656,1.20772946859903
"27292",39,"NC",40311,0.967477859641289
"27295",42,"NC",39267,1.06960042784017
"27298",15,"NC",10090,1.48662041625372
"27299",6,"NC",5034,1.19189511323004
"27301",17,"NC",11067,1.53609831029186
"27302",108,"NC",35418,3.04929696764357
"27306",8,"NC",5486,1.458257382428
"27310",75,"NC",8622,8.69867780097425
"27311",1,"NC",3842,0.260281103591879
"27312",221,"NC",23341,9.46831755280408
"27313",9,"NC",7781,1.15666366790901
"27314",1,"NC",594,1.68350168350168
"27315",1,"NC",1751,0.571102227298686
"27316",3,"NC",7084,0.423489553924337
"27317",17,"NC",17870,0.951315053161724
"27320",27,"NC",38896,0.694158782394077
"27325",2,"NC",6737,0.296868042155262
"27326",1,"NC",3396,0.294464075382803
"27330",59,"NC",39778,1.48323193725175
"27332",65,"NC",36947,1.75927680190543
"27340",1,"NC",48,20.8333333333333
"27341",4,"NC",5350,0.747663551401869
"27342",1,"NC",96,10.4166666666667
"27343",7,"NC",1232,5.68181818181818
"27344",16,"NC",19198,0.833420147932076
"27349",7,"NC",7061,0.991360997025917
"27350",3,"NC",5882,0.51003060183611
"27355",4,"NC",2291,1.74596246180707
"27356",2,"NC",3193,0.626370184779205
"27357",26,"NC",9922,2.62043942753477
"27358",133,"NC",15685,8.47943895441505
"27360",42,"NC",49510,0.848313472025853
"27370",24,"NC",15001,1.59989334044397
"27371",5,"NC",7572,0.660327522451136
"27376",32,"NC",9317,3.43458194697864
"27377",33,"NC",10885,3.03169499310978
"27379",4,"NC",4479,0.893056485822728
"27401",39,"NC",21920,1.77919708029197
"27403",74,"NC",22557,3.28057809105821
"27405",60,"NC",54303,1.1049113308657
"27406",75,"NC",60651,1.23658307365089
"27407",89,"NC",51697,1.72156991701646
"27408",88,"NC",16519,5.32719898298929
"27409",42,"NC",17551,2.39302603840237
"27410",216,"NC",54921,3.93292183317857
"27411",3,"NC",1433,2.09351011863224
"27412",2,"NC",3055,0.654664484451719
"27455",127,"NC",29302,4.33417514162856
"27501",44,"NC",24806,1.77376441183585
"27502",578,"NC",48530,11.9101586647435
"27503",17,"NC",5374,3.16337923334574
"27504",27,"NC",17079,1.58088881082031
"27505",9,"NC",8152,1.10402355250245
"27507",2,"NC",1811,1.10436223081171
"27508",1,"NC",2362,0.423370025402202
"27509",1,"NC",7766,0.128766417718259
"27510",91,"NC",13868,6.56186905105278
"27511",218,"NC",33221,6.56211432527618
"27513",501,"NC",46979,10.664339385683
"27514",321,"NC",32951,9.74173773178356
"27516",583,"NC",47358,12.3104860847164
"27517",397,"NC",29564,13.4284941144635
"27518",265,"NC",19735,13.4279199391943
"27519",1179,"NC",69836,16.8824102182256
"27520",113,"NC",48014,2.35348023493148
"27521",6,"NC",6549,0.916170407695831
"27522",27,"NC",13083,2.06374684705343
"27523",388,"NC",20269,19.1425329320637
"27524",11,"NC",13999,0.785770412172298
"27525",39,"NC",17110,2.27936879018118
"27526",366,"NC",61588,5.94271611352861
"27527",179,"NC",39256,4.55981251273691
"27529",232,"NC",55242,4.19970312443431
"27530",48,"NC",37634,1.27544241908912
"27534",43,"NC",30415,1.4137760973204
"27536",8,"NC",15298,0.522944175709243
"27537",16,"NC",24708,0.647563542172576
"27539",231,"NC",25878,8.92650127521447
"27540",434,"NC",47771,9.085009733939
"27541",11,"NC",3399,3.23624595469256
"27542",9,"NC",9850,0.913705583756345
"27544",2,"NC",3329,0.600781015319916
"27545",123,"NC",34163,3.6003863829289
"27546",45,"NC",21419,2.10093841916056
"27549",27,"NC",25543,1.05704106800298
"27551",3,"NC",1836,1.63398692810458
"27553",5,"NC",1506,3.32005312084993
"27557",12,"NC",8657,1.38616148781333
"27559",12,"NC",2312,5.19031141868512
"27560",474,"NC",40792,11.6199254755834
"27562",78,"NC",5659,13.783353949461
"27563",2,"NC",5205,0.384245917387128
"27565",16,"NC",23826,0.671535297574079
"27569",7,"NC",8833,0.792482735197555
"27571",67,"NC",9095,7.36668499175371
"27572",20,"NC",6131,3.26211058554885
"27573",5,"NC",11537,0.433388229175696
"27574",12,"NC",14928,0.803858520900322
"27576",14,"NC",21624,0.647428782833888
"27577",30,"NC",28354,1.05805177400014
"27581",11,"NC",3880,2.83505154639175
"27583",9,"NC",7242,1.24275062137531
"27587",544,"NC",82886,6.56323142629636
"27589",7,"NC",6739,1.03872978186675
"27591",106,"NC",29838,3.55251692472686
"27592",50,"NC",21114,2.36809699725301
"27596",71,"NC",22232,3.19359481827996
"27597",52,"NC",30184,1.72276702888948
"27601",78,"NC",9905,7.87481070166583
"27603",275,"NC",53972,5.0952345660713
"27604",205,"NC",44514,4.60529271689805
"27605",50,"NC",6286,7.95418390073178
"27606",221,"NC",45444,4.86312824575301
"27607",180,"NC",28438,6.32955904072016
"27608",140,"NC",12604,11.1075848936845
"27609",258,"NC",35573,7.25269164816012
"27610",167,"NC",81419,2.05111828934278
"27612",294,"NC",41952,7.00800915331808
"27613",382,"NC",45235,8.44478832762242
"27614",304,"NC",34226,8.88213638754164
"27615",249,"NC",46019,5.41080857906517
"27616",214,"NC",63520,3.36901763224181
"27617",152,"NC",20237,7.51099471265504
"27701",177,"NC",24793,7.13911184608559
"27703",366,"NC",63458,5.76759431434965
"27704",102,"NC",40102,2.54351403920004
"27705",359,"NC",49923,7.1910742543517
"27707",291,"NC",51274,5.67539103639271
"27708",5,"NC",3253,1.53704272978789
"27712",135,"NC",24299,5.55578418864974
"27713",422,"NC",59197,7.12873963207595
"27801",4,"NC",19532,0.204792135981978
"27803",22,"NC",20055,1.09698329593618
"27804",42,"NC",30713,1.36749910461368
"27806",2,"NC",2152,0.929368029739777
"27807",5,"NC",5958,0.839207787848271
"27808",3,"NC",2220,1.35135135135135
"27809",2,"NC",3930,0.508905852417303
"27810",6,"NC",3336,1.79856115107914
"27812",5,"NC",2188,2.28519195612431
"27814",2,"NC",1671,1.19688809096349
"27816",1,"NC",3019,0.331235508446505
"27817",12,"NC",7834,1.53178452897626
"27822",12,"NC",7838,1.53100280683848
"27823",3,"NC",6553,0.45780558522814
"27826",1,"NC",821,1.21802679658952
"27828",3,"NC",7909,0.379314704766721
"27829",1,"NC",1664,0.600961538461539
"27830",1,"NC",4006,0.249625561657514
"27831",1,"NC",2362,0.423370025402202
"27832",2,"NC",2783,0.718648939992814
"27834",73,"NC",56347,1.29554368466822
"27837",15,"NC",6489,2.31160425335183
"27839",3,"NC",3279,0.914913083257091
"27842",2,"NC",1538,1.30039011703511
"27845",1,"NC",2033,0.491883915395967
"27846",2,"NC",3022,0.661813368630046
"27850",15,"NC",7053,2.12675457252233
"27851",1,"NC",5343,0.187160771102377
"27855",1,"NC",5783,0.172920629431091
"27856",6,"NC",17081,0.351267490193783
"27858",87,"NC",58774,1.48024636744139
"27860",2,"NC",1546,1.29366106080207
"27863",18,"NC",13729,1.31109330614029
"27864",4,"NC",4446,0.899685110211426
"27865",1,"NC",2387,0.418935902806871
"27869",3,"NC",1834,1.63576881134133
"27870",13,"NC",24958,0.520875070117798
"27871",5,"NC",3471,1.44050705848459
"27874",1,"NC",3464,0.288683602771363
"27878",1,"NC",1094,0.914076782449726
"27880",3,"NC",3953,0.758917278016696
"27882",5,"NC",8358,0.598229241445322
"27883",1,"NC",4128,0.242248062015504
"27884",1,"NC",1892,0.528541226215645
"27886",8,"NC",18381,0.435232033077635
"27889",28,"NC",24371,1.14890648721842
"27890",3,"NC",2258,1.32860938883968
"27891",2,"NC",4865,0.411099691675231
"27892",7,"NC",13262,0.527823857638365
"27893",25,"NC",38512,0.649148317407561
"27896",36,"NC",19455,1.85042405551272
"27909",53,"NC",40869,1.29682644547212
"27910",6,"NC",10487,0.572136931438924
"27916",2,"NC",1258,1.58982511923688
"27920",3,"NC",1267,2.36779794790845
"27921",3,"NC",5063,0.592534070709066
"27923",1,"NC",745,1.34228187919463
"27924",1,"NC",2708,0.369276218611521
"27925",1,"NC",3382,0.295683027794205
"27926",1,"NC",1983,0.504286434694907
"27927",11,"NC",1199,9.1743119266055
"27929",6,"NC",3281,1.82871075891497
"27932",15,"NC",12745,1.17693213024716
"27936",3,"NC",664,4.51807228915663
"27937",4,"NC",2936,1.36239782016349
"27939",2,"NC",2206,0.906618313689937
"27942",1,"NC",766,1.30548302872063
"27943",3,"NC",152,19.7368421052632
"27944",17,"NC",11358,1.49674238422257
"27948",27,"NC",12436,2.17111611450627
"27949",56,"NC",8251,6.78705611441038
"27954",15,"NC",7237,2.07268205057344
"27957",1,"NC",1012,0.988142292490119
"27958",51,"NC",14408,3.53970016657413
"27959",11,"NC",3170,3.47003154574133
"27960",1,"NC",723,1.38312586445367
"27962",2,"NC",7043,0.283969899190686
"27964",1,"NC",554,1.80505415162455
"27966",4,"NC",1540,2.5974025974026
"27970",3,"NC",2439,1.230012300123
"27973",2,"NC",1117,1.7905102954342
"27974",1,"NC",858,1.16550116550117
"27976",5,"NC",4309,1.16036203295428
"27979",2,"NC",1161,1.72265288544358
"27980",1,"NC",1647,0.607164541590771
"27981",1,"NC",1969,0.507872016251904
"27982",2,"NC",144,13.8888888888889
"27983",6,"NC",8007,0.749344323716748
"27986",2,"NC",1283,1.55884645362432
"28001",28,"NC",26424,1.05964274901605
"28006",1,"NC",1518,0.658761528326746
"28009",2,"NC",1456,1.37362637362637
"28012",114,"NC",26556,4.29281518300949
"28016",8,"NC",13109,0.610267754977496
"28018",5,"NC",5034,0.993245927691697
"28021",12,"NC",13865,0.865488640461594
"28023",21,"NC",15495,1.35527589545015
"28025",97,"NC",58334,1.6628381389927
"28027",561,"NC",81772,6.86053905982488
"28031",214,"NC",31733,6.74376831689409
"28032",20,"NC",2869,6.9710700592541
"28034",20,"NC",18979,1.05379630117498
"28036",236,"NC",22963,10.2774027783826
"28037",146,"NC",28768,5.07508342602892
"28040",4,"NC",6961,0.574630081884787
"28041",1,"NC",3,333.333333333333
"28043",7,"NC",20930,0.334448160535117
"28052",15,"NC",36272,0.413542126157918
"28054",48,"NC",41707,1.15088594240775
"28056",82,"NC",36200,2.26519337016575
"28071",6,"NC",4219,1.4221379473809
"28073",2,"NC",5890,0.33955857385399
"28075",166,"NC",21517,7.7148301343124
"28078",458,"NC",71657,6.39155979178587
"28079",151,"NC",43035,3.50877192982456
"28080",25,"NC",7606,3.2868787799106
"28081",45,"NC",29075,1.54772141014617
"28083",18,"NC",28095,0.640683395621997
"28086",19,"NC",29460,0.644942294636796
"28088",10,"NC",3054,3.27439423706614
"28090",5,"NC",7268,0.687947165657678
"28091",2,"NC",2285,0.87527352297593
"28092",45,"NC",40350,1.11524163568773
"28097",17,"NC",8303,2.04745272792966
"28098",2,"NC",3851,0.519345624513114
"28101",2,"NC",898,2.2271714922049
"28103",5,"NC",10714,0.466679111442972
"28104",226,"NC",36641,6.16795393138834
"28105",241,"NC",46817,5.14770275754534
"28107",22,"NC",10244,2.1475985942991
"28108",1,"NC",34,29.4117647058824
"28110",121,"NC",56971,2.12388759193274
"28112",26,"NC",28461,0.913530796528583
"28114",2,"NC",7104,0.281531531531532
"28115",113,"NC",43544,2.59507624471799
"28117",270,"NC",48826,5.52984065866547
"28119",1,"NC",2182,0.458295142071494
"28120",72,"NC",25805,2.79015694632823
"28124",16,"NC",7010,2.28245363766049
"28125",8,"NC",2765,2.89330922242315
"28127",23,"NC",8506,2.70397366564778
"28128",6,"NC",6587,0.910885076666161
"28129",5,"NC",5852,0.854408749145591
"28134",56,"NC",13245,4.22801057002643
"28135",2,"NC",4655,0.429645542427497
"28137",3,"NC",2664,1.12612612612613
"28138",10,"NC",10271,0.973615032616104
"28139",21,"NC",20008,1.04958016793283
"28144",42,"NC",27977,1.50123315580656
"28146",59,"NC",31292,1.88546593378499
"28147",29,"NC",25812,1.12350844568418
"28150",28,"NC",28142,0.994954161040438
"28152",18,"NC",26134,0.688757939848473
"28159",3,"NC",3250,0.923076923076923
"28160",5,"NC",3665,1.36425648021828
"28163",7,"NC",6491,1.07841626867971
"28164",28,"NC",16874,1.65935759156098
"28166",35,"NC",11875,2.94736842105263
"28167",5,"NC",2253,2.21926320461607
"28168",6,"NC",10484,0.572300648607402
"28170",3,"NC",10103,0.296941502524003
"28173",620,"NC",65274,9.49842203633912
"28174",10,"NC",9573,1.04460461715241
"28202",125,"NC",17653,7.08094941369739
"28203",158,"NC",18823,8.39398608085852
"28204",62,"NC",9314,6.65664590938372
"28205",261,"NC",51806,5.03802648341891
"28206",200,"NC",15375,13.0081300813008
"28207",121,"NC",9527,12.7007452503411
"28208",118,"NC",40197,2.93554245341692
"28209",201,"NC",24331,8.26106612962887
"28210",172,"NC",47359,3.6318334424291
"28211",287,"NC",33925,8.45983787767133
"28212",35,"NC",42440,0.824693685202639
"28213",85,"NC",45904,1.85169048448937
"28214",268,"NC",43837,6.1135570408559
"28215",155,"NC",66674,2.32474427812941
"28216",116,"NC",57507,2.01714573877963
"28217",138,"NC",32064,4.30389221556886
"28223",3,"NC",4953,0.605693519079346
"28226",271,"NC",39381,6.88149107437597
"28227",155,"NC",60482,2.56274594094111
"28262",131,"NC",50003,2.61984280943143
"28269",370,"NC",79586,4.64905887970246
"28270",252,"NC",32448,7.76627218934911
"28273",99,"NC",50966,1.94247145155594
"28277",671,"NC",73882,9.08204975501475
"28278",241,"NC",37420,6.44040619989311
"28301",19,"NC",16798,1.13108703417073
"28303",56,"NC",30965,1.80849346035847
"28304",47,"NC",37140,1.26548196015078
"28305",17,"NC",5710,2.97723292469352
"28306",91,"NC",43042,2.11421402351192
"28307",16,"NC",14263,1.12178363598121
"28310",5,"NC",9583,0.521757278514035
"28311",63,"NC",36629,1.71994867454749
"28312",25,"NC",19793,1.26307280351639
"28314",80,"NC",55834,1.43281871261239
"28315",35,"NC",14084,2.48508946322068
"28318",4,"NC",3644,1.09769484083425
"28320",3,"NC",7962,0.376789751318764
"28323",7,"NC",4758,1.47120638923918
"28326",50,"NC",26068,1.91806045726561
"28327",76,"NC",19386,3.92035489528526
"28328",6,"NC",26927,0.222824674118914
"28333",4,"NC",10534,0.379722802354281
"28334",28,"NC",22873,1.22415074542036
"28337",7,"NC",8357,0.837621155917195
"28338",4,"NC",3265,1.22511485451761
"28339",5,"NC",6894,0.725268349289237
"28340",4,"NC",9265,0.431732325957906
"28341",2,"NC",2886,0.693000693000693
"28344",2,"NC",4806,0.416146483562214
"28345",5,"NC",12372,0.404138376980278
"28347",2,"NC",2212,0.904159132007233
"28348",67,"NC",39196,1.70935809776508
"28349",1,"NC",3775,0.264900662251656
"28350",3,"NC",197,15.2284263959391
"28351",3,"NC",4535,0.661521499448732
"28352",16,"NC",23837,0.671225405881613
"28356",10,"NC",6579,1.51998784009728
"28357",2,"NC",2852,0.701262272089762
"28358",22,"NC",33071,0.665235402618608
"28360",5,"NC",12550,0.398406374501992
"28363",1,"NC",962,1.03950103950104
"28364",6,"NC",12819,0.468055230517201
"28365",6,"NC",15999,0.375023438964935
"28366",2,"NC",3769,0.530644733351021
"28371",8,"NC",7055,1.13394755492558
"28372",10,"NC",12483,0.801089481695105
"28373",5,"NC",2589,1.93124758594052
"28374",130,"NC",19782,6.57163077545243
"28376",76,"NC",44880,1.69340463458111
"28377",6,"NC",11590,0.517687661777394
"28379",16,"NC",23417,0.683264295170176
"28384",4,"NC",11379,0.351524738553476
"28386",1,"NC",5451,0.183452577508714
"28387",83,"NC",16059,5.16844137243913
"28390",56,"NC",24000,2.33333333333333
"28391",7,"NC",5963,1.17390575213819
"28393",1,"NC",1707,0.585823081429408
"28394",21,"NC",5936,3.5377358490566
"28395",2,"NC",2688,0.744047619047619
"28396",3,"NC",2666,1.12528132033008
"28398",4,"NC",6417,0.623344241857566
"28401",40,"NC",22007,1.8176034897987
"28403",84,"NC",40319,2.08338500458841
"28405",129,"NC",35467,3.63718386105394
"28409",178,"NC",36163,4.92215800680253
"28411",149,"NC",37233,4.00182633685172
"28412",112,"NC",44166,2.53588733414844
"28420",2,"NC",2658,0.752445447705041
"28421",1,"NC",2010,0.497512437810945
"28422",26,"NC",10059,2.58474997514663
"28423",1,"NC",2388,0.418760469011725
"28425",9,"NC",11380,0.790861159929701
"28428",44,"NC",7136,6.16591928251121
"28429",21,"NC",9662,2.17346305112813
"28431",3,"NC",5901,0.508388408744281
"28432",1,"NC",1656,0.603864734299517
"28433",2,"NC",4313,0.463714351959193
"28435",1,"NC",1889,0.529380624669137
"28436",1,"NC",1922,0.520291363163372
"28441",1,"NC",2532,0.394944707740916
"28443",83,"NC",28416,2.92088963963964
"28444",2,"NC",2479,0.806776926179911
"28445",39,"NC",10797,3.6121144762434
"28448",1,"NC",767,1.30378096479791
"28449",17,"NC",2131,7.97747536367902
"28450",3,"NC",2337,1.28369704749679
"28451",125,"NC",46933,2.66337118871583
"28453",1,"NC",3206,0.311915159076731
"28454",3,"NC",2895,1.03626943005181
"28457",12,"NC",11464,1.04675505931612
"28458",2,"NC",5446,0.367242012486228
"28460",35,"NC",13532,2.58646172036654
"28461",110,"NC",23762,4.62923996296608
"28462",19,"NC",12340,1.53970826580227
"28463",2,"NC",7522,0.265886732252061
"28465",39,"NC",8756,4.4540886249429
"28466",5,"NC",8893,0.562239964016642
"28467",26,"NC",13313,1.95297829189514
"28468",19,"NC",5154,3.68645712068296
"28469",25,"NC",10404,2.40292195309496
"28470",18,"NC",11219,1.60442107139674
"28472",13,"NC",16780,0.774731823599523
"28478",1,"NC",5017,0.199322304165836
"28479",15,"NC",6581,2.2792888618751
"28480",39,"NC",2776,14.0489913544669
"28501",8,"NC",17642,0.453463326153497
"28504",17,"NC",20407,0.833047483706571
"28508",1,"NC",1813,0.551571980143409
"28510",3,"NC",1718,1.74621653084983
"28512",28,"NC",3358,8.3382966051221
"28513",9,"NC",10573,0.85122481793247
"28515",2,"NC",2822,0.70871722182849
"28516",31,"NC",11289,2.74603596421295
"28518",2,"NC",7651,0.261403738073454
"28519",1,"NC",392,2.55102040816327
"28521",2,"NC",1593,1.25549278091651
"28523",4,"NC",2753,1.45296040682891
"28525",2,"NC",3613,0.553556601162469
"28526",1,"NC",1842,0.542888165038002
"28530",6,"NC",6484,0.925354719309068
"28532",19,"NC",20908,0.908743064855558
"28533",1,"NC",2452,0.407830342577488
"28538",1,"NC",1989,0.502765208647562
"28539",17,"NC",18351,0.926380033785625
"28540",43,"NC",49141,0.875033068110132
"28543",4,"NC",6069,0.659087164277476
"28544",3,"NC",4386,0.683994528043776
"28546",72,"NC",47256,1.52361604875571
"28547",8,"NC",21346,0.3747774758737
"28551",5,"NC",14078,0.355164085807643
"28553",1,"NC",413,2.42130750605327
"28554",1,"NC",54,18.5185185185185
"28555",8,"NC",5914,1.3527223537369
"28556",2,"NC",752,2.65957446808511
"28557",40,"NC",15253,2.62243493083328
"28560",46,"NC",28661,1.60496842399079
"28562",100,"NC",39082,2.55872268563533
"28570",32,"NC",22197,1.44163625715187
"28571",7,"NC",2678,2.61389096340553
"28572",2,"NC",6658,0.300390507659958
"28573",3,"NC",1874,1.6008537886873
"28574",7,"NC",20990,0.333492139113864
"28575",1,"NC",169,5.91715976331361
"28578",1,"NC",4219,0.237022991230149
"28579",1,"NC",331,3.02114803625378
"28580",9,"NC",11644,0.772930264513913
"28582",4,"NC",1658,2.41254523522316
"28584",32,"NC",14939,2.14204431354174
"28585",2,"NC",3893,0.51374261494991
"28586",1,"NC",7992,0.125125125125125
"28590",58,"NC",27471,2.11131738924684
"28594",18,"NC",3934,4.57549567869853
"28601",122,"NC",53329,2.2876858744773
"28602",36,"NC",31113,1.15707260630605
"28604",27,"NC",7869,3.43118566526878
"28605",32,"NC",3883,8.24105073396858
"28606",2,"NC",2187,0.914494741655235
"28607",80,"NC",35679,2.24221530872502
"28609",12,"NC",6615,1.8140589569161
"28610",7,"NC",10192,0.686813186813187
"28612",15,"NC",11290,1.32860938883968
"28613",39,"NC",23357,1.66973498308858
"28615",1,"NC",1878,0.53248136315229
"28617",3,"NC",1839,1.63132137030995
"28618",3,"NC",2208,1.35869565217391
"28621",9,"NC",9403,0.957141337870892
"28622",1,"NC",2565,0.389863547758285
"28623",1,"NC",1814,0.551267916207277
"28624",2,"NC",1438,1.39082058414465
"28625",61,"NC",39574,1.54141608126548
"28626",1,"NC",3173,0.315159155373464
"28627",2,"NC",1193,1.67644593461861
"28628",1,"NC",60,16.6666666666667
"28630",23,"NC",19382,1.18666804251367
"28634",3,"NC",5353,0.560433401830749
"28635",3,"NC",2669,1.12401648557512
"28636",5,"NC",4496,1.11209964412811
"28638",5,"NC",12363,0.404432581088732
"28640",3,"NC",4820,0.622406639004149
"28641",2,"NC",59,33.8983050847458
"28642",6,"NC",5602,1.07104605498036
"28643",1,"NC",3615,0.276625172890733
"28645",42,"NC",45997,0.913103028458378
"28646",4,"NC",382,10.4712041884817
"28650",17,"NC",12746,1.33375176525969
"28651",2,"NC",5578,0.358551452133381
"28654",5,"NC",3168,1.57828282828283
"28655",69,"NC",55100,1.25226860254083
"28657",6,"NC",8188,0.732779677576942
"28658",34,"NC",26336,1.2910085054678
"28659",13,"NC",21422,0.606852768182243
"28660",1,"NC",2501,0.39984006397441
"28665",4,"NC",2483,1.61095449053564
"28667",2,"NC",301,6.64451827242525
"28668",3,"NC",40,75
"28669",1,"NC",2935,0.340715502555366
"28670",3,"NC",2124,1.41242937853107
"28671",1,"NC",375,2.66666666666667
"28673",27,"NC",6874,3.92784405004364
"28675",9,"NC",6745,1.33432171979244
"28676",5,"NC",3100,1.61290322580645
"28677",37,"NC",38819,0.953141502872305
"28678",2,"NC",5064,0.394944707740916
"28679",3,"NC",2454,1.22249388753056
"28681",23,"NC",25566,0.899632324180552
"28682",10,"NC",1701,5.87889476778366
"28683",1,"NC",1614,0.619578686493185
"28684",10,"NC",1961,5.09943906170321
"28689",3,"NC",2188,1.37111517367459
"28690",11,"NC",9196,1.19617224880383
"28692",9,"NC",4367,2.06091138081063
"28693",2,"NC",1071,1.86741363211951
"28694",9,"NC",7626,1.1801730920535
"28697",18,"NC",13412,1.3420817178646
"28698",1,"NC",2320,0.431034482758621
"28701",10,"NC",5786,1.72830971310059
"28702",1,"NC",588,1.70068027210884
"28704",105,"NC",24138,4.34998757146408
"28705",10,"NC",6732,1.48544266191325
"28709",5,"NC",2260,2.21238938053097
"28711",87,"NC",12663,6.87040985548448
"28712",58,"NC",19977,2.90333883966562
"28713",13,"NC",8425,1.54302670623145
"28714",29,"NC",16397,1.76861621028237
"28715",97,"NC",30328,3.19836454761277
"28716",23,"NC",16863,1.36393287078219
"28717",3,"NC",1265,2.37154150197628
"28718",2,"NC",654,3.05810397553517
"28719",12,"NC",6786,1.7683465959328
"28721",13,"NC",10698,1.21518040755281
"28722",23,"NC",6086,3.77916529740388
"28723",19,"NC",12756,1.48949513954218
"28726",2,"NC",4363,0.458400183360073
"28729",13,"NC",3681,3.53164900842162
"28730",56,"NC",7605,7.36357659434583
"28731",43,"NC",8672,4.95848708487085
"28732",93,"NC",19279,4.82390165465014
"28734",51,"NC",29659,1.71954550052261
"28735",3,"NC",124,24.1935483870968
"28736",3,"NC",1000,3
"28739",89,"NC",20843,4.27001871131795
"28740",5,"NC",2158,2.31696014828545
"28741",30,"NC",4257,7.04721634954193
"28742",6,"NC",2710,2.2140221402214
"28743",1,"NC",2211,0.452284034373587
"28745",9,"NC",670,13.4328358208955
"28746",12,"NC",2744,4.3731778425656
"28747",8,"NC",2021,3.95843641761504
"28748",38,"NC",12230,3.10711365494685
"28751",17,"NC",4159,4.08752103871123
"28752",37,"NC",30292,1.22144460583652
"28753",27,"NC",10389,2.59890268553278
"28754",21,"NC",9682,2.1689733526131
"28756",6,"NC",4706,1.27496812579686
"28757",4,"NC",630,6.34920634920635
"28759",54,"NC",7555,7.1475843812045
"28761",20,"NC",8150,2.45398773006135
"28762",9,"NC",6599,1.36384300651614
"28763",7,"NC",2688,2.60416666666667
"28766",3,"NC",1259,2.38284352660842
"28768",21,"NC",6759,3.10696848646249
"28771",8,"NC",7567,1.05722214880402
"28772",2,"NC",1375,1.45454545454545
"28773",10,"NC",3441,2.90613193839
"28774",8,"NC",1451,5.51343900758098
"28775",1,"NC",674,1.48367952522255
"28777",21,"NC",10178,2.06327372764787
"28778",34,"NC",13536,2.51182033096927
"28779",38,"NC",18064,2.1036315323295
"28781",1,"NC",881,1.13507377979569
"28782",25,"NC",6519,3.83494400981746
"28785",27,"NC",8311,3.24870653350981
"28786",46,"NC",22056,2.08560029017048
"28787",113,"NC",22809,4.95418475163313
"28789",9,"NC",5788,1.55494125777471
"28790",7,"NC",3241,2.15982721382289
"28791",44,"NC",15108,2.91236431029918
"28792",56,"NC",36645,1.52817574021012
"28801",112,"NC",14691,7.62371519978218
"28803",249,"NC",33718,7.3847796429207
"28804",271,"NC",25776,10.5136561142148
"28805",135,"NC",19993,6.75236332716451
"28806",255,"NC",43433,5.87111182741234
"28901",2,"NC",5552,0.360230547550432
"28902",5,"NC",986,5.0709939148073
"28904",11,"NC",10050,1.09452736318408
"28905",1,"NC",3056,0.327225130890052
"28906",28,"NC",20526,1.36412355061873
"28909",4,"NC",1002,3.99201596806387
"55001",39,"MN",3027,12.8840436075322
"55003",19,"MN",3905,4.86555697823303
"55005",10,"MN",4376,2.28519195612431
"55006",2,"MN",3694,0.541418516513265
"55008",25,"MN",16729,1.49441090322195
"55009",17,"MN",8127,2.09179278946721
"55011",22,"MN",11482,1.91604250130639
"55012",4,"MN",2087,1.91662673694298
"55013",15,"MN",7015,2.13827512473272
"55014",101,"MN",29047,3.47712328295521
"55016",152,"MN",40695,3.73510259245608
"55018",2,"MN",969,2.06398348813209
"55019",7,"MN",2305,3.03687635574837
"55020",18,"MN",4115,4.37424058323208
"55021",47,"MN",30908,1.52064190500841
"55024",128,"MN",37287,3.43283181805991
"55025",76,"MN",25891,2.9353829516048
"55027",3,"MN",2739,1.09529025191676
"55030",1,"MN",1711,0.584453535943892
"55031",4,"MN",1881,2.12652844231792
"55032",3,"MN",3416,0.878220140515222
"55033",76,"MN",29674,2.56116465592775
"55037",5,"MN",5215,0.958772770853308
"55038",173,"MN",25061,6.90315629863134
"55040",27,"MN",14837,1.81977488710656
"55041",22,"MN",7510,2.92942743009321
"55042",140,"MN",13705,10.2152499087924
"55043",16,"MN",3424,4.67289719626168
"55044",442,"MN",64762,6.82498996325005
"55045",24,"MN",7846,3.05888350751976
"55046",15,"MN",6145,2.44100895036615
"55047",35,"MN",2244,15.5971479500891
"55049",1,"MN",2636,0.379362670713202
"55051",6,"MN",9935,0.603925515853045
"55052",4,"MN",2114,1.89214758751183
"55053",4,"MN",995,4.02010050251256
"55054",8,"MN",2831,2.82585658777817
"55055",24,"MN",4754,5.04838031131679
"55056",28,"MN",14753,1.89791906730834
"55057",111,"MN",25650,4.32748538011696
"55060",42,"MN",29599,1.41896685698841
"55063",18,"MN",9212,1.95397307859314
"55065",59,"MN",1224,48.202614379085
"55066",47,"MN",19226,2.44460626235306
"55068",167,"MN",33119,5.04242277846553
"55069",3,"MN",5836,0.514050719671008
"55070",15,"MN",8441,1.77704063499585
"55071",8,"MN",5719,1.39884595208953
"55072",5,"MN",4418,1.13173381620643
"55073",16,"MN",4169,3.83785080355001
"55074",11,"MN",2393,4.59674049310489
"55075",41,"MN",20714,1.9793376460365
"55076",48,"MN",21374,2.2457190979695
"55077",142,"MN",14503,9.7910777080604
"55079",13,"MN",8508,1.52797367183827
"55080",9,"MN",3180,2.83018867924528
"55082",294,"MN",36277,8.10430851503708
"55084",4,"MN",1975,2.0253164556962
"55087",1,"MN",327,3.05810397553517
"55088",8,"MN",1812,4.41501103752759
"55089",9,"MN",1612,5.58312655086849
"55090",2,"MN",401,4.98753117206983
"55092",30,"MN",11200,2.67857142857143
"55101",47,"MN",7911,5.94109467829604
"55102",261,"MN",19630,13.2959755476312
"55103",38,"MN",13125,2.8952380952381
"55104",207,"MN",45762,4.52340369739085
"55105",253,"MN",28617,8.84089876646748
"55106",90,"MN",56708,1.58707766100021
"55107",41,"MN",15377,2.66631982831502
"55108",104,"MN",15224,6.83131897004729
"55109",119,"MN",33461,3.55637906816891
"55110",179,"MN",37305,4.79828441227717
"55111",4,"MN",233,17.1673819742489
"55112",283,"MN",45346,6.24090327702554
"55113",218,"MN",40819,5.34065018741272
"55114",31,"MN",5049,6.13982966924143
"55115",85,"MN",8949,9.49826796290088
"55116",338,"MN",25918,13.0411297167991
"55117",274,"MN",44697,6.13016533548113
"55118",150,"MN",29564,5.07373833040184
"55119",69,"MN",44567,1.54823075369668
"55120",34,"MN",5058,6.72202451561882
"55121",373,"MN",9198,40.5522939769515
"55122",171,"MN",32261,5.30051765289359
"55123",189,"MN",26501,7.1318063469303
"55124",279,"MN",55658,5.01275647705631
"55125",257,"MN",44185,5.81645354758402
"55126",177,"MN",27456,6.44667832167832
"55127",167,"MN",18090,9.23161967938087
"55128",85,"MN",29384,2.8927307378165
"55129",400,"MN",34120,11.7233294255569
"55130",10,"MN",17775,0.562587904360056
"55301",40,"MN",13482,2.96691885476932
"55302",18,"MN",7326,2.45700245700246
"55303",128,"MN",52614,2.43281255939484
"55304",312,"MN",49737,6.27299595874299
"55305",160,"MN",21068,7.59445604708563
"55306",62,"MN",16830,3.68389780154486
"55307",1,"MN",2981,0.335457900033546
"55308",23,"MN",10321,2.22846623389206
"55309",55,"MN",21378,2.5727383291234
"55310",2,"MN",1344,1.48809523809524
"55311",289,"MN",38472,7.51195674776461
"55313",64,"MN",24913,2.5689399108899
"55315",51,"MN",7147,7.13586120050371
"55316",76,"MN",23294,3.2626427406199
"55317",201,"MN",22299,9.01385712363783
"55318",187,"MN",30369,6.15759491586816
"55319",10,"MN",5185,1.92864030858245
"55320",16,"MN",5998,2.66755585195065
"55321",3,"MN",5646,0.53134962805526
"55322",2,"MN",3775,0.529801324503311
"55325",5,"MN",4795,1.04275286757039
"55327",41,"MN",6016,6.81515957446809
"55328",36,"MN",10019,3.59317297135443
"55329",2,"MN",2219,0.901306894997747
"55330",146,"MN",45721,3.19328098685506
"55331",296,"MN",19805,14.9457207775814
"55332",2,"MN",1667,1.1997600479904
"55334",3,"MN",2727,1.1001100110011
"55335",3,"MN",1666,1.80072028811525
"55336",10,"MN",8296,1.20540019286403
"55337",149,"MN",47633,3.12808347154284
"55338",1,"MN",978,1.02249488752556
"55339",1,"MN",942,1.06157112526539
"55340",164,"MN",10183,16.1052734950408
"55341",16,"MN",3561,4.4931199101376
"55342",1,"MN",1973,0.506842372022301
"55343",145,"MN",27102,5.3501586598775
"55344",103,"MN",14034,7.33931879720678
"55345",200,"MN",20789,9.62047236519313
"55346",122,"MN",18588,6.56337421992683
"55347",365,"MN",30429,11.9951362187387
"55349",6,"MN",3549,1.69061707523246
"55350",25,"MN",18610,1.34336378291241
"55352",44,"MN",10515,4.18449833571089
"55353",4,"MN",3361,1.19012198750372
"55354",3,"MN",3159,0.949667616334283
"55355",13,"MN",9663,1.34533788678464
"55356",75,"MN",5696,13.1671348314607
"55357",19,"MN",3419,5.55718046212343
"55358",11,"MN",5061,2.17348350128433
"55359",53,"MN",6997,7.57467486065457
"55360",9,"MN",3341,2.69380425022448
"55362",43,"MN",20663,2.08101437351788
"55363",11,"MN",5814,1.89198486412109
"55364",125,"MN",14097,8.86713485138682
"55367",1,"MN",1122,0.89126559714795
"55368",2,"MN",1775,1.12676056338028
"55369",233,"MN",39290,5.93026215321965
"55370",2,"MN",558,3.584229390681
"55371",22,"MN",18103,1.21526818759322
"55372",259,"MN",34772,7.44852179914874
"55373",18,"MN",5822,3.09172105805565
"55374",105,"MN",16661,6.3021427285277
"55375",10,"MN",4326,2.31160425335183
"55376",81,"MN",20106,4.02864816472695
"55378",165,"MN",32162,5.13027796778807
"55379",216,"MN",50041,4.31646050238804
"55381",2,"MN",1819,1.09950522264981
"55382",10,"MN",3691,2.70929287455974
"55384",3,"MN",1896,1.58227848101266
"55385",2,"MN",1337,1.49588631264024
"55386",87,"MN",10077,8.63352188151235
"55387",61,"MN",15030,4.0585495675316
"55388",11,"MN",5893,1.86662141523842
"55389",4,"MN",2384,1.67785234899329
"55390",8,"MN",3492,2.29095074455899
"55391",271,"MN",15502,17.4816152754483
"55395",1,"MN",2723,0.367242012486228
"55396",2,"MN",2288,0.874125874125874
"55397",6,"MN",3404,1.76263219741481
"55398",25,"MN",17688,1.41338760741746
"55401",109,"MN",11816,9.22477995937712
"55402",6,"MN",667,8.99550224887556
"55403",264,"MN",17601,14.9991477756946
"55404",41,"MN",28920,1.41770401106501
"55405",163,"MN",17198,9.47784626119316
"55406",263,"MN",36581,7.18952461660425
"55407",176,"MN",37667,4.67252502190246
"55408",131,"MN",31507,4.15780620179643
"55409",96,"MN",11188,8.58062209510189
"55410",337,"MN",20422,16.5018117716188
"55411",63,"MN",27741,2.27100681302044
"55412",47,"MN",24460,1.92150449713818
"55413",68,"MN",14655,4.64005458887752
"55414",120,"MN",35007,3.42788585140115
"55415",69,"MN",6900,10
"55416",361,"MN",35015,10.3098671997715
"55417",194,"MN",25102,7.72846785116724
"55418",171,"MN",31505,5.42770988731947
"55419",374,"MN",29738,12.5765014459614
"55420",66,"MN",24451,2.69927610322686
"55421",81,"MN",30843,2.62620367668515
"55422",214,"MN",28452,7.52143961760157
"55423",117,"MN",36724,3.18592745888247
"55424",221,"MN",10289,21.4792496841287
"55425",40,"MN",10908,3.66703337000367
"55426",172,"MN",25251,6.81161142132985
"55427",148,"MN",24764,5.97641738006784
"55428",67,"MN",32499,2.06160189544294
"55429",51,"MN",27024,1.88721136767318
"55430",46,"MN",22749,2.02206690403974
"55431",85,"MN",18664,4.55422203171882
"55432",97,"MN",33672,2.88073176526491
"55433",65,"MN",34463,1.886080724255
"55434",163,"MN",33029,4.93505707105877
"55435",97,"MN",14192,6.8348365276212
"55436",181,"MN",14462,12.5155580141059
"55437",120,"MN",18881,6.35559557226842
"55438",105,"MN",15701,6.68747213553277
"55439",164,"MN",9459,17.3379849878423
"55441",130,"MN",17944,7.2447614801605
"55442",84,"MN",12694,6.61729951158027
"55443",121,"MN",33660,3.59477124183007
"55444",35,"MN",16559,2.11365420617187
"55445",51,"MN",13546,3.76494906245386
"55446",412,"MN",28247,14.5856197118278
"55447",136,"MN",20931,6.49753953466151
"55448",78,"MN",29005,2.68919151870367
"55449",245,"MN",34443,7.11320152135412
"55450",77,"MN",124,620.967741935484
"55454",12,"MN",8880,1.35135135135135
"55603",2,"MN",490,4.08163265306122
"55604",7,"MN",3719,1.88222640494757
"55605",1,"MN",572,1.74825174825175
"55606",1,"MN",198,5.05050505050505
"55607",1,"MN",192,5.20833333333333
"55609",2,"MN",131,15.2671755725191
"55612",3,"MN",535,5.60747663551402
"55614",3,"MN",2485,1.20724346076459
"55615",1,"MN",379,2.63852242744063
"55616",16,"MN",7250,2.20689655172414
"55702",1,"MN",412,2.42718446601942
"55703",1,"MN",906,1.1037527593819
"55704",2,"MN",1051,1.90294957183635
"55705",2,"MN",3211,0.622858922454064
"55706",2,"MN",1703,1.17439812096301
"55707",3,"MN",3470,0.864553314121037
"55708",1,"MN",929,1.07642626480086
"55709",2,"MN",4628,0.432152117545376
"55711",1,"MN",540,1.85185185185185
"55713",1,"MN",1048,0.954198473282443
"55717",1,"MN",287,3.48432055749129
"55718",8,"MN",3111,2.57152041144327
"55719",3,"MN",5613,0.534473543559594
"55720",14,"MN",17448,0.802384227418615
"55721",5,"MN",4044,1.23639960435213
"55722",1,"MN",963,1.03842159916926
"55723",4,"MN",1927,2.07576543850545
"55726",1,"MN",1087,0.919963201471941
"55731",11,"MN",5361,2.05185599701548
"55733",4,"MN",5139,0.778361548939482
"55734",7,"MN",6265,1.11731843575419
"55738",2,"MN",599,3.33889816360601
"55741",4,"MN",2947,1.35731252120801
"55744",27,"MN",20295,1.33037694013304
"55746",7,"MN",16730,0.418410041841004
"55748",1,"MN",1374,0.727802037845706
"55750",3,"MN",2068,1.45067698259188
"55751",4,"MN",1388,2.88184438040346
"55758",1,"MN",121,8.26446280991736
"55760",3,"MN",2894,1.03662750518314
"55763",1,"MN",495,2.02020202020202
"55767",6,"MN",4582,1.3094718463553
"55768",5,"MN",2964,1.68690958164642
"55769",1,"MN",2219,0.450653447498873
"55771",1,"MN",1484,0.673854447439353
"55775",3,"MN",1309,2.29182582123759
"55779",5,"MN",3905,1.28040973111396
"55781",4,"MN",821,4.8721071863581
"55783",2,"MN",2639,0.757862826828344
"55790",1,"MN",1847,0.541418516513265
"55792",9,"MN",9663,0.931387767773983
"55793",1,"MN",666,1.5015015015015
"55795",1,"MN",1807,0.553403431101273
"55797",1,"MN",1457,0.686341798215511
"55802",19,"MN",2399,7.91996665277199
"55803",54,"MN",17662,3.05741139168837
"55804",56,"MN",15922,3.51714608717498
"55805",10,"MN",10602,0.943218260705527
"55806",18,"MN",9356,1.92389910218042
"55807",17,"MN",9763,1.74126805285261
"55808",11,"MN",5691,1.93287647162186
"55810",17,"MN",8285,2.05190102595051
"55811",64,"MN",28118,2.27612205704531
"55812",17,"MN",10859,1.56552168707984
"55901",157,"MN",58495,2.68399008462262
"55902",229,"MN",26464,8.65326481257557
"55904",70,"MN",29639,2.36175309558352
"55906",109,"MN",20437,5.33346381562852
"55909",2,"MN",1387,1.44196106705119
"55912",35,"MN",29632,1.1811555075594
"55917",5,"MN",3410,1.46627565982405
"55918",1,"MN",1084,0.922509225092251
"55920",35,"MN",9271,3.77521302987811
"55921",7,"MN",4659,1.50246834084568
"55922",1,"MN",818,1.22249388753056
"55923",7,"MN",4375,1.6
"55925",2,"MN",1336,1.49700598802395
"55926",1,"MN",799,1.25156445556946
"55927",4,"MN",4297,0.930882010705143
"55929",1,"MN",1383,0.723065798987708
"55932",6,"MN",1999,3.00150075037519
"55934",3,"MN",3466,0.865551067512983
"55935",1,"MN",1006,0.99403578528827
"55936",1,"MN",1785,0.560224089635854
"55940",7,"MN",2791,2.50806162665711
"55941",1,"MN",1072,0.932835820895522
"55943",2,"MN",3221,0.620925178515989
"55944",15,"MN",8161,1.83801004778826
"55945",3,"MN",1321,2.27100681302044
"55946",2,"MN",3395,0.589101620029455
"55947",24,"MN",7403,3.2419289477239
"55949",2,"MN",1923,1.04004160166407
"55951",1,"MN",1385,0.722021660649819
"55952",3,"MN",2585,1.1605415860735
"55955",7,"MN",2605,2.68714011516315
"55956",4,"MN",2199,1.81900864029104
"55957",1,"MN",748,1.33689839572193
"55959",1,"MN",1889,0.529380624669137
"55960",22,"MN",3375,6.51851851851852
"55961",1,"MN",520,1.92307692307692
"55962",2,"MN",756,2.64550264550265
"55963",14,"MN",5244,2.6697177726926
"55964",3,"MN",4400,0.681818181818182
"55965",1,"MN",2300,0.434782608695652
"55967",1,"MN",1001,0.999000999000999
"55969",1,"MN",1169,0.855431993156544
"55971",2,"MN",3018,0.662690523525514
"55972",6,"MN",5434,1.10415899889584
"55974",4,"MN",1902,2.10304942166141
"55975",6,"MN",4433,1.35348522445297
"55976",10,"MN",8509,1.17522623104948
"55979",1,"MN",1053,0.949667616334283
"55981",4,"MN",3955,1.01137800252844
"55983",3,"MN",1874,1.6008537886873
"55985",3,"MN",1759,1.70551449687322
"55987",70,"MN",34072,2.05447288095797
"55990",1,"MN",899,1.11234705228031
"55992",11,"MN",5544,1.98412698412698
"56001",101,"MN",51585,1.95793350780266
"56003",45,"MN",15258,2.94927251278018
"56007",16,"MN",21377,0.748467979604248
"56009",2,"MN",1527,1.30975769482646
"56010",3,"MN",1159,2.58843830888697
"56011",17,"MN",9921,1.71353694184054
"56013",6,"MN",4535,1.32304299889746
"56014",1,"MN",727,1.37551581843191
"56016",1,"MN",989,1.01112234580384
"56017",1,"MN",1763,0.567214974475326
"56019",1,"MN",795,1.25786163522013
"56024",5,"MN",3647,1.37098985467508
"56025",1,"MN",483,2.0703933747412
"56026",3,"MN",2124,1.41242937853107
"56027",1,"MN",692,1.44508670520231
"56028",3,"MN",1018,2.94695481335953
"56029",3,"MN",642,4.67289719626168
"56031",9,"MN",11665,0.771538791255894
"56035",1,"MN",387,2.58397932816537
"56036",3,"MN",1740,1.72413793103448
"56037",2,"MN",1374,1.45560407569141
"56044",8,"MN",2370,3.37552742616034
"56048",5,"MN",4025,1.24223602484472
"56050",2,"MN",1306,1.53139356814701
"56051",2,"MN",610,3.27868852459016
"56054",3,"MN",853,3.51699882766706
"56055",7,"MN",3898,1.79579271421242
"56057",4,"MN",3919,1.02066853789232
"56058",5,"MN",6067,0.824130542277897
"56062",1,"MN",3234,0.309214594928881
"56063",8,"MN",3221,2.48370071406396
"56069",7,"MN",4991,1.40252454417952
"56071",31,"MN",13157,2.35616021889488
"56072",4,"MN",2228,1.79533213644524
"56073",26,"MN",17339,1.49950977565027
"56074",2,"MN",1845,1.0840108401084
"56080",1,"MN",672,1.48809523809524
"56081",6,"MN",6172,0.972132209980557
"56082",18,"MN",14606,1.23237025879775
"56083",1,"MN",741,1.34952766531714
"56085",5,"MN",5047,0.990687537150783
"56087",1,"MN",3105,0.322061191626409
"56088",1,"MN",2071,0.482858522452921
"56093",15,"MN",12672,1.18371212121212
"56096",6,"MN",2953,2.03183203521842
"56097",8,"MN",3487,2.29423573272154
"56098",2,"MN",1970,1.01522842639594
"56101",4,"MN",6157,0.64966704563911
"56110",3,"MN",1633,1.83710961420698
"56116",1,"MN",559,1.78890876565295
"56117",1,"MN",400,2.5
"56118",1,"MN",457,2.18818380743982
"56120",2,"MN",983,2.03458799593082
"56134",1,"MN",441,2.26757369614512
"56138",1,"MN",927,1.07874865156419
"56143",5,"MN",4509,1.10889332446219
"56149",2,"MN",1318,1.51745068285281
"56156",5,"MN",6371,0.784806152880239
"56157",1,"MN",707,1.41442715700141
"56159",2,"MN",2668,0.749625187406297
"56164",2,"MN",5516,0.362581580855693
"56167",1,"MN",555,1.8018018018018
"56170",1,"MN",546,1.83150183150183
"56171",1,"MN",1632,0.612745098039216
"56172",2,"MN",2987,0.669568128557081
"56173",1,"MN",307,3.25732899022801
"56175",1,"MN",2972,0.336473755047106
"56176",1,"MN",888,1.12612612612613
"56178",1,"MN",1669,0.599161174355902
"56181",1,"MN",1280,0.78125
"56183",1,"MN",1241,0.8058017727639
"56187",5,"MN",15214,0.328644669383463
"56201",30,"MN",25146,1.19303268909568
"56208",4,"MN",2113,1.89304306672977
"56209",3,"MN",2570,1.16731517509728
"56215",3,"MN",4677,0.64143681847338
"56216",1,"MN",592,1.68918918918919
"56221",1,"MN",731,1.36798905608755
"56222",2,"MN",1972,1.01419878296146
"56223",1,"MN",1351,0.74019245003701
"56225",1,"MN",734,1.36239782016349
"56227",1,"MN",215,4.65116279069767
"56230",1,"MN",779,1.28369704749679
"56232",2,"MN",2379,0.840689365279529
"56235",1,"MN",523,1.91204588910134
"56241",2,"MN",3933,0.508517670989067
"56244",1,"MN",1832,0.545851528384279
"56245",1,"MN",441,2.26757369614512
"56256",1,"MN",2446,0.408830744071954
"56258",11,"MN",15888,0.692346424974824
"56265",5,"MN",7225,0.692041522491349
"56266",1,"MN",1583,0.631711939355654
"56267",13,"MN",6783,1.91655609612266
"56270",2,"MN",1076,1.85873605947955
"56271",1,"MN",1334,0.749625187406297
"56273",3,"MN",4956,0.605326876513317
"56277",2,"MN",2905,0.688468158347676
"56278",2,"MN",2698,0.741289844329133
"56282",1,"MN",1471,0.679809653297077
"56283",6,"MN",6481,0.925783058170035
"56284",1,"MN",2168,0.461254612546125
"56288",12,"MN",4697,2.55482222695337
"56297",1,"MN",811,1.23304562268804
"56301",75,"MN",35580,2.1079258010118
"56303",40,"MN",25827,1.54876679443993
"56304",27,"MN",17473,1.54524122932524
"56307",5,"MN",5385,0.928505106778087
"56308",38,"MN",27008,1.40699052132701
"56310",53,"MN",5431,9.75879211931504
"56312",1,"MN",2270,0.440528634361234
"56315",2,"MN",1803,1.10926234054354
"56316",1,"MN",1461,0.684462696783025
"56318",2,"MN",1191,1.67926112510495
"56319",3,"MN",1283,2.33826968043648
"56320",20,"MN",8482,2.35793444942231
"56324",1,"MN",1028,0.972762645914397
"56326",1,"MN",1716,0.582750582750583
"56327",1,"MN",729,1.37174211248285
"56329",10,"MN",7778,1.28567755206994
"56331",1,"MN",2057,0.486144871171609
"56332",1,"MN",1627,0.614628149969269
"56334",16,"MN",5776,2.77008310249307
"56336",1,"MN",1566,0.638569604086845
"56338",2,"MN",1636,1.22249388753056
"56340",1,"MN",2309,0.43308791684712
"56343",1,"MN",759,1.31752305665349
"56345",21,"MN",15008,1.39925373134328
"56347",5,"MN",8042,0.621735886595374
"56350",2,"MN",471,4.24628450106157
"56352",3,"MN",6112,0.490837696335079
"56353",7,"MN",9546,0.73329143096585
"56357",1,"MN",1230,0.813008130081301
"56358",6,"MN",3107,1.9311232700354
"56359",2,"MN",3521,0.568020448736155
"56360",3,"MN",3721,0.806234883095942
"56361",1,"MN",2592,0.385802469135802
"56362",7,"MN",5773,1.21254113978867
"56364",2,"MN",5708,0.350385423966363
"56367",12,"MN",7209,1.66458593424886
"56368",5,"MN",4262,1.1731581417175
"56373",1,"MN",3329,0.300390507659958
"56374",15,"MN",10029,1.49566257852229
"56377",62,"MN",21063,2.94355030147652
"56378",7,"MN",8649,0.809342120476356
"56379",26,"MN",17607,1.47668540921225
"56381",2,"MN",2344,0.853242320819113
"56385",1,"MN",917,1.09051254089422
"56387",1,"MN",7756,0.128932439401753
"56401",35,"MN",31841,1.09921170817499
"56425",20,"MN",8932,2.23914017017465
"56431",7,"MN",9312,0.751718213058419
"56435",4,"MN",2801,1.42806140664049
"56438",2,"MN",2942,0.679809653297077
"56440",1,"MN",1395,0.716845878136201
"56441",2,"MN",3348,0.5973715651135
"56442",11,"MN",2762,3.98262128892107
"56443",2,"MN",1537,1.30123617436565
"56444",7,"MN",3331,2.1014710297208
"56447",2,"MN",843,2.37247924080664
"56449",1,"MN",1710,0.584795321637427
"56452",6,"MN",1936,3.09917355371901
"56455",3,"MN",1688,1.77725118483412
"56461",2,"MN",3337,0.599340725202278
"56464",3,"MN",5053,0.59370670888581
"56465",4,"MN",2476,1.61550888529887
"56466",2,"MN",3284,0.609013398294762
"56468",18,"MN",4520,3.98230088495575
"56469",1,"MN",967,1.03412616339193
"56470",18,"MN",11186,1.60915430001788
"56472",13,"MN",8830,1.4722536806342
"56474",7,"MN",4475,1.56424581005587
"56477",2,"MN",2594,0.771010023130301
"56479",2,"MN",5021,0.398327026488747
"56481",1,"MN",2255,0.443458980044346
"56482",4,"MN",7619,0.525003281270508
"56484",2,"MN",3252,0.615006150061501
"56501",20,"MN",18004,1.11086425238836
"56510",2,"MN",2292,0.87260034904014
"56511",1,"MN",2006,0.498504486540379
"56514",2,"MN",3994,0.500751126690035
"56515",2,"MN",2723,0.734484024972457
"56520",2,"MN",3852,0.519210799584631
"56521",1,"MN",692,1.44508670520231
"56523",1,"MN",382,2.61780104712042
"56524",1,"MN",694,1.44092219020173
"56528",2,"MN",1623,1.23228589032656
"56529",4,"MN",4713,0.848716316571186
"56531",5,"MN",2063,2.42365487154629
"56534",3,"MN",1201,2.49791840133222
"56536",3,"MN",502,5.97609561752988
"56537",37,"MN",19856,1.86341659951652
"56540",2,"MN",1891,1.05764145954521
"56542",1,"MN",2486,0.402252614641995
"56543",1,"MN",222,4.5045045045045
"56544",2,"MN",5726,0.349283967865875
"56547",2,"MN",2762,0.724112961622013
"56549",2,"MN",5028,0.397772474144789
"56551",2,"MN",2387,0.837871805613741
"56557",1,"MN",2758,0.362581580855693
"56560",43,"MN",44405,0.968359418984349
"56562",2,"MN",528,3.78787878787879
"56567",3,"MN",3367,0.891000891000891
"56571",1,"MN",1745,0.573065902578797
"56572",10,"MN",5827,1.71614896172988
"56573",6,"MN",7221,0.830909846281678
"56575",1,"MN",665,1.50375939849624
"56578",1,"MN",654,1.52905198776758
"56584",1,"MN",1297,0.771010023130301
"56586",2,"MN",1873,1.06780565936999
"56587",3,"MN",1339,2.24047796863331
"56588",1,"MN",483,2.0703933747412
"56589",1,"MN",1760,0.568181818181818
"56590",1,"MN",367,2.72479564032698
"56601",31,"MN",34784,0.891214351425943
"56621",2,"MN",4336,0.461254612546125
"56623",3,"MN",2733,1.09769484083425
"56628",2,"MN",1675,1.19402985074627
"56630",1,"MN",2180,0.458715596330275
"56633",2,"MN",4802,0.41649312786339
"56649",2,"MN",8825,0.226628895184136
"56650",2,"MN",831,2.40673886883273
"56655",3,"MN",1351,2.22057735011103
"56657",1,"MN",251,3.98406374501992
"56662",1,"MN",624,1.6025641025641
"56666",1,"MN",816,1.22549019607843
"56667",1,"MN",770,1.2987012987013
"56672",2,"MN",2052,0.974658869395711
"56676",2,"MN",1780,1.12359550561798
"56683",1,"MN",677,1.47710487444609
"56686",1,"MN",905,1.10497237569061
"56701",2,"MN",12705,0.157418339236521
"56713",1,"MN",777,1.28700128700129
"56716",4,"MN",8903,0.449286757272829
"56721",7,"MN",10679,0.655492087274089
"56723",1,"MN",838,1.19331742243437
"56728",1,"MN",1116,0.896057347670251
"56732",1,"MN",951,1.0515247108307
"56744",1,"MN",571,1.75131348511384
"56750",1,"MN",2324,0.430292598967298
"56751",3,"MN",5761,0.520742926575247
"56754",1,"MN",491,2.03665987780041
"56757",1,"MN",861,1.16144018583043
"56762",1,"MN",2433,0.41101520756268
"56763",2,"MN",5180,0.386100386100386
"75001",139,"TX",16872,8.23850165955429
"75002",575,"TX",75057,7.66084442490374
"75006",197,"TX",47807,4.12073545715063
"75007",338,"TX",54646,6.18526516121949
"75009",479,"TX",34260,13.9813193228255
"75010",460,"TX",33326,13.803036668067
"75013",1010,"TX",49796,20.2827536348301
"75019",707,"TX",44917,15.7401429302937
"75020",36,"TX",24835,1.44956714314476
"75021",13,"TX",9173,1.41720265998038
"75022",482,"TX",26090,18.4745113070142
"75023",283,"TX",49229,5.74864409189705
"75024",1200,"TX",45652,26.2858144221502
"75025",701,"TX",53202,13.1761963835946
"75028",519,"TX",49094,10.5715566056952
"75032",268,"TX",39865,6.72268907563025
"75033",806,"TX",52795,15.2665972156454
"75034",939,"TX",53818,17.4476940800476
"75035",1943,"TX",89682,21.6654401106131
"75036",630,"TX",33496,18.8082159063769
"75038",1030,"TX",32755,31.4455808273546
"75039",419,"TX",24164,17.3398443966231
"75040",177,"TX",64606,2.73968362071634
"75041",40,"TX",32943,1.21421849861883
"75042",67,"TX",38112,1.75797649034425
"75043",260,"TX",63152,4.11705092475298
"75044",245,"TX",47529,5.1547476277641
"75048",224,"TX",30993,7.22743845384442
"75050",88,"TX",44889,1.96039118715053
"75051",184,"TX",40884,4.50053810781724
"75052",318,"TX",97278,3.2689816813668
"75054",175,"TX",18388,9.51707635414401
"75056",775,"TX",69628,11.1305796518642
"75057",129,"TX",17958,7.18342799866355
"75058",26,"TX",3625,7.17241379310345
"75060",68,"TX",47591,1.42884158769515
"75061",132,"TX",56013,2.35659579026297
"75062",165,"TX",52116,3.16601427584619
"75063",898,"TX",45849,19.5860324107396
"75065",80,"TX",13657,5.85780185985209
"75067",240,"TX",66913,3.58674696994605
"75068",656,"TX",72710,9.02214275890524
"75069",261,"TX",40032,6.51978417266187
"75070",778,"TX",64078,12.1414526046381
"75071",834,"TX",72964,11.4302943917548
"75072",448,"TX",55087,8.13259026630602
"75074",328,"TX",53831,6.09314335605878
"75075",284,"TX",38135,7.44722695686377
"75076",20,"TX",7989,2.50344223307047
"75077",307,"TX",42950,7.14784633294529
"75078",1036,"TX",53011,19.5431136933844
"75080",267,"TX",52569,5.07903897734406
"75081",180,"TX",36544,4.92556917688266
"75082",368,"TX",29618,12.4248767641299
"75087",260,"TX",44326,5.86563190903759
"75088",99,"TX",28075,3.52626892252894
"75089",150,"TX",35619,4.21123557651815
"75090",32,"TX",26594,1.20327893509814
"75092",54,"TX",28342,1.9052995554301
"75093",616,"TX",47954,12.8456437419193
"75094",281,"TX",24200,11.6115702479339
"75098",488,"TX",69325,7.03930760908763
"75102",2,"TX",1583,1.26342387871131
"75103",20,"TX",16824,1.1887779362815
"75104",159,"TX",49228,3.22986918014138
"75109",13,"TX",5344,2.43263473053892
"75110",19,"TX",31552,0.602180527383367
"75114",37,"TX",9333,3.96442730097504
"75115",151,"TX",56211,2.68630695059686
"75116",20,"TX",19954,1.00230530219505
"75117",8,"TX",5109,1.56586416128401
"75119",46,"TX",31866,1.44354484403439
"75124",4,"TX",5981,0.668784484199967
"75125",9,"TX",7873,1.14314746602312
"75126",433,"TX",84799,5.10619229000342
"75134",24,"TX",19045,1.26017327382515
"75135",31,"TX",11326,2.73706515980929
"75137",41,"TX",19729,2.07815905519793
"75140",2,"TX",8469,0.236155390246782
"75141",8,"TX",5703,1.40277047168157
"75142",13,"TX",22822,0.569625799666988
"75143",12,"TX",14709,0.815827044666531
"75144",10,"TX",3581,2.79251605696733
"75146",30,"TX",25097,1.19536199545762
"75147",7,"TX",9177,0.7627765064836
"75148",7,"TX",5842,1.19821978774392
"75149",63,"TX",58262,1.08132230270159
"75150",72,"TX",62738,1.14762982562402
"75152",8,"TX",5321,1.50347679007705
"75154",127,"TX",52516,2.41831061009978
"75155",2,"TX",2951,0.677736360555744
"75156",25,"TX",16333,1.53064348252005
"75158",10,"TX",6025,1.6597510373444
"75159",21,"TX",23456,0.895293315143247
"75160",44,"TX",28206,1.55995178330852
"75161",14,"TX",8011,1.74759705405068
"75163",3,"TX",2443,1.22799836266885
"75165",131,"TX",53513,2.44800328892045
"75166",47,"TX",6989,6.72485334096437
"75167",62,"TX",13904,4.45914844649022
"75169",26,"TX",16029,1.6220600162206
"75172",159,"TX",5806,27.3854633138133
"75173",24,"TX",10664,2.25056264066016
"75180",13,"TX",26455,0.491400491400491
"75181",95,"TX",29788,3.18920370619041
"75182",89,"TX",8336,10.6765834932822
"75189",178,"TX",48739,3.65210611625187
"75201",1803,"TX",18345,98.2829108748978
"75202",108,"TX",2892,37.344398340249
"75203",36,"TX",15775,2.28209191759113
"75204",370,"TX",34666,10.6732821785034
"75205",357,"TX",26572,13.4351949420443
"75206",359,"TX",38909,9.22665707162867
"75207",56,"TX",8287,6.7575721008809
"75208",197,"TX",29367,6.70820989546089
"75209",201,"TX",14211,14.1439729786785
"75210",1,"TX",7722,0.12950012950013
"75211",79,"TX",73534,1.07433296162319
"75212",68,"TX",28259,2.40631303301603
"75214",398,"TX",34274,11.6123008694637
"75215",46,"TX",18895,2.43450648319661
"75216",34,"TX",55894,0.608294271299245
"75217",46,"TX",85028,0.540998259396905
"75218",191,"TX",22544,8.47232079488999
"75219",343,"TX",23934,14.3310771287708
"75220",175,"TX",40239,4.34901463754069
"75223",37,"TX",11994,3.08487577121894
"75224",34,"TX",35105,0.968523002421308
"75225",347,"TX",22237,15.6046229257544
"75226",56,"TX",5199,10.7713021734949
"75227",87,"TX",58319,1.49179512680259
"75228",120,"TX",67714,1.7721593761999
"75229",309,"TX",33656,9.1811266936059
"75230",453,"TX",27763,16.3166804740122
"75231",132,"TX",38370,3.44018764659891
"75232",41,"TX",32972,1.24347931578309
"75233",24,"TX",14867,1.614313580413
"75234",274,"TX",32961,8.31285458572252
"75235",245,"TX",19637,12.476447522534
"75236",44,"TX",18963,2.3203079681485
"75237",36,"TX",18260,1.97152245345016
"75238",138,"TX",33199,4.15675170938884
"75240",128,"TX",25290,5.06128904705417
"75241",21,"TX",33840,0.620567375886525
"75243",189,"TX",63481,2.9772687890865
"75244",138,"TX",13389,10.3069684069012
"75246",13,"TX",2286,5.68678915135608
"75247",17,"TX",627,27.1132376395534
"75248",328,"TX",38459,8.52856288515042
"75249",34,"TX",16447,2.06724630631726
"75251",31,"TX",3525,8.79432624113475
"75252",244,"TX",28618,8.52610245300161
"75253",20,"TX",24395,0.819840131174421
"75254",119,"TX",25050,4.75049900199601
"75287",242,"TX",53959,4.48488667321485
"75401",22,"TX",22669,0.970488332083462
"75402",37,"TX",20098,1.84097920191064
"75407",177,"TX",34171,5.17983085072137
"75409",125,"TX",27131,4.60727580995909
"75410",4,"TX",4556,0.877963125548727
"75414",1,"TX",3719,0.268889486421081
"75416",1,"TX",2873,0.348068221371389
"75418",12,"TX",15155,0.791817881887166
"75420",3,"TX",1041,2.88184438040346
"75422",9,"TX",3229,2.78724063177454
"75423",6,"TX",3104,1.93298969072165
"75424",7,"TX",3790,1.84696569920844
"75426",1,"TX",4351,0.229832222477591
"75428",8,"TX",11531,0.693781979013095
"75431",2,"TX",2069,0.96665055582407
"75432",3,"TX",3049,0.983929157100689
"75433",1,"TX",3359,0.297707651086633
"75437",1,"TX",1023,0.977517106549365
"75438",1,"TX",1262,0.792393026941363
"75440",8,"TX",7846,1.01962783583992
"75442",25,"TX",10805,2.313743637205
"75446",1,"TX",3814,0.262191924488726
"75447",2,"TX",1028,1.94552529182879
"75448",1,"TX",1127,0.887311446317658
"75450",1,"TX",404,2.47524752475248
"75451",1,"TX",1156,0.865051903114187
"75452",9,"TX",5024,1.79140127388535
"75453",4,"TX",3430,1.16618075801749
"75454",224,"TX",22990,9.74336668116572
"75455",26,"TX",26903,0.966434970077687
"75457",5,"TX",6175,0.809716599190283
"75459",10,"TX",6554,1.52578577967653
"75460",12,"TX",23426,0.51225134465978
"75462",18,"TX",12372,1.454898157129
"75468",1,"TX",1085,0.921658986175115
"75469",1,"TX",372,2.68817204301075
"75472",7,"TX",3951,1.7717033662364
"75473",5,"TX",3674,1.36091453456723
"75474",6,"TX",17671,0.339539358270613
"75476",1,"TX",1111,0.9000900090009
"75478",1,"TX",927,1.07874865156419
"75479",1,"TX",2284,0.437828371278459
"75480",4,"TX",1661,2.40818783865141
"75482",21,"TX",26483,0.792961522486123
"75486",5,"TX",2774,1.80245133381399
"75487",2,"TX",1437,1.39178844815588
"75488",1,"TX",1244,0.803858520900322
"75489",1,"TX",803,1.2453300124533
"75490",4,"TX",3196,1.25156445556946
"75491",11,"TX",5471,2.01060135258636
"75492",1,"TX",250,4
"75494",7,"TX",11470,0.610287707061901
"75495",50,"TX",11120,4.49640287769784
"75496",4,"TX",2893,1.38264777048047
"75497",8,"TX",3669,2.18043063505042
"75501",31,"TX",34866,0.889118338782768
"75503",38,"TX",26372,1.44092219020173
"75551",6,"TX",10341,0.58021467943139
"75555",1,"TX",1630,0.613496932515337
"75556",1,"TX",1184,0.844594594594595
"75558",2,"TX",2126,0.940733772342427
"75559",2,"TX",5528,0.361794500723589
"75561",3,"TX",5014,0.598324690865576
"75562",1,"TX",23,43.4782608695652
"75563",2,"TX",4033,0.495908752789487
"75566",1,"TX",886,1.12866817155756
"75567",1,"TX",3660,0.273224043715847
"75568",1,"TX",2677,0.373552484124019
"75569",1,"TX",3523,0.283848992336077
"75570",8,"TX",11391,0.702308840312527
"75571",1,"TX",2653,0.376931775348662
"75572",8,"TX",3130,2.55591054313099
"75601",23,"TX",15780,1.4575411913815
"75602",16,"TX",20671,0.77403125151178
"75603",15,"TX",6061,2.4748391354562
"75604",43,"TX",31924,1.34694900388423
"75605",80,"TX",35417,2.25880227009628
"75630",3,"TX",2452,1.22349102773246
"75631",1,"TX",2483,0.402738622633911
"75633",10,"TX",13271,0.753522718709969
"75638",2,"TX",5212,0.383729854182655
"75639",2,"TX",2536,0.788643533123028
"75640",6,"TX",6142,0.976880494952784
"75644",8,"TX",12774,0.626272115234069
"75645",10,"TX",10400,0.961538461538462
"75647",9,"TX",13299,0.676742612226483
"75650",13,"TX",10703,1.21461272540409
"75651",1,"TX",1871,0.534473543559594
"75652",15,"TX",15290,0.981033355134075
"75654",6,"TX",12164,0.493258796448537
"75656",2,"TX",4507,0.443754160195252
"75657",4,"TX",7503,0.533120085299214
"75661",4,"TX",2360,1.69491525423729
"75662",18,"TX",25034,0.719022129903331
"75667",1,"TX",1413,0.707714083510262
"75668",1,"TX",2094,0.477554918815664
"75669",1,"TX",1034,0.967117988394584
"75670",9,"TX",18670,0.48205677557579
"75672",19,"TX",16509,1.15088739475438
"75681",1,"TX",2248,0.444839857651246
"75683",3,"TX",3413,0.878992089071198
"75684",7,"TX",8040,0.870646766169154
"75686",9,"TX",14195,0.634026065516027
"75691",6,"TX",4130,1.45278450363196
"75692",3,"TX",5563,0.539277368326443
"75693",5,"TX",5935,0.8424599831508
"75701",40,"TX",36344,1.1005943209333
"75702",9,"TX",27927,0.322268772155978
"75703",140,"TX",46039,3.0409001064315
"75704",12,"TX",8913,1.346348030966
"75705",3,"TX",1704,1.76056338028169
"75706",12,"TX",9560,1.25523012552301
"75707",36,"TX",17532,2.05338809034908
"75708",1,"TX",9732,0.10275380189067
"75709",6,"TX",6015,0.997506234413965
"75711",1,"TX",156,6.41025641025641
"75750",5,"TX",3132,1.59642401021711
"75751",7,"TX",18644,0.375455910748766
"75752",11,"TX",7536,1.45966029723991
"75754",5,"TX",7841,0.637673766101263
"75755",3,"TX",5244,0.5720823798627
"75756",5,"TX",4414,1.13275940190304
"75757",36,"TX",14328,2.51256281407035
"75758",12,"TX",9945,1.20663650075415
"75760",1,"TX",2396,0.417362270450751
"75762",30,"TX",15704,1.91034131431482
"75763",8,"TX",6259,1.27815945039144
"75765",9,"TX",8734,1.03045569040531
"75766",19,"TX",25850,0.735009671179884
"75770",4,"TX",2523,1.585414189457
"75771",35,"TX",21238,1.6479894528675
"75773",12,"TX",14230,0.84328882642305
"75778",5,"TX",3152,1.58629441624365
"75784",1,"TX",531,1.88323917137476
"75785",2,"TX",10705,0.18682858477347
"75789",9,"TX",9095,0.989554700384827
"75790",3,"TX",3915,0.766283524904215
"75791",15,"TX",15786,0.950209045990118
"75792",3,"TX",3898,0.769625448948179
"75801",11,"TX",17531,0.627459928127317
"75803",12,"TX",21770,0.551217271474506
"75831",4,"TX",4881,0.819504199959025
"75833",2,"TX",3550,0.563380281690141
"75835",5,"TX",12439,0.401961572473671
"75839",1,"TX",6796,0.147145379635079
"75840",11,"TX",6994,1.57277666571347
"75844",1,"TX",4770,0.209643605870021
"75846",3,"TX",2741,1.09449106165633
"75851",3,"TX",4336,0.691881918819188
"75853",1,"TX",999,1.001001001001
"75859",6,"TX",2337,2.56739409499358
"75860",4,"TX",6624,0.603864734299517
"75861",2,"TX",1381,1.44822592324403
"75862",6,"TX",9968,0.601926163723916
"75901",29,"TX",28234,1.0271304101438
"75904",43,"TX",34462,1.24775114619001
"75925",5,"TX",3657,1.36724090784796
"75926",2,"TX",1389,1.43988480921526
"75929",1,"TX",1498,0.667556742323097
"75931",2,"TX",2323,0.86095566078347
"75935",7,"TX",12621,0.554631170271769
"75938",1,"TX",2846,0.351370344342937
"75941",4,"TX",8461,0.472757357286373
"75946",4,"TX",4170,0.959232613908873
"75948",4,"TX",5238,0.763650248186331
"75949",3,"TX",9138,0.328299409061064
"75951",12,"TX",15144,0.792393026941363
"75954",1,"TX",3607,0.277238702522872
"75961",12,"TX",15183,0.790357636830666
"75964",12,"TX",20470,0.586223742061553
"75965",17,"TX",18243,0.931864276708875
"75966",1,"TX",4994,0.200240288346015
"75969",4,"TX",4479,0.893056485822728
"75972",2,"TX",5708,0.350385423966363
"75974",2,"TX",2592,0.771604938271605
"75977",1,"TX",547,1.82815356489945
"75979",3,"TX",11273,0.266122593808214
"75980",1,"TX",2539,0.393855848759354
"76001",128,"TX",38913,3.28938915015548
"76002",137,"TX",35265,3.88487168580746
"76005",187,"TX",7102,26.3306110954661
"76006",104,"TX",23446,4.43572464386249
"76008",194,"TX",25165,7.70911980925889
"76009",29,"TX",22803,1.27176248739201
"76010",45,"TX",54978,0.818509221870566
"76011",39,"TX",22752,1.71413502109705
"76012",131,"TX",27991,4.68007573863027
"76013",106,"TX",35715,2.96794064118718
"76014",40,"TX",32818,1.21884331769151
"76015",28,"TX",18135,1.54397573752412
"76016",153,"TX",31280,4.89130434782609
"76017",107,"TX",47074,2.27301695203297
"76018",49,"TX",26834,1.82604158902884
"76020",78,"TX",34602,2.25420495925091
"76021",169,"TX",35354,4.78022288849918
"76022",30,"TX",13760,2.18023255813953
"76023",10,"TX",7534,1.32731616671091
"76028",204,"TX",81549,2.50156347717323
"76031",20,"TX",18920,1.05708245243129
"76033",31,"TX",29538,1.04949556503487
"76034",423,"TX",26103,16.2050339041489
"76035",7,"TX",2656,2.6355421686747
"76036",104,"TX",36044,2.88536233492398
"76039",186,"TX",39855,4.66691757621378
"76040",135,"TX",31677,4.26176721280424
"76043",11,"TX",6858,1.6039661708953
"76044",23,"TX",9196,2.50108742931709
"76048",51,"TX",27000,1.88888888888889
"76049",102,"TX",31506,3.23747857550943
"76050",17,"TX",7282,2.33452348255974
"76051",397,"TX",50618,7.84305978110554
"76052",294,"TX",34249,8.58419223918947
"76053",57,"TX",32323,1.76345017479813
"76054",61,"TX",11744,5.1941416893733
"76055",4,"TX",3577,1.11825552138664
"76058",23,"TX",22276,1.03250134674089
"76059",11,"TX",5586,1.96920873612603
"76060",83,"TX",9444,8.78864887759424
"76061",1,"TX",22,45.4545454545455
"76063",580,"TX",82625,7.0196671709531
"76065",215,"TX",47438,4.53223154433155
"76066",4,"TX",5865,0.682011935208866
"76067",17,"TX",21080,0.806451612903226
"76070",3,"TX",1164,2.57731958762887
"76071",15,"TX",5159,2.90754022097306
"76073",7,"TX",7648,0.915271966527197
"76077",1,"TX",1001,0.999000999000999
"76078",27,"TX",10828,2.49353527890654
"76082",33,"TX",24880,1.32636655948553
"76084",59,"TX",14097,4.18528764985458
"76085",32,"TX",12357,2.58962531358744
"76086",36,"TX",23328,1.54320987654321
"76087",122,"TX",36822,3.31323665200152
"76088",25,"TX",15290,1.63505559189012
"76092",791,"TX",31520,25.0951776649746
"76102",168,"TX",11895,14.1235813366961
"76103",21,"TX",15975,1.31455399061033
"76104",42,"TX",20443,2.05449298048232
"76105",5,"TX",22228,0.224941515206046
"76106",19,"TX",35946,0.52857063372837
"76107",191,"TX",30994,6.16248306123766
"76108",122,"TX",45537,2.6791400399675
"76109",161,"TX",26006,6.19087902791664
"76110",74,"TX",33441,2.21285248646871
"76111",36,"TX",20989,1.71518414407547
"76112",74,"TX",44514,1.66239834658759
"76114",53,"TX",27357,1.93734693131557
"76115",11,"TX",19655,0.559654032052913
"76116",152,"TX",49856,3.04878048780488
"76117",38,"TX",32950,1.15326251896813
"76118",84,"TX",17991,4.66900116725029
"76119",37,"TX",52974,0.698455846264205
"76120",78,"TX",21102,3.69633210122263
"76123",147,"TX",42957,3.42202667784063
"76126",211,"TX",27689,7.6203546534725
"76127",1,"TX",1729,0.578368999421631
"76131",256,"TX",56322,4.54529313589716
"76132",113,"TX",26927,4.19653136257288
"76133",93,"TX",53958,1.72356277104415
"76134",17,"TX",29949,0.567631640455441
"76135",54,"TX",19445,2.77706351247107
"76137",186,"TX",60352,3.08191940615058
"76140",67,"TX",33321,2.01074397527085
"76148",33,"TX",23367,1.41224804211067
"76155",53,"TX",6533,8.11265880912291
"76164",10,"TX",13457,0.743107676302296
"76177",210,"TX",25012,8.39596993443147
"76179",321,"TX",80090,4.00799101011362
"76180",114,"TX",38371,2.97099371921503
"76182",144,"TX",30242,4.76158984194167
"76201",52,"TX",31143,1.6697171113894
"76205",61,"TX",18978,3.21424807672041
"76207",94,"TX",19862,4.73265532171987
"76208",142,"TX",30025,4.72939217318901
"76209",64,"TX",27982,2.28718461868344
"76210",246,"TX",47610,5.16698172652804
"76225",8,"TX",3487,2.29423573272154
"76226",585,"TX",43587,13.4214329960768
"76227",596,"TX",62127,9.59325253110564
"76230",10,"TX",10536,0.949126803340926
"76233",6,"TX",3711,1.61681487469685
"76234",28,"TX",21418,1.30731160705948
"76239",2,"TX",1341,1.49142431021626
"76240",41,"TX",29419,1.39365716033856
"76244",374,"TX",76728,4.87436138046085
"76245",3,"TX",1814,1.65380374862183
"76247",244,"TX",21726,11.2307833931695
"76248",343,"TX",40936,8.37893296853625
"76249",24,"TX",10637,2.2562752655824
"76250",1,"TX",881,1.13507377979569
"76251",3,"TX",708,4.23728813559322
"76252",2,"TX",2947,0.678656260604004
"76255",3,"TX",6053,0.495622005617049
"76258",35,"TX",8444,4.14495499763145
"76259",24,"TX",6596,3.63856882959369
"76262",1956,"TX",43620,44.8418156808803
"76263",2,"TX",35,57.1428571428571
"76264",4,"TX",997,4.01203610832497
"76265",1,"TX",1566,0.638569604086845
"76266",46,"TX",18155,2.53373726246213
"76270",4,"TX",1826,2.19058050383352
"76271",5,"TX",1859,2.68961807423346
"76272",10,"TX",5335,1.87441424554827
"76273",15,"TX",11229,1.33582687683676
"76301",6,"TX",15479,0.38762193940177
"76302",21,"TX",11932,1.75997318136105
"76305",6,"TX",4941,1.21432908318154
"76306",15,"TX",13963,1.07426770751271
"76308",31,"TX",21896,1.41578370478626
"76309",15,"TX",13395,1.11982082866741
"76310",47,"TX",19029,2.46991434126859
"76311",9,"TX",6362,1.41464948129519
"76351",1,"TX",1256,0.796178343949045
"76354",16,"TX",11990,1.33444537114262
"76360",1,"TX",2699,0.370507595405706
"76365",4,"TX",4842,0.826104915324246
"76366",3,"TX",2074,1.44648023143684
"76367",8,"TX",14367,0.556831628036472
"76374",7,"TX",4073,1.71863491284066
"76377",1,"TX",464,2.1551724137931
"76379",1,"TX",672,1.48809523809524
"76380",1,"TX",3509,0.284981476204047
"76384",6,"TX",12069,0.497141436738752
"76401",31,"TX",31375,0.98804780876494
"76424",2,"TX",8629,0.231776567389037
"76426",21,"TX",11632,1.80536451169188
"76430",1,"TX",2395,0.417536534446764
"76431",3,"TX",4494,0.667556742323097
"76432",3,"TX",1459,2.05620287868403
"76433",3,"TX",2178,1.37741046831956
"76437",4,"TX",5882,0.680040802448147
"76442",6,"TX",7372,0.813890396093326
"76443",2,"TX",1999,1.00050025012506
"76444",2,"TX",4081,0.490075961774075
"76446",4,"TX",8131,0.491944410281638
"76448",2,"TX",5100,0.392156862745098
"76449",2,"TX",2113,0.946521533364884
"76450",5,"TX",12999,0.384644972690207
"76453",4,"TX",1440,2.77777777777778
"76454",1,"TX",1320,0.757575757575758
"76457",3,"TX",4244,0.706880301602262
"76462",8,"TX",5167,1.54828720727695
"76470",1,"TX",3218,0.310752019888129
"76472",5,"TX",1725,2.89855072463768
"76476",4,"TX",4144,0.965250965250965
"76486",2,"TX",1123,1.78094390026714
"76487",8,"TX",4133,1.9356399709654
"76501",63,"TX",17752,3.54889589905363
"76502",164,"TX",52669,3.11378609808426
"76504",23,"TX",26166,0.879003286707942
"76513",159,"TX",45928,3.46194042849678
"76518",1,"TX",1031,0.969932104752667
"76519",2,"TX",782,2.55754475703325
"76520",6,"TX",8426,0.712081652029433
"76522",95,"TX",42118,2.25556769077354
"76524",3,"TX",3668,0.817884405670665
"76525",3,"TX",1289,2.32738557020946
"76527",16,"TX",4918,3.25335502236682
"76528",15,"TX",18935,0.7921837866385
"76530",6,"TX",2598,2.3094688221709
"76531",2,"TX",4703,0.425260472039124
"76534",2,"TX",2675,0.747663551401869
"76537",63,"TX",16272,3.8716814159292
"76539",16,"TX",9415,1.69941582580988
"76541",13,"TX",19011,0.68381463363316
"76542",134,"TX",53892,2.48645439026201
"76543",31,"TX",34457,0.899672055025104
"76544",51,"TX",28191,1.80908800681068
"76548",97,"TX",33729,2.87586350025201
"76549",118,"TX",56038,2.10571397979942
"76550",15,"TX",13675,1.09689213893967
"76556",3,"TX",1692,1.77304964539007
"76557",6,"TX",5644,1.06307583274274
"76559",26,"TX",7197,3.61261636793108
"76561",1,"TX",996,1.00401606425703
"76566",2,"TX",370,5.4054054054054
"76567",5,"TX",9032,0.553587245349867
"76569",5,"TX",2761,1.81093806591815
"76570",2,"TX",2339,0.855066267635742
"76571",56,"TX",9000,6.22222222222222
"76574",107,"TX",20242,5.28603892895959
"76577",5,"TX",3128,1.59846547314578
"76578",3,"TX",1762,1.70261066969353
"76579",7,"TX",5448,1.2848751835536
"76621",2,"TX",1104,1.81159420289855
"76624",5,"TX",2660,1.8796992481203
"76626",2,"TX",1036,1.93050193050193
"76627",1,"TX",1736,0.576036866359447
"76630",3,"TX",1589,1.88797986154814
"76631",2,"TX",455,4.3956043956044
"76632",1,"TX",1350,0.740740740740741
"76633",22,"TX",6268,3.50989151244416
"76634",10,"TX",7537,1.32678784662332
"76636",2,"TX",1748,1.1441647597254
"76638",8,"TX",3671,2.17924271315718
"76640",4,"TX",3089,1.29491744901263
"76641",1,"TX",2487,0.402090872537193
"76642",4,"TX",6363,0.628634292000629
"76643",35,"TX",16432,2.12999026290166
"76645",9,"TX",11494,0.78301722637898
"76648",1,"TX",2777,0.360100828231905
"76649",1,"TX",813,1.230012300123
"76655",29,"TX",10603,2.73507497877959
"76657",49,"TX",12760,3.84012539184953
"76661",2,"TX",7602,0.263088660878716
"76664",1,"TX",3231,0.309501702259362
"76665",2,"TX",2771,0.721761097076868
"76667",7,"TX",10494,0.667047836859158
"76671",4,"TX",2093,1.91113234591495
"76673",1,"TX",1196,0.836120401337793
"76679",1,"TX",1433,0.697836706210747
"76682",4,"TX",3661,1.09259765091505
"76686",1,"TX",341,2.93255131964809
"76687",2,"TX",1830,1.09289617486339
"76689",3,"TX",4564,0.657318141980719
"76690",1,"TX",1214,0.823723228995058
"76691",5,"TX",6661,0.750638042335986
"76692",22,"TX",9853,2.232822490612
"76701",11,"TX",1871,5.87920897915553
"76705",53,"TX",31616,1.67636639676113
"76706",55,"TX",41627,1.32125783746126
"76707",13,"TX",15879,0.818691353359783
"76708",47,"TX",27790,1.69125584742713
"76710",43,"TX",23329,1.84319945132667
"76711",12,"TX",9676,1.24018189334436
"76712",87,"TX",29118,2.98784257160519
"76798",2,"TX",2883,0.693721817551162
"76801",17,"TX",25146,0.676051857154219
"76802",5,"TX",5415,0.923361034164358
"76821",4,"TX",4670,0.856531049250535
"76823",1,"TX",2785,0.359066427289048
"76825",4,"TX",6454,0.619770684846607
"76827",1,"TX",731,1.36798905608755
"76828",2,"TX",168,11.9047619047619
"76834",1,"TX",4981,0.200762899016262
"76837",4,"TX",1926,2.07684319833853
"76841",2,"TX",262,7.63358778625954
"76844",3,"TX",3284,0.913520097442144
"76845",1,"TX",168,5.95238095238095
"76849",2,"TX",3584,0.558035714285714
"76852",1,"TX",278,3.59712230215827
"76853",1,"TX",1618,0.618046971569839
"76854",1,"TX",345,2.89855072463768
"76856",4,"TX",3532,1.13250283125708
"76857",1,"TX",2024,0.494071146245059
"76861",2,"TX",2177,0.91869545245751
"76864",3,"TX",798,3.7593984962406
"76875",1,"TX",404,2.47524752475248
"76877",4,"TX",4111,0.972999270250547
"76890",2,"TX",803,2.4906600249066
"76901",34,"TX",31831,1.06814112029154
"76903",20,"TX",29947,0.667846528867666
"76904",50,"TX",36954,1.35303350110949
"76905",9,"TX",14456,0.622578859988932
"76908",4,"TX",1322,3.02571860816944
"76932",1,"TX",3232,0.309405940594059
"76934",1,"TX",1471,0.679809653297077
"76935",3,"TX",1696,1.7688679245283
"76943",5,"TX",2651,1.886080724255
"76950",1,"TX",3352,0.298329355608592
"76951",1,"TX",1468,0.681198910081744
"76957",1,"TX",49,20.4081632653061
"77002",261,"TX",21015,12.4197002141328
"77003",123,"TX",10164,12.1015348288076
"77004",229,"TX",35997,6.36164124788177
"77005",542,"TX",28874,18.7712128558565
"77006",358,"TX",24892,14.3821308050779
"77007",645,"TX",47808,13.4914658634538
"77008",519,"TX",41645,12.4624804898547
"77009",225,"TX",35769,6.29036316363331
"77010",16,"TX",718,22.2841225626741
"77011",23,"TX",14940,1.53949129852744
"77012",8,"TX",16286,0.491219452290311
"77013",10,"TX",18259,0.547675119119338
"77014",40,"TX",36119,1.10745037238019
"77015",35,"TX",58415,0.599161174355902
"77016",18,"TX",29841,0.603196943802151
"77017",31,"TX",29640,1.04588394062078
"77018",253,"TX",31031,8.15313718539525
"77019",434,"TX",23708,18.3060570271638
"77020",67,"TX",23686,2.82867516676518
"77021",89,"TX",26153,3.40305127518832
"77022",32,"TX",25805,1.24006975392366
"77023",55,"TX",24281,2.26514558708455
"77024",524,"TX",38288,13.6857501044714
"77025",275,"TX",29715,9.25458522631667
"77026",11,"TX",21981,0.50043219143806
"77027",280,"TX",20317,13.7815622385195
"77028",14,"TX",19109,0.732639070595008
"77029",15,"TX",16154,0.928562585118237
"77030",153,"TX",13380,11.4349775784753
"77031",19,"TX",15179,1.25172936293563
"77032",241,"TX",12403,19.4307828751109
"77033",19,"TX",29154,0.651711600466488
"77034",251,"TX",36456,6.88501206934387
"77035",85,"TX",36019,2.35986562647492
"77036",91,"TX",71770,1.26793925038317
"77037",11,"TX",19004,0.578825510418859
"77038",58,"TX",32637,1.77712412292797
"77039",14,"TX",27862,0.502476491278444
"77040",105,"TX",50977,2.05975243737372
"77041",178,"TX",33349,5.33749137905185
"77042",115,"TX",38721,2.96996461868237
"77043",176,"TX",29048,6.05893693197466
"77044",175,"TX",58347,2.99929730748796
"77045",53,"TX",33563,1.5791198641361
"77046",15,"TX",1793,8.36586726157278
"77047",236,"TX",34987,6.74536256323777
"77048",24,"TX",21151,1.13469812302019
"77049",103,"TX",40418,2.54836953832451
"77050",2,"TX",6566,0.304599451720987
"77051",37,"TX",19795,1.86915887850467
"77053",26,"TX",30198,0.860984171137161
"77054",101,"TX",28272,3.57243916242218
"77055",321,"TX",45435,7.06503796632552
"77056",292,"TX",22877,12.7639113520129
"77057",270,"TX",46569,5.79784835405527
"77058",60,"TX",17850,3.36134453781513
"77059",156,"TX",18767,8.31246336654766
"77060",18,"TX",45340,0.397000441111601
"77061",17,"TX",24004,0.708215297450425
"77062",88,"TX",25523,3.44787054813306
"77063",115,"TX",42690,2.69383930662919
"77064",324,"TX",49591,6.53344356838943
"77065",111,"TX",38926,2.85156450701331
"77066",83,"TX",39311,2.11136831929994
"77067",20,"TX",30491,0.655931258404119
"77068",54,"TX",13189,4.09432102509667
"77069",71,"TX",20608,3.44526397515528
"77070",209,"TX",58229,3.58927682082811
"77071",55,"TX",27056,2.03282081608516
"77072",77,"TX",57108,1.34832247671079
"77073",199,"TX",46084,4.31820154500477
"77074",41,"TX",38660,1.06052767718572
"77075",55,"TX",40626,1.35381282922267
"77076",14,"TX",31222,0.448401767984114
"77077",343,"TX",60098,5.70734467037173
"77078",10,"TX",14247,0.701902154839615
"77079",287,"TX",37276,7.69932396179848
"77080",137,"TX",47638,2.875855409547
"77081",51,"TX",50129,1.0173751720561
"77082",182,"TX",59412,3.0633542045378
"77083",141,"TX",73230,1.92544039328144
"77084",285,"TX",110217,2.58580799695147
"77085",16,"TX",16513,0.968933567492279
"77086",30,"TX",28653,1.04701078421108
"77087",19,"TX",34347,0.553177861239701
"77088",49,"TX",57047,0.858940873314986
"77089",172,"TX",57741,2.97881920992016
"77090",109,"TX",40110,2.71752680129643
"77091",77,"TX",28728,2.68031189083821
"77092",62,"TX",36938,1.67848827765445
"77093",24,"TX",46407,0.517163358976017
"77094",106,"TX",10395,10.1972101972102
"77095",284,"TX",69767,4.07069244771884
"77096",223,"TX",35032,6.36560858643526
"77098",215,"TX",17210,12.4927367809413
"77099",48,"TX",50064,0.958772770853308
"77204",1,"TX",4579,0.218388294387421
"77301",41,"TX",37769,1.08554634753369
"77302",63,"TX",21546,2.92397660818713
"77303",38,"TX",28854,1.31697511610175
"77304",131,"TX",44225,2.96212549462973
"77306",12,"TX",18086,0.663496627225478
"77316",157,"TX",34694,4.52527814607713
"77318",81,"TX",20792,3.89572912658715
"77320",22,"TX",38152,0.576640805200252
"77327",34,"TX",42685,0.796532739838351
"77328",17,"TX",17208,0.98791259879126
"77331",14,"TX",7556,1.85283218634198
"77335",2,"TX",2468,0.810372771474878
"77336",24,"TX",14342,1.67340677729745
"77338",56,"TX",48031,1.16591368074785
"77339",127,"TX",44538,2.85149759755714
"77340",30,"TX",37517,0.799637497667724
"77345",137,"TX",27917,4.90740409069742
"77346",319,"TX",79538,4.01066157057004
"77351",23,"TX",37143,0.619228387583125
"77354",178,"TX",44900,3.96436525612472
"77355",75,"TX",32847,2.28331354461595
"77356",152,"TX",32583,4.66500936070957
"77357",82,"TX",37592,2.18131517344116
"77358",6,"TX",5087,1.17947709848634
"77360",1,"TX",6223,0.160694198939418
"77362",27,"TX",8017,3.36784333291755
"77363",1,"TX",3468,0.288350634371396
"77364",5,"TX",2178,2.29568411386593
"77365",135,"TX",46418,2.90835451764402
"77369",1,"TX",738,1.3550135501355
"77371",9,"TX",7800,1.15384615384615
"77372",10,"TX",14367,0.696039535045591
"77373",135,"TX",69739,1.93578915671289
"77375",337,"TX",72311,4.66042510821313
"77377",197,"TX",41680,4.72648752399232
"77378",35,"TX",17629,1.98536502354076
"77379",415,"TX",85190,4.87146378682944
"77380",234,"TX",31369,7.45959386655615
"77381",310,"TX",36139,8.57799053653947
"77382",400,"TX",38986,10.2600933668496
"77384",211,"TX",26781,7.87871998805123
"77385",171,"TX",28156,6.0733058673107
"77386",798,"TX",69980,11.4032580737354
"77388",176,"TX",53425,3.29433785680861
"77389",418,"TX",45701,9.14640817487582
"77396",145,"TX",61735,2.34874868389082
"77401",382,"TX",17213,22.1925289025736
"77406",506,"TX",69918,7.23704911467719
"77407",822,"TX",88319,9.30717059749318
"77414",12,"TX",24334,0.493137174323991
"77417",1,"TX",3920,0.255102040816327
"77418",20,"TX",10171,1.96637498771016
"77420",1,"TX",2236,0.447227191413238
"77422",9,"TX",14547,0.618684264796865
"77423",83,"TX",18767,4.422656791176
"77426",7,"TX",2007,3.48779272546089
"77429",489,"TX",96334,5.07608943882741
"77430",3,"TX",1664,1.80288461538462
"77433",1111,"TX",116550,9.53238953238953
"77435",3,"TX",4812,0.623441396508728
"77437",14,"TX",18238,0.767628029389187
"77441",374,"TX",41324,9.05043074242571
"77445",24,"TX",16142,1.48680460909429
"77447",85,"TX",25231,3.36887162617415
"77449",276,"TX",130028,2.12261974343987
"77450",395,"TX",71906,5.49328289711568
"77453",1,"TX",91,10.989010989011
"77455",2,"TX",1629,1.22774708410068
"77456",1,"TX",1394,0.717360114777618
"77459",864,"TX",84221,10.2587240711936
"77461",14,"TX",12365,1.13222806308128
"77465",3,"TX",7681,0.390574143991668
"77469",431,"TX",69826,6.17248589350672
"77471",67,"TX",45325,1.47821290678434
"77474",19,"TX",15146,1.25445662221048
"77475",1,"TX",431,2.32018561484919
"77476",1,"TX",423,2.36406619385343
"77477",136,"TX",33752,4.02939085091254
"77478",287,"TX",23182,12.3802950565094
"77479",1583,"TX",92221,17.165287732729
"77480",2,"TX",7626,0.262260687123
"77481",2,"TX",78,25.6410256410256
"77482",2,"TX",2050,0.975609756097561
"77484",25,"TX",14348,1.7424031223864
"77485",2,"TX",4378,0.456829602558246
"77486",7,"TX",7195,0.972897845726199
"77488",14,"TX",14548,0.962331591971405
"77489",48,"TX",39292,1.22162272218263
"77493",527,"TX",71484,7.37227911140955
"77494",1477,"TX",140157,10.5381821814108
"77498",301,"TX",52806,5.70010983600348
"77502",22,"TX",36371,0.604877512303759
"77503",16,"TX",23866,0.670409787982905
"77504",21,"TX",25779,0.814616548353311
"77505",54,"TX",23174,2.33019763528092
"77506",22,"TX",35114,0.626530728484365
"77507",1,"TX",567,1.7636684303351
"77510",14,"TX",14155,0.98904980572236
"77511",58,"TX",51892,1.11770600477916
"77514",7,"TX",5480,1.27737226277372
"77515",38,"TX",34088,1.11476179300634
"77517",10,"TX",5529,1.80864532465184
"77518",15,"TX",9541,1.57216224714391
"77519",1,"TX",716,1.39664804469274
"77520",30,"TX",36355,0.825195984046211
"77521",95,"TX",69038,1.37605376749037
"77523",86,"TX",30186,2.84900284900285
"77530",26,"TX",31527,0.824689948298284
"77531",18,"TX",16406,1.09715957576496
"77532",41,"TX",33780,1.2137359384251
"77533",1,"TX",1016,0.984251968503937
"77534",6,"TX",3403,1.7631501616221
"77535",34,"TX",39504,0.860672336978534
"77536",50,"TX",33174,1.50720443720986
"77538",1,"TX",917,1.09051254089422
"77539",93,"TX",49375,1.88354430379747
"77541",21,"TX",16996,1.23558484349259
"77545",67,"TX",26236,2.55374294862022
"77546",323,"TX",54789,5.89534395590356
"77547",6,"TX",9217,0.650971031789085
"77550",45,"TX",23489,1.91579036996041
"77551",27,"TX",21696,1.24446902654867
"77554",39,"TX",10414,3.74495870942961
"77562",13,"TX",8914,1.4583800762845
"77563",12,"TX",9955,1.2054244098443
"77565",31,"TX",6943,4.46492870517068
"77566",46,"TX",30246,1.52086226277855
"77568",173,"TX",23083,7.49469306415977
"77571",56,"TX",38543,1.45292270970085
"77573",468,"TX",98109,4.77020456838822
"77575",8,"TX",16613,0.481550592909168
"77577",2,"TX",1562,1.28040973111396
"77578",268,"TX",30210,8.87123469049983
"77581",222,"TX",51332,4.32478765682226
"77583",242,"TX",52747,4.58793865053937
"77584",643,"TX",91065,7.06089057266787
"77586",116,"TX",23807,4.8725164867476
"77587",5,"TX",16033,0.311856795359571
"77590",25,"TX",31642,0.790089122052968
"77591",19,"TX",18294,1.03859188805073
"77597",2,"TX",623,3.21027287319422
"77598",62,"TX",26110,2.3745691306013
"77611",11,"TX",10112,1.0878164556962
"77612",3,"TX",9101,0.329634106142182
"77613",1,"TX",692,1.44508670520231
"77615",1,"TX",252,3.96825396825397
"77619",16,"TX",16976,0.942507068803016
"77622",2,"TX",1818,1.1001100110011
"77625",6,"TX",9049,0.66305669134711
"77627",27,"TX",22357,1.20767544840542
"77630",22,"TX",28983,0.759065659179519
"77632",25,"TX",22976,1.08809192200557
"77640",10,"TX",17167,0.58251296091338
"77642",26,"TX",38358,0.677824704103447
"77650",3,"TX",2322,1.29198966408269
"77651",22,"TX",13664,1.61007025761124
"77656",14,"TX",17525,0.79885877318117
"77657",31,"TX",22258,1.39275766016713
"77659",7,"TX",5650,1.23893805309735
"77660",1,"TX",1151,0.868809730668983
"77662",17,"TX",25041,0.678886625933469
"77663",1,"TX",584,1.71232876712329
"77665",10,"TX",7511,1.33138064172547
"77701",17,"TX",12381,1.37307164203215
"77702",3,"TX",3121,0.961230374879846
"77703",8,"TX",11004,0.727008360596147
"77705",22,"TX",38259,0.575028097963878
"77706",70,"TX",30393,2.30316191228243
"77707",17,"TX",18323,0.927795666648475
"77708",8,"TX",12065,0.663075010360547
"77713",28,"TX",15541,1.80168586320057
"77801",17,"TX",15461,1.09954078002717
"77802",57,"TX",25762,2.21256113655772
"77803",23,"TX",31525,0.729579698651864
"77807",34,"TX",13227,2.57049973538973
"77808",33,"TX",15797,2.08900424131164
"77830",5,"TX",3238,1.54416306361952
"77831",3,"TX",3676,0.816104461371056
"77833",54,"TX",29498,1.83063258526002
"77835",2,"TX",2569,0.778513040093421
"77836",7,"TX",12670,0.552486187845304
"77840",57,"TX",54864,1.03893263342082
"77843",2,"TX",8259,0.242160067804819
"77845",343,"TX",76764,4.46824032098379
"77853",1,"TX",884,1.13122171945701
"77856",9,"TX",5515,1.63191296464189
"77857",2,"TX",1078,1.85528756957328
"77859",3,"TX",7532,0.39830058417419
"77861",11,"TX",3065,3.58890701468189
"77864",6,"TX",7640,0.785340314136126
"77868",24,"TX",18416,1.30321459600348
"77871",3,"TX",3058,0.981033355134075
"77872",4,"TX",2026,1.97433366238894
"77878",1,"TX",1113,0.898472596585804
"77879",9,"TX",4611,1.95185426154847
"77880",2,"TX",2517,0.794596742153357
"77901",32,"TX",39854,0.802930697044211
"77904",50,"TX",30061,1.66328465453578
"77905",16,"TX",16599,0.963913488764383
"77954",9,"TX",11424,0.78781512605042
"77957",3,"TX",9069,0.330797221303341
"77962",2,"TX",3491,0.572901747350329
"77963",1,"TX",5191,0.192641109612791
"77964",5,"TX",8204,0.60945880058508
"77968",5,"TX",2605,1.91938579654511
"77975",1,"TX",1780,0.561797752808989
"77978",7,"TX",304,23.0263157894737
"77979",8,"TX",16488,0.485201358563804
"77982",4,"TX",620,6.45161290322581
"77984",4,"TX",4800,0.833333333333333
"77995",3,"TX",10365,0.289435600578871
"78002",7,"TX",7035,0.99502487562189
"78003",15,"TX",9967,1.50496638908398
"78004",1,"TX",547,1.82815356489945
"78005",2,"TX",1573,1.27145581691036
"78006",291,"TX",44560,6.53052064631957
"78009",34,"TX",9151,3.71544093541689
"78010",6,"TX",3635,1.65061898211829
"78011",1,"TX",1757,0.569151963574274
"78013",14,"TX",4809,2.91120815138282
"78014",4,"TX",5002,0.79968012794882
"78015",218,"TX",24867,8.76663851690996
"78016",7,"TX",11670,0.599828620394173
"78017",1,"TX",5551,0.180147721131328
"78023",207,"TX",28462,7.27285503478322
"78024",3,"TX",1401,2.14132762312634
"78025",11,"TX",4999,2.2004400880176
"78026",4,"TX",7031,0.568909116768596
"78027",1,"TX",318,3.14465408805031
"78028",58,"TX",41206,1.40756200553317
"78039",4,"TX",1862,2.14822771213749
"78040",12,"TX",35709,0.336049735360833
"78041",75,"TX",46550,1.61117078410312
"78043",14,"TX",45760,0.305944055944056
"78044",1,"TX",220,4.54545454545454
"78045",126,"TX",67333,1.8712963925564
"78046",28,"TX",72951,0.383819275952352
"78050",1,"TX",529,1.89035916824197
"78052",14,"TX",6389,2.19126623884802
"78055",4,"TX",1753,2.28180262407302
"78056",19,"TX",2526,7.52177355502771
"78058",2,"TX",985,2.03045685279188
"78059",11,"TX",7061,1.55785299532644
"78061",4,"TX",10500,0.380952380952381
"78063",19,"TX",10778,1.7628502505103
"78064",16,"TX",16365,0.977696303085854
"78065",15,"TX",11695,1.28259940145361
"78066",3,"TX",259,11.5830115830116
"78067",1,"TX",629,1.58982511923688
"78069",1,"TX",7038,0.14208581983518
"78070",127,"TX",20200,6.28712871287129
"78071",4,"TX",3576,1.11856823266219
"78073",16,"TX",10088,1.58604282315623
"78076",4,"TX",13123,0.304808351748838
"78101",17,"TX",7267,2.33934223200771
"78102",14,"TX",27455,0.509925332362047
"78107",1,"TX",254,3.93700787401575
"78108",170,"TX",49784,3.41475172746264
"78109",185,"TX",63067,2.93338830133033
"78112",14,"TX",9769,1.43310471900911
"78113",2,"TX",3026,0.660938532716457
"78114",42,"TX",24283,1.72960507350822
"78117",1,"TX",661,1.51285930408472
"78118",4,"TX",4676,0.855431993156544
"78119",4,"TX",7270,0.550206327372765
"78121",43,"TX",16120,2.66749379652605
"78123",6,"TX",2127,2.82087447108604
"78124",22,"TX",6157,3.5731687510151
"78125",1,"TX",32,31.25
"78130",336,"TX",104009,3.23048966916325
"78132",318,"TX",40953,7.7649989011794
"78133",86,"TX",21959,3.91638963522929
"78140",1,"TX",3474,0.287852619458837
"78141",2,"TX",868,2.30414746543779
"78147",1,"TX",1532,0.652741514360313
"78148",52,"TX",22187,2.34371478793888
"78151",2,"TX",1378,1.45137880986938
"78152",29,"TX",4521,6.4145100641451
"78154",167,"TX",41907,3.98501443672895
"78155",109,"TX",55600,1.96043165467626
"78160",5,"TX",4885,1.02354145342886
"78161",2,"TX",579,3.45423143350604
"78163",141,"TX",19141,7.36638629120736
"78201",63,"TX",41981,1.50067887854029
"78202",39,"TX",10224,3.81455399061033
"78203",12,"TX",5200,2.30769230769231
"78204",55,"TX",11983,4.58983560043395
"78205",33,"TX",1538,21.4564369310793
"78207",43,"TX",55474,0.775137902440783
"78208",11,"TX",3861,2.84900284900285
"78209",756,"TX",43400,17.4193548387097
"78210",79,"TX",34940,2.2610188895249
"78211",25,"TX",30857,0.810188936059889
"78212",168,"TX",27437,6.12311841673652
"78213",74,"TX",40526,1.82598825445393
"78214",24,"TX",22118,1.08508906772764
"78215",80,"TX",3506,22.8180262407302
"78216",352,"TX",41180,8.547838756678
"78217",66,"TX",34055,1.9380414036118
"78218",66,"TX",39428,1.67393730343918
"78219",22,"TX",17924,1.22740459718813
"78220",42,"TX",19423,2.16238480152397
"78221",47,"TX",42178,1.11432500355636
"78222",34,"TX",26476,1.28418190058921
"78223",55,"TX",58983,0.932472068223047
"78224",105,"TX",22232,4.72292191435768
"78225",16,"TX",13104,1.22100122100122
"78226",5,"TX",6554,0.762892889838267
"78227",26,"TX",44035,0.590439423186102
"78228",42,"TX",56165,0.747796670524348
"78229",68,"TX",35664,1.9066846119336
"78230",254,"TX",41387,6.13719283833088
"78231",83,"TX",9744,8.51806239737274
"78232",167,"TX",36636,4.55835789933399
"78233",89,"TX",48911,1.81963157571916
"78234",21,"TX",7149,2.9374737725556
"78235",6,"TX",2304,2.60416666666667
"78236",12,"TX",7635,1.57170923379175
"78237",16,"TX",37379,0.428047834345488
"78238",45,"TX",26032,1.72864167178857
"78239",54,"TX",28609,1.88751791394316
"78240",182,"TX",57921,3.14221094249063
"78242",18,"TX",36168,0.497677504976775
"78244",71,"TX",38092,1.86390843221674
"78245",296,"TX",96015,3.08285163776493
"78247",170,"TX",51933,3.27344848169757
"78248",114,"TX",14488,7.86858089453341
"78249",223,"TX",63439,3.51518781821908
"78250",121,"TX",57323,2.11084555937407
"78251",140,"TX",59435,2.35551442752587
"78252",72,"TX",21790,3.30426801284993
"78253",452,"TX",69282,6.52406108368696
"78254",383,"TX",77893,4.91700152773677
"78255",296,"TX",17379,17.0320501754992
"78256",176,"TX",13453,13.0825838103025
"78257",221,"TX",10992,20.1055312954876
"78258",503,"TX",52448,9.59045149481391
"78259",185,"TX",29826,6.20264199020988
"78260",433,"TX",38023,11.3878441995634
"78261",256,"TX",26657,9.60348126195746
"78263",6,"TX",4253,1.41076886903362
"78264",15,"TX",11841,1.26678489992399
"78266",87,"TX",7338,11.8560915780867
"78332",16,"TX",27042,0.591672213593669
"78336",11,"TX",12424,0.885383129426916
"78339",1,"TX",465,2.1505376344086
"78340",1,"TX",455,2.1978021978022
"78342",1,"TX",399,2.5062656641604
"78343",7,"TX",4345,1.61104718066743
"78344",1,"TX",295,3.38983050847458
"78351",1,"TX",483,2.0703933747412
"78355",4,"TX",6772,0.590667454223272
"78357",2,"TX",2624,0.76219512195122
"78361",1,"TX",4727,0.211550666384599
"78362",7,"TX",10816,0.647189349112426
"78363",28,"TX",28920,0.968188105117566
"78368",6,"TX",9464,0.633981403212172
"78370",4,"TX",5353,0.747244535774332
"78372",2,"TX",5383,0.371540033438603
"78373",13,"TX",3348,3.88291517323775
"78374",25,"TX",20408,1.2250098000784
"78375",1,"TX",2754,0.363108206245461
"78376",1,"TX",105,9.52380952380953
"78377",1,"TX",3421,0.292312189418299
"78379",2,"TX",1659,1.20554550934298
"78380",19,"TX",23149,0.820769795671519
"78382",35,"TX",20568,1.70167250097238
"78383",4,"TX",4081,0.98015192354815
"78384",1,"TX",5747,0.174003828084218
"78387",10,"TX",9640,1.03734439834025
"78389",4,"TX",1754,2.28050171037628
"78390",6,"TX",6013,0.997838017628472
"78391",1,"TX",77,12.987012987013
"78393",2,"TX",2063,0.969461948618517
"78401",2,"TX",4344,0.460405156537753
"78402",5,"TX",554,9.02527075812274
"78404",27,"TX",12635,2.13692125049466
"78405",8,"TX",14602,0.547870154773319
"78406",2,"TX",2301,0.869187309865276
"78407",1,"TX",1674,0.5973715651135
"78408",3,"TX",10111,0.296706557214914
"78410",44,"TX",29040,1.51515151515152
"78411",38,"TX",23682,1.60459420657039
"78412",64,"TX",38631,1.65670057725661
"78413",83,"TX",34289,2.42060135903643
"78414",147,"TX",54263,2.70902825129462
"78415",38,"TX",43080,0.882079851439183
"78416",6,"TX",12480,0.480769230769231
"78417",4,"TX",4703,0.850520944078248
"78418",91,"TX",29790,3.05471634776771
"78501",110,"TX",58935,1.86646305251548
"78503",78,"TX",22621,3.44812342513594
"78504",244,"TX",63094,3.86724569689669
"78516",22,"TX",34370,0.640093104451557
"78520",105,"TX",64740,1.62187210379981
"78521",106,"TX",87380,1.21309224078737
"78526",158,"TX",60012,2.63280677197894
"78535",1,"TX",425,2.35294117647059
"78537",24,"TX",51426,0.466690001166725
"78538",8,"TX",11982,0.667668168920047
"78539",119,"TX",37168,3.20167886353853
"78541",70,"TX",51710,1.35370334558113
"78542",120,"TX",89401,1.34226686502388
"78543",3,"TX",8400,0.357142857142857
"78549",1,"TX",609,1.64203612479475
"78550",62,"TX",53335,1.16246367301022
"78552",81,"TX",42332,1.91344609279032
"78557",19,"TX",14498,1.31052558973652
"78559",14,"TX",12169,1.15046429451886
"78560",8,"TX",4635,1.7259978425027
"78563",1,"TX",92,10.8695652173913
"78566",36,"TX",25110,1.4336917562724
"78567",1,"TX",323,3.09597523219814
"78569",5,"TX",4342,1.15154306771073
"78570",17,"TX",34348,0.494934202864796
"78572",197,"TX",78024,2.52486414436584
"78573",69,"TX",44809,1.5398692227008
"78574",48,"TX",62456,0.768541052901243
"78575",33,"TX",4575,7.21311475409836
"78576",3,"TX",15484,0.193748385430121
"78577",74,"TX",80540,0.918798112739012
"78578",27,"TX",10016,2.69568690095847
"78579",1,"TX",2039,0.490436488474743
"78580",7,"TX",12964,0.539956803455724
"78582",21,"TX",44741,0.469368141078653
"78583",6,"TX",5236,1.14591291061879
"78584",9,"TX",18464,0.487435008665511
"78586",30,"TX",50964,0.588650812338121
"78589",39,"TX",40231,0.969401705152743
"78593",2,"TX",5455,0.366636113657195
"78594",2,"TX",1206,1.65837479270315
"78595",3,"TX",6118,0.4903563255966
"78596",65,"TX",39518,1.64482008198795
"78597",21,"TX",2935,7.15502555366269
"78598",1,"TX",245,4.08163265306122
"78599",25,"TX",35454,0.705139053421335
"78602",171,"TX",38190,4.47761194029851
"78605",25,"TX",7573,3.30120163739601
"78606",19,"TX",7272,2.61276127612761
"78608",1,"TX",428,2.33644859813084
"78609",5,"TX",1983,2.52143217347453
"78610",334,"TX",48319,6.91239471015543
"78611",43,"TX",14560,2.9532967032967
"78612",55,"TX",19799,2.77791807667054
"78613",1136,"TX",89956,12.6283961047623
"78615",5,"TX",1637,3.0543677458766
"78616",58,"TX",10683,5.42918655808294
"78617",88,"TX",30756,2.86123032904149
"78618",1,"TX",346,2.89017341040462
"78619",92,"TX",6693,13.745704467354
"78620",323,"TX",22860,14.1294838145232
"78621",77,"TX",30411,2.53197856038933
"78622",1,"TX",331,3.02114803625378
"78623",11,"TX",1645,6.68693009118541
"78624",80,"TX",23741,3.36969799081757
"78626",314,"TX",48072,6.53186886337161
"78628",689,"TX",50822,13.5571209318799
"78629",10,"TX",12740,0.784929356357928
"78631",4,"TX",3465,1.15440115440115
"78632",1,"TX",1245,0.803212851405622
"78633",220,"TX",29309,7.50622675628647
"78634",299,"TX",46413,6.4421606015556
"78636",14,"TX",4134,3.38655055636188
"78638",9,"TX",2135,4.21545667447307
"78639",17,"TX",8719,1.94976488129373
"78640",284,"TX",77531,3.66305090866879
"78641",1519,"TX",99865,15.2105342211986
"78642",326,"TX",26434,12.3326019520315
"78643",13,"TX",7088,1.83408577878104
"78644",28,"TX",22348,1.25290853767675
"78645",158,"TX",15256,10.3565810173047
"78648",9,"TX",7863,1.1446012972148
"78650",7,"TX",2409,2.9057700290577
"78652",43,"TX",5287,8.13315679969737
"78653",320,"TX",41291,7.7498728536485
"78654",57,"TX",20650,2.76029055690073
"78655",13,"TX",3730,3.48525469168901
"78656",13,"TX",2847,4.5662100456621
"78657",40,"TX",7591,5.26939797128178
"78659",9,"TX",2660,3.38345864661654
"78660",1009,"TX",124834,8.08273387058013
"78662",5,"TX",3015,1.65837479270315
"78663",1,"TX",503,1.98807157057654
"78664",384,"TX",62060,6.18756042539478
"78665",697,"TX",66171,10.5333151985009
"78666",239,"TX",88583,2.69803461160719
"78669",194,"TX",12592,15.4066073697586
"78672",2,"TX",570,3.50877192982456
"78674",1,"TX",108,9.25925925925926
"78676",80,"TX",15822,5.05625079003919
"78681",764,"TX",56691,13.4765659452118
"78701",356,"TX",11824,30.1082543978349
"78702",557,"TX",25985,21.4354435251106
"78703",451,"TX",23483,19.2053826172125
"78704",840,"TX",50688,16.5719696969697
"78705",114,"TX",33238,3.42980925446778
"78712",12,"TX",201,59.7014925373134
"78717",770,"TX",37262,20.6644839246417
"78719",299,"TX",1796,166.481069042316
"78721",146,"TX",10997,13.276348094935
"78722",110,"TX",6767,16.2553568789715
"78723",466,"TX",38129,12.2216685462509
"78724",183,"TX",31103,5.88367681574125
"78725",546,"TX",10746,50.8096035734227
"78726",208,"TX",14506,14.3388942506549
"78727",386,"TX",29958,12.8847052540223
"78728",210,"TX",26777,7.84255144340292
"78729",223,"TX",30460,7.32107682206172
"78730",212,"TX",9142,23.1896740319405
"78731",554,"TX",27507,20.1403279165303
"78732",446,"TX",21087,21.1504718546972
"78733",268,"TX",9029,29.6821353416768
"78734",366,"TX",22145,16.5274328290811
"78735",374,"TX",20996,17.8129167460469
"78736",128,"TX",9651,13.2628743135426
"78737",417,"TX",27023,15.4312992635903
"78738",922,"TX",31019,29.7237177213966
"78739",465,"TX",20659,22.5083498717266
"78741",291,"TX",45951,6.33283280015669
"78742",3,"TX",847,3.54191263282172
"78744",330,"TX",50986,6.472364962931
"78745",764,"TX",61219,12.47978568745
"78746",862,"TX",28256,30.5067950169875
"78747",167,"TX",22180,7.52930568079351
"78748",423,"TX",55631,7.60367421042225
"78749",400,"TX",34562,11.5734043168798
"78750",431,"TX",29277,14.7214537008573
"78751",188,"TX",16961,11.0842521077767
"78752",123,"TX",23317,5.27512115623794
"78753",215,"TX",56920,3.77723120168658
"78754",250,"TX",32690,7.64759865402264
"78756",158,"TX",9197,17.1795150592585
"78757",349,"TX",23856,14.6294433266264
"78758",388,"TX",49617,7.8199004373501
"78759",590,"TX",43182,13.6631003658932
"78801",10,"TX",21607,0.462812977275883
"78832",4,"TX",3157,1.26702565726956
"78833",1,"TX",1219,0.820344544708778
"78834",1,"TX",6971,0.143451441686989
"78839",1,"TX",7091,0.141023833027782
"78840",58,"TX",47256,1.22735737260877
"78850",1,"TX",779,1.28369704749679
"78852",40,"TX",57434,0.696451579203956
"78861",11,"TX",14008,0.785265562535694
"78873",1,"TX",1472,0.679347826086957
"78877",2,"TX",648,3.08641975308642
"78879",1,"TX",184,5.43478260869565
"78880",2,"TX",1194,1.6750418760469
"78881",2,"TX",1283,1.55884645362432
"78884",2,"TX",1171,1.70794192997438
"78885",1,"TX",23,43.4782608695652
"78932",1,"TX",576,1.73611111111111
"78933",3,"TX",1395,2.1505376344086
"78934",8,"TX",6731,1.18853067894815
"78935",3,"TX",734,4.08719346049046
"78940",7,"TX",2188,3.19926873857404
"78941",1,"TX",3619,0.276319425255595
"78942",15,"TX",10136,1.47987371744278
"78943",2,"TX",886,2.25733634311512
"78944",1,"TX",720,1.38888888888889
"78945",13,"TX",10394,1.25072157013662
"78946",1,"TX",1117,0.895255147717099
"78947",4,"TX",5044,0.793021411578113
"78948",2,"TX",567,3.52733686067019
"78949",1,"TX",760,1.31578947368421
"78950",9,"TX",2300,3.91304347826087
"78953",3,"TX",1089,2.75482093663912
"78954",2,"TX",1173,1.70502983802217
"78956",4,"TX",5243,0.762921991226397
"78957",24,"TX",10543,2.27639191880869
"78962",7,"TX",5236,1.33689839572193
"79005",2,"TX",1536,1.30208333333333
"79007",4,"TX",13889,0.287997696018432
"79014",2,"TX",3201,0.624804748516089
"79015",25,"TX",23765,1.05196717862403
"79019",1,"TX",1671,0.598444045481747
"79022",10,"TX",10826,0.923702198411232
"79027",1,"TX",4858,0.205846027171676
"79029",6,"TX",15411,0.38933229511388
"79031",1,"TX",1156,0.865051903114187
"79036",2,"TX",5007,0.399440782903934
"79039",3,"TX",744,4.03225806451613
"79043",1,"TX",1462,0.683994528043776
"79044",1,"TX",583,1.71526586620926
"79045",6,"TX",18189,0.32986970146792
"79051",1,"TX",9,111.111111111111
"79056",1,"TX",107,9.34579439252336
"79059",1,"TX",726,1.37741046831956
"79063",3,"TX",665,4.51127819548872
"79064",3,"TX",2099,1.4292520247737
"79065",14,"TX",19378,0.722468779027763
"79068",2,"TX",2784,0.718390804597701
"79070",4,"TX",9626,0.415541242468315
"79072",15,"TX",25389,0.590807042419946
"79079",2,"TX",2222,0.9000900090009
"79080",1,"TX",541,1.84842883548983
"79083",1,"TX",1669,0.599161174355902
"79084",3,"TX",1595,1.88087774294671
"79088",3,"TX",5302,0.5658242172765
"79092",1,"TX",1361,0.734753857457752
"79101",3,"TX",2526,1.18764845605701
"79102",11,"TX",9393,1.17108485042053
"79103",4,"TX",11306,0.353794445427207
"79104",2,"TX",6561,0.304831580551745
"79106",18,"TX",26161,0.688047093001032
"79107",9,"TX",36662,0.245485789100431
"79108",8,"TX",11216,0.713266761768902
"79109",51,"TX",43578,1.17031529670935
"79110",14,"TX",16994,0.82382017182535
"79111",1,"TX",1575,0.634920634920635
"79118",67,"TX",28107,2.38374782082755
"79119",79,"TX",24907,3.17179909262456
"79121",11,"TX",6437,1.70887059189063
"79124",39,"TX",12019,3.24486230135619
"79201",3,"TX",6779,0.442543147956926
"79226",2,"TX",2855,0.700525394045534
"79227",2,"TX",1065,1.87793427230047
"79229",1,"TX",243,4.11522633744856
"79235",3,"TX",2924,1.02599179206566
"79236",1,"TX",197,5.07614213197969
"79241",1,"TX",2204,0.453720508166969
"79250",3,"TX",980,3.06122448979592
"79311",4,"TX",3536,1.13122171945701
"79312",2,"TX",1130,1.76991150442478
"79316",11,"TX",10055,1.09398309298856
"79322",3,"TX",1983,1.51285930408472
"79323",1,"TX",7485,0.133600534402138
"79325",2,"TX",2277,0.878348704435661
"79329",3,"TX",3322,0.903070439494281
"79331",4,"TX",11711,0.341559217829391
"79336",10,"TX",15132,0.660851176315094
"79339",3,"TX",6685,0.448765893792072
"79350",1,"TX",296,3.37837837837838
"79356",1,"TX",5083,0.196734212079481
"79357",4,"TX",1810,2.20994475138122
"79359",1,"TX",3294,0.303582270795386
"79360",14,"TX",17342,0.807288663360627
"79363",7,"TX",5717,1.2244184012594
"79364",3,"TX",7129,0.420816383784542
"79366",2,"TX",1041,1.92122958693564
"79372",1,"TX",1359,0.735835172921266
"79373",3,"TX",3087,0.97181729834791
"79381",2,"TX",1463,1.36705399863295
"79382",19,"TX",10512,1.80745814307458
"79401",6,"TX",8741,0.686420318041414
"79403",10,"TX",16089,0.62154266890422
"79404",5,"TX",8529,0.586235197561262
"79407",68,"TX",24000,2.83333333333333
"79410",20,"TX",10137,1.97297030679688
"79411",5,"TX",6865,0.728332119446468
"79412",3,"TX",15018,0.199760287654814
"79413",17,"TX",23343,0.728269716831598
"79414",14,"TX",17596,0.795635371675381
"79415",11,"TX",15794,0.696467012789667
"79416",44,"TX",36442,1.20739805718676
"79423",83,"TX",46998,1.76603259713179
"79424",148,"TX",53478,2.76749317476345
"79501",2,"TX",3630,0.550964187327824
"79503",1,"TX",202,4.95049504950495
"79504",3,"TX",2969,1.01044122600202
"79508",2,"TX",1078,1.85528756957328
"79510",10,"TX",8369,1.19488588839766
"79511",1,"TX",1811,0.552181115405853
"79520",2,"TX",2319,0.86244070720138
"79521",2,"TX",3487,0.573558933180384
"79525",7,"TX",3121,2.24287087471964
"79527",1,"TX",219,4.5662100456621
"79530",1,"TX",392,2.55102040816327
"79532",1,"TX",1029,0.97181729834791
"79536",2,"TX",5047,0.396275014860313
"79539",1,"TX",220,4.54545454545454
"79541",1,"TX",1550,0.645161290322581
"79543",1,"TX",1091,0.916590284142988
"79544",1,"TX",382,2.61780104712042
"79545",1,"TX",1798,0.556173526140156
"79549",6,"TX",15233,0.39388170419484
"79553",1,"TX",3089,0.323729362253156
"79556",3,"TX",12532,0.23938716884775
"79562",17,"TX",5070,3.35305719921105
"79567",3,"TX",2995,1.0016694490818
"79601",18,"TX",28050,0.641711229946524
"79602",45,"TX",27425,1.640838650866
"79603",8,"TX",23548,0.339731612026499
"79605",27,"TX",28467,0.94846664558963
"79606",71,"TX",29182,2.43300664793366
"79607",5,"TX",3315,1.50829562594268
"79701",25,"TX",27131,0.921455161991817
"79703",22,"TX",20419,1.07742788579264
"79705",69,"TX",46653,1.47900456562279
"79706",37,"TX",34281,1.07931507248913
"79707",70,"TX",40010,1.74956260934766
"79713",1,"TX",840,1.19047619047619
"79714",21,"TX",18610,1.12842557764643
"79720",22,"TX",29936,0.734901122394441
"79731",1,"TX",4196,0.238322211630124
"79734",3,"TX",1779,1.68634064080944
"79735",3,"TX",13357,0.224601332634574
"79745",2,"TX",6034,0.331455087835598
"79752",1,"TX",1933,0.517330574236937
"79756",7,"TX",9485,0.738007380073801
"79758",5,"TX",2016,2.48015873015873
"79761",24,"TX",30164,0.795650444238165
"79762",35,"TX",39927,0.876599794625191
"79763",10,"TX",35174,0.284300904076875
"79764",15,"TX",27013,0.555288194572983
"79765",64,"TX",25904,2.47066090179123
"79766",2,"TX",11041,0.181143012408296
"79772",10,"TX",11987,0.834237090181029
"79782",5,"TX",3867,1.2929919834497
"79789",1,"TX",1420,0.704225352112676
"79821",10,"TX",7227,1.383700013837
"79830",4,"TX",7853,0.50935948045333
"79835",20,"TX",11440,1.74825174825175
"79836",7,"TX",7711,0.907794060433147
"79838",6,"TX",4969,1.20748641577782
"79842",1,"TX",285,3.50877192982456
"79843",1,"TX",2633,0.379794910748196
"79845",5,"TX",3226,1.54990700557967
"79847",1,"TX",201,4.97512437810945
"79849",9,"TX",14409,0.624609618988132
"79851",1,"TX",1198,0.834724540901502
"79853",2,"TX",2686,0.744601638123604
"79855",8,"TX",2177,3.67478180983004
"79901",13,"TX",8554,1.51975683890578
"79902",72,"TX",19031,3.78330093006148
"79903",25,"TX",14715,1.69894665307509
"79904",38,"TX",32976,1.15235322658903
"79905",12,"TX",22594,0.531114455165088
"79906",17,"TX",5917,2.87307757309447
"79907",34,"TX",46365,0.733311765340235
"79908",3,"TX",4148,0.723240115718419
"79911",96,"TX",10192,9.41915227629513
"79912",505,"TX",78819,6.40708458620383
"79915",57,"TX",34230,1.66520595968449
"79916",3,"TX",3055,0.981996726677578
"79918",1,"TX",274,3.64963503649635
"79922",59,"TX",6800,8.67647058823529
"79924",67,"TX",60364,1.10993307269233
"79925",78,"TX",38621,2.01962662800031
"79927",49,"TX",44444,1.10251102511025
"79928",251,"TX",86599,2.89841684084112
"79930",42,"TX",24123,1.74107698047507
"79932",166,"TX",30786,5.39206132657702
"79934",70,"TX",28861,2.42541838467136
"79935",123,"TX",18720,6.57051282051282
"79936",189,"TX",102991,1.83511180588595
"79938",251,"TX",99621,2.5195490910551
"80002",290,"CO",21270,13.6342266102492
"80003",347,"CO",35976,9.6453191016233
"80004",500,"CO",33700,14.8367952522255
"80005",513,"CO",28459,18.0259320425876
"80007",595,"CO",19078,31.1877555299298
"80010",215,"CO",42439,5.06609486557176
"80011",426,"CO",53695,7.93369959959028
"80012",332,"CO",51052,6.50317323513281
"80013",706,"CO",73248,9.63848842289209
"80014",412,"CO",39496,10.4314360947944
"80015",1212,"CO",72316,16.7597765363128
"80016",2045,"CO",68268,29.955469619734
"80017",236,"CO",40584,5.81509954661936
"80018",402,"CO",19072,21.0780201342282
"80019",240,"CO",7900,30.379746835443
"80020",971,"CO",54201,17.9147986199517
"80021",577,"CO",36555,15.7844344138969
"80022",645,"CO",61452,10.4959968756102
"80023",1209,"CO",27143,44.5418708322588
"80025",9,"CO",138,65.2173913043478
"80026",1040,"CO",32701,31.803308767316
"80027",1318,"CO",34127,38.6204471532804
"80030",119,"CO",15427,7.71374862254489
"80031",573,"CO",35584,16.1027428057554
"80033",376,"CO",26485,14.196715121767
"80045",17,"CO",1676,10.1431980906921
"80101",2,"CO",423,4.72813238770686
"80102",75,"CO",6690,11.2107623318386
"80103",7,"CO",3215,2.17729393468118
"80104",744,"CO",38479,19.3352218092986
"80105",8,"CO",2182,3.66636113657195
"80106",45,"CO",4455,10.1010101010101
"80107",185,"CO",15102,12.2500331081976
"80108",1201,"CO",36730,32.6980669752246
"80109",599,"CO",28400,21.0915492957746
"80110",208,"CO",23825,8.73032528856243
"80111",1109,"CO",31561,35.1383036025474
"80112",932,"CO",36816,25.3150803998262
"80113",520,"CO",22976,22.6323119777159
"80116",88,"CO",5132,17.1473109898675
"80117",18,"CO",2756,6.53120464441219
"80118",134,"CO",5632,23.7926136363636
"80120",410,"CO",29725,13.7931034482759
"80121",597,"CO",18029,33.1133174330246
"80122",555,"CO",32195,17.2387016617487
"80123",754,"CO",44549,16.9251835058026
"80124",652,"CO",22555,28.9071159388162
"80125",603,"CO",15630,38.5796545105566
"80126",2520,"CO",44882,56.1472305155742
"80127",844,"CO",43494,19.4049753989056
"80128",521,"CO",36712,14.1915449989104
"80129",643,"CO",30223,21.275187770903
"80130",603,"CO",24719,24.3941907035074
"80131",3,"CO",276,10.8695652173913
"80132",617,"CO",30073,20.5167425930236
"80133",22,"CO",2425,9.07216494845361
"80134",2209,"CO",80302,27.5086548280242
"80135",82,"CO",4141,19.8019801980198
"80136",43,"CO",6144,6.99869791666667
"80137",27,"CO",1689,15.9857904085258
"80138",648,"CO",36895,17.5633554682206
"80202",448,"CO",18589,24.1002743558018
"80203",239,"CO",22441,10.6501492803351
"80204",495,"CO",35318,14.0155161673934
"80205",636,"CO",34571,18.396922275896
"80206",659,"CO",24383,27.027027027027
"80207",455,"CO",21542,21.1215300343515
"80209",792,"CO",27564,28.7331301697867
"80210",1080,"CO",39113,27.6123028149209
"80211",904,"CO",38177,23.6791785630091
"80212",487,"CO",20746,23.4744047045214
"80214",286,"CO",27022,10.583968618163
"80215",279,"CO",19839,14.0632088310903
"80216",424,"CO",17330,24.466243508367
"80218",347,"CO",19149,18.1210507076088
"80219",282,"CO",59523,4.73766443223628
"80220",892,"CO",37203,23.9765610300245
"80221",423,"CO",39718,10.6500830857546
"80222",424,"CO",23838,17.786727074419
"80223",281,"CO",19246,14.6004364543282
"80224",307,"CO",19352,15.8639933856966
"80226",329,"CO",31573,10.4202958223799
"80227",403,"CO",34907,11.5449623284728
"80228",715,"CO",34942,20.4624806822735
"80229",300,"CO",55092,5.44543672402527
"80230",330,"CO",10449,31.5819695664657
"80231",394,"CO",35883,10.9801298665106
"80232",256,"CO",23050,11.1062906724512
"80233",320,"CO",48441,6.60597427798765
"80234",366,"CO",29356,12.4676386428669
"80235",98,"CO",8373,11.7042875910665
"80236",121,"CO",16863,7.17547292889759
"80237",374,"CO",23384,15.993841943209
"80238",1404,"CO",30575,45.9198691741619
"80239",234,"CO",44956,5.20508942076697
"80241",398,"CO",34082,11.6777184437533
"80246",229,"CO",13097,17.4849202107353
"80247",244,"CO",29760,8.1989247311828
"80249",7707,"CO",41590,185.308968502044
"80260",128,"CO",34677,3.69120742855495
"80301",874,"CO",25007,34.9502139400968
"80302",754,"CO",29569,25.4996787175758
"80303",802,"CO",24996,32.0851336213794
"80304",1313,"CO",25383,51.7275341764173
"80305",684,"CO",16291,41.9863728439015
"80310",2,"CO",7692,0.260010400416017
"80401",1037,"CO",43811,23.6698546027253
"80403",628,"CO",20732,30.2913370634767
"80420",12,"CO",1246,9.63081861958266
"80421",76,"CO",8536,8.90346766635427
"80422",84,"CO",4363,19.2528077011231
"80423",1,"CO",83,12.0481927710843
"80424",213,"CO",9764,21.81482998771
"80425",2,"CO",243,8.23045267489712
"80427",8,"CO",567,14.1093474426808
"80428",13,"CO",720,18.0555555555556
"80432",6,"CO",293,20.4778156996587
"80433",165,"CO",8292,19.8986975397974
"80435",132,"CO",8715,15.1462994836489
"80436",5,"CO",348,14.367816091954
"80438",6,"CO",970,6.18556701030928
"80439",767,"CO",24610,31.1661926046323
"80440",21,"CO",3502,5.99657338663621
"80442",56,"CO",2614,21.4231063504208
"80443",107,"CO",3992,26.8036072144289
"80444",16,"CO",1053,15.1946818613485
"80446",46,"CO",4017,11.4513318396814
"80447",37,"CO",1857,19.9246095853527
"80449",10,"CO",916,10.9170305676856
"80451",4,"CO",1265,3.16205533596838
"80452",38,"CO",3135,12.1212121212121
"80453",3,"CO",297,10.1010101010101
"80454",28,"CO",986,28.3975659229209
"80455",17,"CO",501,33.9321357285429
"80456",6,"CO",507,11.8343195266272
"80457",5,"CO",283,17.6678445229682
"80459",8,"CO",2569,3.11405216037369
"80461",45,"CO",6957,6.46830530401035
"80463",2,"CO",100,20
"80465",383,"CO",16582,23.097334459052
"80466",89,"CO",3599,24.7290914142817
"80467",19,"CO",2260,8.4070796460177
"80468",4,"CO",382,10.4712041884817
"80469",1,"CO",402,2.48756218905473
"80470",57,"CO",3608,15.7982261640798
"80474",8,"CO",264,30.3030303030303
"80475",1,"CO",39,25.6410256410256
"80476",2,"CO",159,12.5786163522013
"80478",20,"CO",1396,14.3266475644699
"80480",3,"CO",1130,2.65486725663717
"80481",12,"CO",484,24.7933884297521
"80482",15,"CO",1447,10.3662750518314
"80483",1,"CO",455,2.1978021978022
"80487",270,"CO",18525,14.5748987854251
"80498",174,"CO",8881,19.5923882445671
"80501",559,"CO",44147,12.6622420549528
"80503",1199,"CO",35846,33.4486414104782
"80504",1140,"CO",63451,17.9666199114277
"80510",6,"CO",663,9.04977375565611
"80512",33,"CO",1903,17.3410404624277
"80513",332,"CO",18271,18.1708718734607
"80514",86,"CO",6721,12.7957149233745
"80515",5,"CO",934,5.35331905781585
"80516",1344,"CO",39048,34.419176398279
"80517",159,"CO",9657,16.4647406026716
"80520",13,"CO",1140,11.4035087719298
"80521",385,"CO",38776,9.92882195172272
"80524",699,"CO",40030,17.4619035723208
"80525",886,"CO",54211,16.3435465127004
"80526",621,"CO",44326,14.009836213509
"80528",621,"CO",24960,24.8798076923077
"80530",93,"CO",6242,14.8990708106376
"80532",6,"CO",185,32.4324324324324
"80534",270,"CO",20502,13.1694468832309
"80535",37,"CO",1896,19.5147679324895
"80536",23,"CO",2383,9.65169953839698
"80537",465,"CO",44425,10.4670793472144
"80538",611,"CO",50110,12.1931750149671
"80540",176,"CO",4642,37.914691943128
"80542",98,"CO",5155,19.0106692531523
"80543",50,"CO",9774,5.11561285041948
"80545",19,"CO",937,20.2774813233725
"80546",1,"CO",271,3.690036900369
"80547",324,"CO",8821,36.7305294184333
"80549",142,"CO",14325,9.91273996509599
"80550",723,"CO",46456,15.5631134837265
"80601",313,"CO",42127,7.42991430673915
"80602",900,"CO",44783,20.0969117745573
"80603",154,"CO",16811,9.1606686098388
"80610",21,"CO",4132,5.08228460793804
"80611",1,"CO",557,1.79533213644524
"80612",6,"CO",494,12.1457489878543
"80615",49,"CO",9060,5.4083885209713
"80620",74,"CO",20798,3.55803442638715
"80621",100,"CO",15060,6.64010624169987
"80623",1,"CO",1026,0.974658869395711
"80624",2,"CO",685,2.91970802919708
"80631",151,"CO",53722,2.81076653884814
"80634",423,"CO",65622,6.44600896040962
"80640",111,"CO",13818,8.03300043421624
"80642",21,"CO",4466,4.70219435736677
"80643",21,"CO",5119,4.10236374291854
"80644",13,"CO",2124,6.12052730696798
"80645",13,"CO",4917,2.64388854992882
"80648",8,"CO",902,8.86917960088692
"80649",2,"CO",263,7.60456273764259
"80650",9,"CO",2192,4.10583941605839
"80651",42,"CO",4837,8.68306801736614
"80652",1,"CO",299,3.34448160535117
"80653",5,"CO",939,5.3248136315229
"80654",16,"CO",3657,4.37517090511348
"80701",49,"CO",16226,3.01984469370147
"80705",1,"CO",1102,0.907441016333938
"80720",3,"CO",2247,1.3351134846462
"80722",1,"CO",374,2.67379679144385
"80723",16,"CO",6892,2.32153221125943
"80726",1,"CO",453,2.2075055187638
"80728",1,"CO",1029,0.97181729834791
"80729",7,"CO",350,20
"80731",5,"CO",1486,3.36473755047106
"80733",1,"CO",625,1.6
"80734",9,"CO",2999,3.00100033344448
"80735",1,"CO",324,3.08641975308642
"80741",3,"CO",936,3.2051282051282
"80743",4,"CO",1333,3.00075018754689
"80744",1,"CO",615,1.6260162601626
"80746",1,"CO",37,27.027027027027
"80750",1,"CO",217,4.60829493087558
"80751",37,"CO",16936,2.18469532357109
"80755",1,"CO",323,3.09597523219814
"80758",7,"CO",3394,2.06246317030053
"80759",4,"CO",4931,0.81119448387751
"80804",3,"CO",432,6.94444444444444
"80807",9,"CO",4211,2.13725955829969
"80808",35,"CO",6521,5.36727495782855
"80809",18,"CO",1138,15.817223198594
"80810",5,"CO",1145,4.36681222707424
"80813",7,"CO",1817,3.85250412768299
"80814",33,"CO",4599,7.17547292889759
"80815",1,"CO",923,1.08342361863489
"80816",37,"CO",6251,5.91905295152776
"80817",192,"CO",31241,6.14576998175475
"80818",1,"CO",337,2.9673590504451
"80819",3,"CO",650,4.61538461538462
"80820",7,"CO",427,16.3934426229508
"80821",1,"CO",1336,0.748502994011976
"80822",1,"CO",224,4.46428571428571
"80825",2,"CO",401,4.98753117206983
"80827",5,"CO",808,6.18811881188119
"80828",10,"CO",2427,4.12031314379893
"80829",82,"CO",5312,15.4367469879518
"80831",453,"CO",33912,13.3581033262562
"80832",4,"CO",1019,3.92541707556428
"80834",2,"CO",287,6.96864111498258
"80835",3,"CO",643,4.6656298600311
"80840",31,"CO",6727,4.60829493087558
"80860",4,"CO",654,6.11620795107034
"80863",107,"CO",12329,8.67872495741747
"80864",5,"CO",1505,3.32225913621262
"80902",17,"CO",11951,1.42247510668563
"80903",152,"CO",16491,9.21714874780183
"80904",201,"CO",21158,9.49995273655355
"80905",168,"CO",16672,10.0767754318618
"80906",579,"CO",37502,15.4391765772492
"80907",195,"CO",27815,7.01060578824375
"80908",518,"CO",25486,20.3248842501766
"80909",146,"CO",35486,4.11429859662966
"80910",134,"CO",31368,4.27186942106605
"80911",187,"CO",33027,5.66203409331759
"80913",49,"CO",6586,7.44002429395688
"80914",1,"CO",504,1.98412698412698
"80915",132,"CO",23884,5.5267124434768
"80916",171,"CO",41104,4.16017905799922
"80917",154,"CO",30398,5.06612277123495
"80918",354,"CO",50005,7.07929207079292
"80919",447,"CO",27787,16.0866592291359
"80920",441,"CO",36923,11.9437748828643
"80921",605,"CO",26551,22.7863357312342
"80922",294,"CO",30453,9.65422125898926
"80923",312,"CO",31772,9.81996726677578
"80924",501,"CO",19619,25.536469748713
"80925",218,"CO",17273,12.620853354947
"80926",14,"CO",1561,8.96860986547085
"80927",230,"CO",8036,28.6212045793927
"80928",7,"CO",798,8.7719298245614
"80929",1,"CO",155,6.45161290322581
"80930",13,"CO",1882,6.90754516471838
"80938",39,"CO",1664,23.4375
"80939",18,"CO",62,290.322580645161
"80951",47,"CO",5219,9.00555662004215
"81001",116,"CO",31197,3.71830624739558
"81003",54,"CO",15194,3.55403448729762
"81004",63,"CO",25757,2.44593702682766
"81005",159,"CO",32441,4.90120526494251
"81006",48,"CO",11029,4.35216248073261
"81007",253,"CO",35690,7.08882039787055
"81008",88,"CO",11608,7.58097863542385
"81019",9,"CO",1280,7.03125
"81020",1,"CO",763,1.31061598951507
"81022",4,"CO",1143,3.49956255468067
"81023",8,"CO",1417,5.64573041637262
"81025",1,"CO",814,1.22850122850123
"81030",1,"CO",148,6.75675675675676
"81036",2,"CO",1017,1.96656833824975
"81039",1,"CO",1597,0.626174076393237
"81040",2,"CO",360,5.55555555555556
"81047",1,"CO",1586,0.630517023959647
"81050",16,"CO",9894,1.61714170204164
"81052",12,"CO",9045,1.32669983416252
"81054",4,"CO",4729,0.845844787481497
"81055",15,"CO",1559,9.62155227710071
"81057",2,"CO",450,4.44444444444444
"81062",2,"CO",2000,1
"81063",2,"CO",2783,0.718648939992814
"81067",6,"CO",5523,1.08636610537751
"81069",8,"CO",1678,4.76758045292014
"81071",2,"CO",298,6.71140939597315
"81073",5,"CO",1865,2.68096514745308
"81077",2,"CO",568,3.52112676056338
"81082",28,"CO",11842,2.36446546191522
"81089",15,"CO",4890,3.06748466257669
"81091",3,"CO",1120,2.67857142857143
"81092",2,"CO",761,2.6281208935611
"81101",33,"CO",15550,2.12218649517685
"81120",5,"CO",1832,2.7292576419214
"81122",35,"CO",8838,3.9601719846119
"81125",7,"CO",3362,2.08209399167162
"81130",3,"CO",727,4.12654745529574
"81131",23,"CO",1051,21.883920076118
"81132",9,"CO",3252,2.76752767527675
"81133",6,"CO",1085,5.52995391705069
"81137",13,"CO",5571,2.33351283432059
"81138",1,"CO",17,58.8235294117647
"81140",3,"CO",1893,1.58478605388273
"81141",1,"CO",1406,0.711237553342817
"81143",4,"CO",796,5.0251256281407
"81144",16,"CO",6543,2.44536145499007
"81146",4,"CO",637,6.27943485086342
"81147",61,"CO",13091,4.65968986326484
"81148",1,"CO",387,2.58397932816537
"81149",2,"CO",1183,1.69061707523246
"81151",2,"CO",1716,1.16550116550117
"81152",1,"CO",1244,0.803858520900322
"81154",6,"CO",1363,4.40205429200293
"81155",2,"CO",228,8.7719298245614
"81201",116,"CO",9294,12.4811706477297
"81210",4,"CO",664,6.02409638554217
"81211",56,"CO",8302,6.74536256323777
"81212",93,"CO",32292,2.87997027127462
"81220",2,"CO",251,7.96812749003984
"81221",1,"CO",324,3.08641975308642
"81222",1,"CO",538,1.85873605947955
"81223",11,"CO",2457,4.47700447700448
"81224",59,"CO",3101,19.026120606256
"81225",13,"CO",823,15.7958687727825
"81226",19,"CO",7459,2.54725834562274
"81230",47,"CO",10971,4.28402151125695
"81233",5,"CO",966,5.175983436853
"81235",2,"CO",912,2.19298245614035
"81236",12,"CO",1748,6.8649885583524
"81240",15,"CO",4800,3.125
"81242",10,"CO",807,12.3915737298637
"81243",1,"CO",174,5.74712643678161
"81244",1,"CO",660,1.51515151515152
"81248",2,"CO",264,7.57575757575758
"81251",2,"CO",423,4.72813238770686
"81252",30,"CO",4763,6.29855133319337
"81253",3,"CO",524,5.72519083969466
"81301",336,"CO",29774,11.2850137704037
"81303",60,"CO",10236,5.86166471277843
"81321",35,"CO",14236,2.45855577409385
"81323",10,"CO",5191,1.92641109612791
"81324",2,"CO",1815,1.10192837465565
"81326",26,"CO",2621,9.91987790919496
"81328",25,"CO",4487,5.57165143748607
"81332",8,"CO",414,19.3236714975845
"81335",1,"CO",76,13.1578947368421
"81401",112,"CO",24228,4.62275053656926
"81403",76,"CO",12138,6.26132806063602
"81410",3,"CO",1372,2.1865889212828
"81413",16,"CO",5149,3.10739949504758
"81415",17,"CO",1955,8.69565217391304
"81416",25,"CO",14256,1.75364758698092
"81419",24,"CO",3646,6.5825562260011
"81423",7,"CO",1176,5.95238095238095
"81424",3,"CO",1079,2.78035217794254
"81425",15,"CO",5005,2.997002997003
"81426",8,"CO",120,66.6666666666667
"81427",7,"CO",1218,5.74712643678161
"81428",39,"CO",3788,10.2956705385428
"81430",23,"CO",708,32.4858757062147
"81431",2,"CO",745,2.68456375838926
"81432",60,"CO",3219,18.6393289841566
"81433",5,"CO",651,7.68049155145929
"81435",73,"CO",5876,12.4234172906739
"81501",99,"CO",24011,4.12311024113948
"81503",60,"CO",16558,3.62362604179249
"81504",90,"CO",32376,2.77983691623425
"81505",103,"CO",13279,7.75660817832668
"81506",90,"CO",11412,7.88643533123028
"81507",205,"CO",15947,12.8550824606509
"81520",47,"CO",12892,3.64567173440894
"81521",97,"CO",16613,5.83880093902366
"81523",5,"CO",983,5.08646998982706
"81524",5,"CO",2760,1.81159420289855
"81525",4,"CO",1127,3.54924578527063
"81526",36,"CO",5559,6.47598488936859
"81527",10,"CO",1462,6.83994528043776
"81601",233,"CO",16844,13.8328188078841
"81611",300,"CO",9068,33.0833700926334
"81615",81,"CO",2972,27.2543741588156
"81620",174,"CO",10870,16.0073597056118
"81621",176,"CO",6550,26.8702290076336
"81623",367,"CO",15067,24.3578681887569
"81624",3,"CO",1492,2.01072386058981
"81625",12,"CO",12307,0.975054846835135
"81630",4,"CO",1058,3.78071833648393
"81631",178,"CO",8958,19.8705068095557
"81632",240,"CO",10965,21.8878248974008
"81635",18,"CO",7486,2.40448837830617
"81637",76,"CO",10744,7.07371556217424
"81639",8,"CO",2618,3.05576776165011
"81640",1,"CO",209,4.78468899521531
"81641",5,"CO",3621,1.38083402375035
"81643",4,"CO",1133,3.53045013239188
"81645",10,"CO",1028,9.72762645914397
"81647",54,"CO",6882,7.84655623365301
"81648",1,"CO",2796,0.357653791130186
"81649",1,"CO",345,2.89855072463768
"81650",50,"CO",14083,3.5503798906483
"81652",35,"CO",6271,5.58124701004624
"81654",34,"CO",1431,23.759608665269
"81655",7,"CO",227,30.8370044052863
"81656",11,"CO",459,23.9651416122004
"81657",107,"CO",4835,22.1302998965874
"87001",3,"NM",3560,0.842696629213483
"87002",44,"NM",21265,2.06912767458265
"87004",28,"NM",11237,2.4917682655513
"87006",2,"NM",1313,1.52322924600152
"87008",16,"NM",2520,6.34920634920635
"87010",11,"NM",1135,9.69162995594714
"87013",3,"NM",5251,0.571319748619311
"87015",27,"NM",14443,1.86941771100187
"87016",5,"NM",2421,2.06526228831062
"87020",6,"NM",11966,0.501420691960555
"87022",1,"NM",818,1.22249388753056
"87025",3,"NM",1299,2.3094688221709
"87026",2,"NM",1567,1.27632418634333
"87031",110,"NM",47514,2.31510712632066
"87035",1,"NM",7539,0.132643586682584
"87036",1,"NM",1927,0.518941359626362
"87042",6,"NM",3410,1.75953079178886
"87043",108,"NM",4223,25.5742363248875
"87045",2,"NM",2608,0.766871165644172
"87047",66,"NM",5402,12.217697149204
"87048",133,"NM",9069,14.6653434777815
"87052",1,"NM",3465,0.288600288600289
"87056",2,"NM",1084,1.8450184501845
"87059",61,"NM",10241,5.95644956547212
"87068",16,"NM",5432,2.94550810014728
"87083",3,"NM",476,6.30252100840336
"87102",76,"NM",20123,3.77677284699101
"87104",110,"NM",12853,8.55831323426437
"87105",90,"NM",54367,1.65541596924605
"87106",260,"NM",26953,9.64642154862167
"87107",227,"NM",27566,8.23478197779874
"87108",114,"NM",36331,3.13781619003055
"87109",184,"NM",39324,4.67907639100804
"87110",210,"NM",39685,5.29167191634119
"87111",431,"NM",57085,7.55014452132784
"87112",146,"NM",44250,3.29943502824859
"87113",151,"NM",16074,9.39405250715441
"87114",317,"NM",70117,4.52101487513727
"87116",17,"NM",3865,4.39844760672704
"87120",334,"NM",66097,5.0531794181279
"87121",110,"NM",75510,1.45676069394782
"87122",360,"NM",18578,19.3777586392507
"87123",193,"NM",42252,4.56783110858658
"87124",217,"NM",58499,3.70946511906186
"87144",274,"NM",51837,5.2857997183479
"87301",30,"NM",21755,1.37899333486555
"87310",1,"NM",977,1.02354145342886
"87315",1,"NM",130,7.69230769230769
"87321",1,"NM",2115,0.472813238770686
"87323",1,"NM",4245,0.235571260306243
"87327",1,"NM",7144,0.139977603583427
"87401",40,"NM",45229,0.884388334917862
"87402",33,"NM",11418,2.89017341040462
"87410",12,"NM",15012,0.799360511590727
"87413",5,"NM",14296,0.349748181309457
"87417",3,"NM",6624,0.452898550724638
"87501",233,"NM",16007,14.5561316923846
"87505",335,"NM",32092,10.438738626449
"87506",232,"NM",16372,14.1705350598583
"87507",248,"NM",51386,4.82621725761881
"87508",214,"NM",18518,11.5563235770602
"87510",5,"NM",979,5.10725229826353
"87514",3,"NM",1589,1.88797986154814
"87520",2,"NM",1148,1.74216027874564
"87522",2,"NM",2595,0.770712909441233
"87525",1,"NM",65,15.3846153846154
"87527",2,"NM",1534,1.30378096479791
"87529",13,"NM",4538,2.86469810489202
"87532",26,"NM",18948,1.37217648300612
"87535",4,"NM",1467,2.7266530334015
"87540",24,"NM",1117,21.4861235452104
"87543",1,"NM",288,3.47222222222222
"87544",140,"NM",13598,10.2956317105457
"87547",47,"NM",5837,8.05208154874079
"87548",1,"NM",1024,0.9765625
"87549",1,"NM",933,1.07181136120043
"87552",6,"NM",2377,2.52419015565839
"87556",1,"NM",3008,0.332446808510638
"87557",8,"NM",4904,1.63132137030995
"87564",2,"NM",203,9.85221674876847
"87566",2,"NM",2684,0.745156482861401
"87567",1,"NM",2003,0.499251123315028
"87571",45,"NM",11531,3.90252363194866
"87575",1,"NM",938,1.06609808102345
"87578",1,"NM",528,1.89393939393939
"87580",1,"NM",245,4.08163265306122
"87701",18,"NM",17339,1.03812215237326
"87710",1,"NM",1519,0.658327847267939
"87729",1,"NM",96,10.4166666666667
"87740",9,"NM",7078,1.27154563435999
"87747",2,"NM",1723,1.16076610562972
"87801",19,"NM",9291,2.04498977505112
"87821",1,"NM",1030,0.970873786407767
"87823",1,"NM",441,2.26757369614512
"87825",3,"NM",1489,2.01477501678979
"87828",1,"NM",1068,0.936329588014981
"87901",5,"NM",6378,0.783944810285356
"87937",2,"NM",2990,0.668896321070234
"88001",43,"NM",37690,1.1408861767047
"88002",4,"NM",1609,2.48601615910503
"88004",4,"NM",1080,3.7037037037037
"88005",81,"NM",27509,2.94449089388927
"88007",90,"NM",26254,3.42804905919098
"88008",34,"NM",12623,2.69349599936624
"88011",179,"NM",33064,5.41374304379385
"88012",100,"NM",33158,3.01586344170336
"88020",1,"NM",743,1.34589502018843
"88021",24,"NM",16298,1.47257332187999
"88022",2,"NM",1326,1.50829562594268
"88023",1,"NM",2057,0.486144871171609
"88024",1,"NM",431,2.32018561484919
"88029",1,"NM",1198,0.834724540901502
"88030",14,"NM",24413,0.573464957194937
"88041",1,"NM",925,1.08108108108108
"88044",7,"NM",2618,2.67379679144385
"88045",5,"NM",3303,1.51377535573721
"88047",2,"NM",1660,1.20481927710843
"88048",3,"NM",3247,0.923929781336618
"88061",40,"NM",17464,2.29042601923958
"88063",10,"NM",10881,0.919033177097693
"88065",1,"NM",814,1.22850122850123
"88081",20,"NM",19663,1.0171387885877
"88101",82,"NM",44846,1.82847968603666
"88130",8,"NM",17842,0.448380226432014
"88201",38,"NM",27524,1.38061328295306
"88203",8,"NM",28753,0.278231836677912
"88210",15,"NM",18542,0.808974220688167
"88220",29,"NM",39828,0.728130963141508
"88230",1,"NM",4336,0.230627306273063
"88231",2,"NM",3255,0.614439324116744
"88232",1,"NM",2838,0.352360817477097
"88240",29,"NM",41557,0.697836706210747
"88242",8,"NM",8472,0.944287063267233
"88260",9,"NM",15160,0.593667546174142
"88301",1,"NM",1197,0.835421888053467
"88310",68,"NM",36983,1.8386826379688
"88312",8,"NM",3287,2.43383024034074
"88317",1,"NM",2077,0.481463649494463
"88324",1,"NM",18,55.5555555555556
"88325",1,"NM",1370,0.72992700729927
"88330",13,"NM",4433,2.93255131964809
"88337",3,"NM",1859,1.61377084454008
"88340",1,"NM",3590,0.278551532033426
"88341",1,"NM",653,1.53139356814701
"88345",17,"NM",7835,2.16975111678366
"88352",6,"NM",4124,1.454898157129
"88353",1,"NM",529,1.89035916824197
"88401",4,"NM",6818,0.586682311528307
"88415",2,"NM",3178,0.629326620516048
"88435",5,"NM",3343,1.49566257852229
"90001",446,"CA",56189,7.93749666304793
"90002",395,"CA",52122,7.57837381527954
"90003",506,"CA",70065,7.22186541069007
"90004",2212,"CA",58484,37.8223103754873
"90005",1443,"CA",39142,36.8657707833018
"90006",984,"CA",55527,17.721108649846
"90007",586,"CA",38715,15.1362520986698
"90008",1240,"CA",33252,37.2909900156382
"90010",654,"CA",4850,134.845360824742
"90011",701,"CA",100113,7.00208764096571
"90012",2478,"CA",37336,66.3702592671952
"90013",618,"CA",14357,43.0452044298948
"90014",440,"CA",10224,43.0359937402191
"90015",1259,"CA",24704,50.9634067357513
"90016",1657,"CA",46457,35.6673913511419
"90017",1078,"CA",30172,35.7284899907199
"90018",1124,"CA",48745,23.0587752590009
"90019",2521,"CA",59548,42.3355948142675
"90020",1256,"CA",38994,32.2100836026055
"90021",310,"CA",2897,107.00724887815
"90022",618,"CA",60343,10.2414530268631
"90023",420,"CA",43857,9.57657842533689
"90024",2757,"CA",51675,53.3526850507983
"90025",3505,"CA",46508,75.3633783435108
"90026",2494,"CA",62692,39.7817903400753
"90027",2660,"CA",46558,57.1330383607543
"90028",1595,"CA",32883,48.5053066934282
"90029",795,"CA",33303,23.871723268174
"90031",985,"CA",36127,27.264926509259
"90032",1235,"CA",43117,28.6429946424844
"90033",413,"CA",45647,9.04769207176813
"90034",3175,"CA",57075,55.62855891371
"90035",2213,"CA",29000,76.3103448275862
"90036",2826,"CA",39278,71.9486735577168
"90037",533,"CA",65482,8.13964142817874
"90038",1070,"CA",27127,39.4440962878313
"90039",2102,"CA",28884,72.773854036837
"90040",304,"CA",11430,26.5966754155731
"90041",1555,"CA",27920,55.6948424068768
"90042",2336,"CA",56835,41.1014339755432
"90043",1625,"CA",42377,38.3462727422895
"90044",819,"CA",94830,8.63650743435621
"90045",16514,"CA",41786,395.204135356339
"90046",4065,"CA",48296,84.1684611562034
"90047",1098,"CA",50974,21.5403931416016
"90048",2018,"CA",21476,93.9653566772211
"90049",4990,"CA",37122,134.42163676526
"90056",707,"CA",8543,82.7578134144914
"90057",610,"CA",46629,13.0819876042806
"90058",204,"CA",3585,56.9037656903766
"90059",444,"CA",37511,11.8365279518008
"90061",310,"CA",30051,10.3157964793185
"90062",539,"CA",32715,16.4756228029956
"90063",996,"CA",48397,20.5797880033886
"90064",3165,"CA",26642,118.797387583515
"90065",2480,"CA",44658,55.5331631510592
"90066",4603,"CA",56740,81.1244272118435
"90067",810,"CA",3875,209.032258064516
"90068",2458,"CA",21572,113.944001483404
"90069",2146,"CA",20961,102.380611612041
"90071",37,"CA",556,66.5467625899281
"90073",1,"CA",1079,0.92678405931418
"90077",1654,"CA",8386,197.233484378726
"90089",23,"CA",5462,4.21091175393629
"90094",1335,"CA",11764,113.481808908535
"90201",1005,"CA",92763,10.8340609941464
"90210",3291,"CA",19004,173.174068617133
"90211",1077,"CA",9120,118.092105263158
"90212",1459,"CA",10728,135.999254287845
"90220",652,"CA",48354,13.4838896471853
"90221",496,"CA",50659,9.79095521032788
"90222",336,"CA",32340,10.3896103896104
"90230",2053,"CA",31009,66.2065851849463
"90232",1431,"CA",16554,86.4443638999637
"90240",1178,"CA",24853,47.3987043817648
"90241",1533,"CA",45319,33.8268717315033
"90242",1006,"CA",40767,24.6768219393137
"90245",1405,"CA",16769,83.7855566819727
"90247",1250,"CA",47053,26.5657875162051
"90248",606,"CA",11235,53.9385847797063
"90249",900,"CA",26290,34.2335488779003
"90250",2818,"CA",93826,30.0343188455226
"90254",2085,"CA",19063,109.374180349368
"90255",670,"CA",69349,9.66127846111696
"90260",862,"CA",32075,26.8745128604832
"90262",637,"CA",64235,9.91671207285748
"90263",12,"CA",1856,6.46551724137931
"90265",1910,"CA",15918,119.989948485991
"90266",4764,"CA",34210,139.257527038878
"90270",235,"CA",24218,9.70352630275002
"90272",3692,"CA",21390,172.60402057036
"90274",3600,"CA",25059,143.660960134084
"90275",4943,"CA",40945,120.722920991574
"90277",3056,"CA",34844,87.7052003214327
"90278",3710,"CA",42423,87.4525611107182
"90280",1184,"CA",91365,12.9590105620314
"90290",779,"CA",6315,123.357086302454
"90291",2344,"CA",26324,89.0442182039204
"90292",2755,"CA",23982,114.877825035443
"90293",998,"CA",12655,78.8621098380087
"90301",5797,"CA",36060,160.759844703272
"90302",756,"CA",29003,26.0662690066545
"90303",436,"CA",22727,19.1842302107625
"90304",384,"CA",25430,15.1002752654345
"90305",635,"CA",14708,43.1737829752516
"90401",1492,"CA",8101,184.174793235403
"90402",1720,"CA",11337,151.7156214166
"90403",2146,"CA",23867,89.9149453219927
"90404",1355,"CA",22978,58.9694490382105
"90405",2589,"CA",27298,94.8421129753095
"90501",2288,"CA",41787,54.7538708210688
"90502",741,"CA",18467,40.1256295012725
"90503",2890,"CA",43454,66.5071109679201
"90504",1662,"CA",33084,50.2357635110627
"90505",2433,"CA",35148,69.2215773301468
"90601",1286,"CA",30078,42.7555023605293
"90602",814,"CA",25905,31.4225053078556
"90603",827,"CA",21118,39.1609053887679
"90604",1092,"CA",39276,27.803238619004
"90605",940,"CA",39387,23.8657425038718
"90606",622,"CA",32057,19.4029385157688
"90620",2154,"CA",46608,46.2152420185376
"90621",2120,"CA",35984,58.9150733659404
"90623",1217,"CA",15545,78.2888388549373
"90630",3428,"CA",49318,69.5080903524068
"90631",2990,"CA",68309,43.771684551084
"90638",2232,"CA",45933,48.592515185161
"90639",2,"CA",1671,1.19688809096349
"90640",1632,"CA",61382,26.5875989703822
"90650",2310,"CA",99900,23.1231231231231
"90660",1124,"CA",60272,18.6487921422883
"90670",735,"CA",17851,41.1741639123859
"90680",1004,"CA",31991,31.3838267012597
"90701",627,"CA",15889,39.4612625086538
"90703",4242,"CA",48108,88.1766026440509
"90704",40,"CA",3421,11.692487576732
"90706",1681,"CA",76819,21.8826071674976
"90710",920,"CA",26761,34.3783864579052
"90712",1353,"CA",30800,43.9285714285714
"90713",1047,"CA",28221,37.1000318911449
"90715",605,"CA",20182,29.9772074125458
"90716",188,"CA",13599,13.8245459224943
"90717",736,"CA",21482,34.2612419700214
"90720",1802,"CA",23805,75.6983826927116
"90723",706,"CA",52050,13.5638808837656
"90731",1493,"CA",61944,24.1024150845925
"90732",1144,"CA",23067,49.5946590367191
"90740",1524,"CA",24254,62.8349962892719
"90742",88,"CA",405,217.283950617284
"90743",50,"CA",468,106.837606837607
"90744",548,"CA",52800,10.3787878787879
"90745",1660,"CA",57397,28.9213721971532
"90746",1049,"CA",27091,38.7213465726625
"90747",2,"CA",11,181.818181818182
"90755",780,"CA",11521,67.7024563839944
"90802",1516,"CA",40434,37.4931987930949
"90803",2117,"CA",31526,67.1509230476432
"90804",835,"CA",38076,21.9298245614035
"90805",1513,"CA",92402,16.3741044566135
"90806",1015,"CA",41664,24.3615591397849
"90807",1694,"CA",33101,51.1767016102233
"90808",2234,"CA",39317,56.8202050003815
"90810",627,"CA",35833,17.4978371891832
"90813",572,"CA",51241,11.1629359302121
"90814",956,"CA",19471,49.0986595449643
"90815",2097,"CA",43023,48.7413708946378
"91001",2776,"CA",35475,78.2522903453136
"91006",3383,"CA",31582,107.117978595402
"91007",2669,"CA",33029,80.8077749856187
"91008",145,"CA",743,195.154777927322
"91010",964,"CA",27589,34.9414621769546
"91011",3026,"CA",19935,151.79332831703
"91016",2110,"CA",41140,51.2882839086048
"91020",468,"CA",7532,62.1348911311737
"91024",910,"CA",10940,83.180987202925
"91030",2236,"CA",26068,85.7756636489182
"91040",1563,"CA",20821,75.0684405167859
"91042",1774,"CA",26928,65.8793820558526
"91046",6,"CA",115,52.1739130434783
"91101",1289,"CA",21165,60.9024332624616
"91103",1293,"CA",25142,51.427889587145
"91104",2054,"CA",35937,57.1555778167348
"91105",1639,"CA",12531,130.795626845423
"91106",1577,"CA",23910,65.9556670849017
"91107",2817,"CA",32316,87.1704418863721
"91108",1911,"CA",12401,154.100475768083
"91125",5,"CA",1000,5
"91201",1484,"CA",22394,66.2677502902563
"91202",1602,"CA",22504,71.1873444720939
"91203",1099,"CA",16856,65.1993355481728
"91204",1086,"CA",17857,60.8164865318923
"91205",1688,"CA",34254,49.2789163309395
"91206",2332,"CA",31961,72.9639247833297
"91207",920,"CA",10438,88.1394903238168
"91208",1579,"CA",15969,98.8790782140397
"91210",38,"CA",312,121.794871794872
"91214",2730,"CA",30817,88.5874679559983
"91301",2717,"CA",23879,113.781984170191
"91302",4003,"CA",25569,156.556767961203
"91303",993,"CA",29805,33.3165576245596
"91304",2572,"CA",52474,49.014750161985
"91306",1954,"CA",47176,41.4193657792098
"91307",2601,"CA",26580,97.8555304740406
"91311",3025,"CA",40898,73.9644970414201
"91316",2627,"CA",29491,89.0780238038724
"91320",3350,"CA",43472,77.0610967979389
"91321",1376,"CA",31989,43.0147863328019
"91324",1710,"CA",30699,55.7021401348578
"91325",2051,"CA",35062,58.4963778449604
"91326",5261,"CA",38428,136.905381492662
"91330",8,"CA",2512,3.18471337579618
"91331",1705,"CA",97608,17.4678305056963
"91335",2743,"CA",74526,36.8059469178542
"91340",627,"CA",33424,18.758975586405
"91342",3083,"CA",93301,33.0435901008564
"91343",2315,"CA",60783,38.0863070266357
"91344",4038,"CA",52890,76.3471355643789
"91345",642,"CA",18714,34.3058672651491
"91350",3640,"CA",43973,82.7780683601301
"91351",1493,"CA",33155,45.030915397376
"91352",1562,"CA",46899,33.3056141922003
"91354",3279,"CA",33957,96.5633006449333
"91355",2298,"CA",29123,78.9067060398997
"91356",3106,"CA",30942,100.381358671062
"91360",2538,"CA",42236,60.0909177005398
"91361",2411,"CA",18802,128.231039251143
"91362",3727,"CA",35996,103.53928214246
"91364",3123,"CA",27748,112.54865215511
"91367",4115,"CA",45889,89.6729063610016
"91377",1617,"CA",13757,117.540161372392
"91381",3093,"CA",22582,136.96749623594
"91384",1281,"CA",26478,48.3797869929753
"91387",2792,"CA",46869,59.5702916639997
"91390",1273,"CA",19308,65.9312202195981
"91401",2560,"CA",39231,65.2545181106778
"91402",1477,"CA",65754,22.4625117863552
"91403",2746,"CA",25793,106.462993835537
"91405",2493,"CA",56033,44.4916388556743
"91406",2306,"CA",51953,44.3862722075722
"91411",1131,"CA",23185,48.7815397886565
"91423",2996,"CA",32328,92.6750804256372
"91436",2839,"CA",15969,177.781952533033
"91501",1530,"CA",19016,80.4585612116113
"91502",603,"CA",11652,51.750772399588
"91504",1885,"CA",27010,69.788967049241
"91505",1916,"CA",31744,60.3578629032258
"91506",1198,"CA",18612,64.3670750053729
"91601",1918,"CA",36992,51.8490484429066
"91602",1607,"CA",20957,76.6808226368278
"91604",3578,"CA",32469,110.197419076658
"91605",1968,"CA",49868,39.4641854495869
"91606",1795,"CA",43559,41.2084758603274
"91607",2095,"CA",31890,65.6945751019128
"91608",7,"CA",38,184.210526315789
"91701",1863,"CA",39287,47.420266245832
"91702",1915,"CA",60903,31.4434428517479
"91706",1882,"CA",71082,26.4764638023691
"91708",2047,"CA",19213,106.542445219383
"91709",7588,"CA",78006,97.2745686229264
"91710",3843,"CA",78754,48.7975213957386
"91711",2439,"CA",37529,64.9897412667537
"91722",1123,"CA",35099,31.9952135388473
"91723",709,"CA",17733,39.9819545480178
"91724",1196,"CA",28352,42.1839729119639
"91730",2843,"CA",71613,39.6994959015821
"91731",848,"CA",27620,30.7023895727734
"91732",1701,"CA",57431,29.6181504762236
"91733",1133,"CA",41255,27.4633377772391
"91737",1607,"CA",22958,69.9973865319279
"91739",3466,"CA",41673,83.171357953591
"91740",1012,"CA",26168,38.6731886273311
"91741",1639,"CA",26071,62.8667868512907
"91744",1862,"CA",76942,24.20004678849
"91745",3500,"CA",54351,64.3962392596273
"91746",770,"CA",28387,27.1250924719062
"91748",3380,"CA",42463,79.5987094647105
"91750",1666,"CA",32692,50.9604796280436
"91752",1687,"CA",37983,44.4146065345023
"91754",2053,"CA",32248,63.6628628131977
"91755",1536,"CA",26810,57.2920552032824
"91759",13,"CA",341,38.1231671554252
"91761",3305,"CA",62935,52.5144990863589
"91762",2383,"CA",64235,37.0981552113334
"91763",947,"CA",37700,25.1193633952255
"91764",1147,"CA",56270,20.3838635151946
"91765",4829,"CA",44502,108.511976989798
"91766",1858,"CA",69327,26.8005250479611
"91767",1152,"CA",49152,23.4375
"91768",675,"CA",34200,19.7368421052632
"91770",3585,"CA",58382,61.4059127813367
"91773",1865,"CA",33598,55.5092565033633
"91775",1795,"CA",23672,75.8279824264954
"91776",1984,"CA",36952,53.6912751677852
"91780",2622,"CA",35588,73.67652017534
"91784",2177,"CA",26886,80.9715093357138
"91786",1728,"CA",55829,30.951655949417
"91789",4597,"CA",40298,114.075140205469
"91790",1965,"CA",44710,43.9498993513755
"91791",2130,"CA",33028,64.4907351338259
"91792",1246,"CA",30629,40.6804009272258
"91801",2491,"CA",53381,46.6645435641895
"91803",1499,"CA",27715,54.0862348908533
"91901",598,"CA",18197,32.8625597625982
"91902",963,"CA",17698,54.4129280144649
"91905",26,"CA",1683,15.4486036838978
"91906",76,"CA",3325,22.8571428571429
"91910",2320,"CA",77123,30.08181735669
"91911",1735,"CA",85542,20.2824343597297
"91913",3855,"CA",57721,66.7867847057397
"91914",1419,"CA",16877,84.0789239793802
"91915",2301,"CA",35322,65.1435366060812
"91916",48,"CA",1710,28.0701754385965
"91917",19,"CA",749,25.3671562082777
"91931",10,"CA",494,20.2429149797571
"91932",443,"CA",25741,17.2098986053378
"91934",13,"CA",1200,10.8333333333333
"91935",520,"CA",9114,57.0550800965548
"91941",1701,"CA",33218,51.2071768318382
"91942",1314,"CA",41424,31.720741599073
"91945",679,"CA",27745,24.4728779960353
"91948",2,"CA",93,21.505376344086
"91950",843,"CA",59891,14.0755706199596
"91962",67,"CA",2574,26.029526029526
"91963",14,"CA",689,20.3193033381713
"91977",1609,"CA",61064,26.3494039041006
"91978",458,"CA",10014,45.7359696425005
"91980",14,"CA",176,79.5454545454545
"92003",363,"CA",5061,71.7249555423829
"92004",66,"CA",3007,21.9487861656136
"92007",905,"CA",11100,81.5315315315315
"92008",1993,"CA",27955,71.2931497048829
"92009",4527,"CA",44739,101.186883926775
"92010",1566,"CA",18489,84.6990102222943
"92011",2378,"CA",23190,102.544200086244
"92014",1931,"CA",13105,147.348340328119
"92019",2068,"CA",45351,45.5998765187096
"92020",1742,"CA",57842,30.116524324885
"92021",1508,"CA",70501,21.3897675210281
"92024",4758,"CA",50617,94.0000395124168
"92025",1658,"CA",49989,33.1672968052972
"92026",2266,"CA",53075,42.6943005181347
"92027",1693,"CA",54113,31.2863822002107
"92028",2476,"CA",52227,47.4084285905758
"92029",1743,"CA",20726,84.0972691305606
"92036",108,"CA",3218,33.561218147918
"92037",4141,"CA",40717,101.701991797038
"92040",1051,"CA",46216,22.7410420633547
"92054",1310,"CA",38417,34.0994872061848
"92055",13,"CA",10831,1.20025851721909
"92056",2465,"CA",53616,45.9750820650552
"92057",2375,"CA",56835,41.7876308612651
"92058",1000,"CA",49834,20.0666211823253
"92059",41,"CA",1362,30.1027900146843
"92060",13,"CA",619,21.0016155088853
"92061",86,"CA",1543,55.7355800388853
"92064",4181,"CA",48683,85.8821354476922
"92065",1241,"CA",36752,33.7668698302133
"92066",3,"CA",290,10.3448275862069
"92067",1819,"CA",7938,229.15091962711
"92069",2256,"CA",47335,47.660293651632
"92070",18,"CA",607,29.6540362438221
"92071",2130,"CA",59590,35.7442523913408
"92075",1266,"CA",11944,105.994641661085
"92078",3896,"CA",53605,72.6797873332712
"92081",1457,"CA",29002,50.2379146265775
"92082",1051,"CA",21727,48.3729921296083
"92083",874,"CA",38375,22.7752442996743
"92084",1640,"CA",49727,32.9800711886903
"92086",34,"CA",1406,24.1820768136558
"92091",268,"CA",972,275.720164609054
"92092",59,"CA",528,111.742424242424
"92093",71,"CA",7167,9.90651597600112
"92101",3849,"CA",51805,74.2978476980986
"92102",874,"CA",38901,22.4672887586437
"92103",2363,"CA",34836,67.8321276840051
"92104",2488,"CA",47410,52.4783800885889
"92105",1491,"CA",71411,20.8791362675218
"92106",1283,"CA",21651,59.2582328760796
"92107",1255,"CA",28827,43.5355742879939
"92108",1715,"CA",26790,64.0164240388204
"92109",2165,"CA",44820,48.3043284248104
"92110",1265,"CA",30902,40.9358617565206
"92111",2051,"CA",45249,45.3269685517912
"92113",479,"CA",48215,9.93466763455356
"92114",1423,"CA",65745,21.6442315004943
"92115",1731,"CA",66264,26.1227816008693
"92116",1552,"CA",31843,48.7391263385987
"92117",2590,"CA",52275,49.5456719273075
"92118",1123,"CA",18929,59.3269586348988
"92119",1101,"CA",24456,45.0196270853778
"92120",1949,"CA",31915,61.068463105123
"92121",680,"CA",3974,171.112229491696
"92122",2803,"CA",45411,61.7251326771047
"92123",1980,"CA",33041,59.9255470476075
"92124",1537,"CA",30474,50.4364376189539
"92126",4382,"CA",76059,57.6131687242798
"92127",6529,"CA",50555,129.146474137078
"92128",3885,"CA",48992,79.2986610058785
"92129",4945,"CA",52965,93.3635419616728
"92130",8785,"CA",60768,144.566219062665
"92131",4099,"CA",35503,115.455031969129
"92134",2,"CA",290,6.89655172413793
"92135",1,"CA",849,1.17785630153121
"92136",16,"CA",4573,3.4987972884321
"92139",782,"CA",34703,22.5340748638446
"92140",1,"CA",2038,0.490677134445535
"92145",10,"CA",2349,4.2571306939123
"92154",2294,"CA",80445,28.5163776493256
"92155",6,"CA",101,59.4059405940594
"92173",522,"CA",27585,18.9233278955954
"92201",930,"CA",65825,14.1283706798329
"92203",1359,"CA",34735,39.1248020728372
"92210",388,"CA",4871,79.6551016218436
"92211",1439,"CA",28092,51.2245479139969
"92220",698,"CA",33755,20.6784180121464
"92223",2587,"CA",63833,40.5276267761189
"92225",87,"CA",20319,4.28170677690831
"92227",201,"CA",28315,7.09871093060215
"92230",26,"CA",1887,13.7784843667197
"92231",425,"CA",38621,11.004375857694
"92233",12,"CA",6836,1.75541252194266
"92234",1469,"CA",52267,28.1056881014789
"92236",338,"CA",43642,7.74483295907612
"92239",3,"CA",144,20.8333333333333
"92240",585,"CA",41615,14.0574312147062
"92241",137,"CA",8884,15.4209815398469
"92242",3,"CA",1359,2.2075055187638
"92243",591,"CA",49069,12.0442641993927
"92249",78,"CA",7312,10.6673960612691
"92250",41,"CA",7830,5.23627075351213
"92251",413,"CA",27454,15.0433452320245
"92252",155,"CA",7538,20.5624834173521
"92253",1728,"CA",38666,44.6904256969948
"92254",51,"CA",11333,4.50013235683402
"92256",72,"CA",4209,17.1062009978617
"92257",12,"CA",2158,5.56070435588508
"92258",12,"CA",474,25.3164556962025
"92259",3,"CA",198,15.1515151515152
"92260",1219,"CA",30523,39.9370966156669
"92262",1647,"CA",26887,61.2563692490795
"92264",1368,"CA",19899,68.7471732247852
"92268",18,"CA",434,41.4746543778802
"92270",1803,"CA",17563,102.658999032056
"92273",10,"CA",1090,9.1743119266055
"92274",92,"CA",18167,5.06412726371993
"92275",6,"CA",1219,4.92206726825267
"92276",138,"CA",7720,17.8756476683938
"92277",265,"CA",26277,10.0848650911443
"92278",4,"CA",3913,1.02223358037312
"92281",5,"CA",2082,2.40153698366955
"92282",26,"CA",1419,18.322762508809
"92283",2,"CA",1732,1.15473441108545
"92284",412,"CA",25415,16.2108990753492
"92285",37,"CA",2764,13.3863965267728
"92301",414,"CA",38577,10.731783186873
"92305",5,"CA",533,9.38086303939963
"92307",786,"CA",41180,19.0869354055367
"92308",714,"CA",42709,16.7177878198974
"92309",2,"CA",343,5.83090379008746
"92310",92,"CA",8419,10.9276636180069
"92311",253,"CA",33954,7.45125758378983
"92313",309,"CA",13078,23.6274659733904
"92314",117,"CA",9334,12.5348189415042
"92315",109,"CA",5215,20.9012464046021
"92316",347,"CA",32765,10.5905692049443
"92317",74,"CA",916,80.7860262008734
"92320",386,"CA",10902,35.4063474591818
"92321",26,"CA",724,35.9116022099448
"92322",10,"CA",770,12.987012987013
"92324",864,"CA",57365,15.0614486184956
"92325",184,"CA",9065,20.2978488692774
"92327",1,"CA",576,1.73611111111111
"92328",1,"CA",725,1.37931034482759
"92332",1,"CA",105,9.52380952380953
"92333",18,"CA",302,59.6026490066225
"92335",1124,"CA",97511,11.5269046569105
"92336",5614,"CA",105517,53.2046968734896
"92337",905,"CA",36026,25.1207461277966
"92339",25,"CA",1302,19.2012288786482
"92341",8,"CA",406,19.7044334975369
"92342",163,"CA",7606,21.4304496450171
"92344",588,"CA",21349,27.5422736427936
"92345",1135,"CA",88706,12.7950758685996
"92346",1515,"CA",56179,26.9673721497357
"92347",4,"CA",766,5.22193211488251
"92350",9,"CA",344,26.1627906976744
"92352",198,"CA",6246,31.700288184438
"92354",964,"CA",22051,43.7168382386286
"92356",43,"CA",6543,6.5719089102858
"92358",26,"CA",672,38.6904761904762
"92359",178,"CA",9284,19.1727703576045
"92363",27,"CA",5531,4.88157656843247
"92365",12,"CA",2192,5.47445255474453
"92368",12,"CA",906,13.2450331125828
"92369",8,"CA",2575,3.10679611650485
"92371",202,"CA",21580,9.36051899907322
"92372",103,"CA",5149,20.0038842493688
"92373",1784,"CA",35257,50.5998808747199
"92374",1452,"CA",45262,32.0798904158013
"92376",1101,"CA",84394,13.0459511339669
"92377",675,"CA",20814,32.430095128279
"92378",11,"CA",315,34.9206349206349
"92382",118,"CA",5215,22.6270373921381
"92384",1,"CA",18,55.5555555555556
"92385",16,"CA",198,80.8080808080808
"92386",25,"CA",2042,12.2428991185113
"92391",36,"CA",2254,15.9716060337178
"92392",1233,"CA",65429,18.8448547280258
"92394",713,"CA",41614,17.1336569423752
"92395",733,"CA",47375,15.4722955145119
"92397",151,"CA",5854,25.7943286641613
"92398",16,"CA",2609,6.13261786124952
"92399",1392,"CA",55366,25.1417837662103
"92401",12,"CA",1659,7.23327305605787
"92404",691,"CA",63243,10.9261103995699
"92405",318,"CA",31217,10.1867572156197
"92407",1497,"CA",71711,20.8754584373388
"92408",310,"CA",14325,21.6404886561955
"92410",397,"CA",47869,8.29346758862729
"92411",169,"CA",27249,6.20206246100774
"92501",552,"CA",22934,24.0690677596582
"92503",2823,"CA",88395,31.93619548617
"92504",1510,"CA",57132,26.4300217041238
"92505",1143,"CA",53419,21.396881259477
"92506",2083,"CA",45086,46.2005944195537
"92507",1664,"CA",64015,25.993907677888
"92508",1901,"CA",36909,51.5050529681108
"92509",1652,"CA",81182,20.349338523318
"92518",367,"CA",1260,291.269841269841
"92530",1546,"CA",61768,25.02914130294
"92532",2177,"CA",28055,77.5975761896275
"92536",101,"CA",2970,34.006734006734
"92539",50,"CA",3774,13.2485426603074
"92543",427,"CA",39937,10.6918396474447
"92544",673,"CA",51751,13.0045796216498
"92545",835,"CA",45982,18.1592797181506
"92548",154,"CA",8312,18.5274302213667
"92549",91,"CA",4016,22.6593625498008
"92551",635,"CA",37425,16.9672678690715
"92553",1017,"CA",74640,13.6254019292605
"92555",1575,"CA",45978,34.2555135064596
"92557",1347,"CA",54061,24.9162982556741
"92561",66,"CA",2157,30.5980528511822
"92562",2875,"CA",64781,44.3802966919313
"92563",4116,"CA",80379,51.2074049191953
"92567",161,"CA",10867,14.8154964571639
"92570",947,"CA",58082,16.3045349678041
"92571",1162,"CA",60096,19.3357294994675
"92582",495,"CA",23356,21.1936975509505
"92583",400,"CA",33778,11.8420273550832
"92584",3274,"CA",61366,53.3520190333409
"92585",1200,"CA",29534,40.6311369946502
"92586",482,"CA",20767,23.2099003226272
"92587",727,"CA",18218,39.9055878801186
"92590",307,"CA",5089,60.3261937512281
"92591",2341,"CA",41955,55.7978786795376
"92592",4620,"CA",80035,57.724745423877
"92595",1121,"CA",34438,32.5512515244788
"92596",2259,"CA",38981,57.9513096123753
"92602",4916,"CA",28261,173.949966384771
"92603",3140,"CA",18387,170.772828628923
"92604",2352,"CA",26491,88.7848703333208
"92606",2451,"CA",23990,102.167569820759
"92610",1524,"CA",12867,118.442527395663
"92612",2938,"CA",33714,87.1448063119179
"92614",3025,"CA",29239,103.457710592018
"92617",870,"CA",24017,36.2243410917267
"92618",12038,"CA",66126,182.04639627378
"92620",8202,"CA",61631,133.082377375022
"92624",457,"CA",7211,63.375398696436
"92625",1714,"CA",12294,139.417602082317
"92626",3194,"CA",50708,62.9880886645105
"92627",2808,"CA",60393,46.4954547712483
"92629",2194,"CA",25579,85.7734860627859
"92630",5654,"CA",67152,84.1970455086967
"92637",837,"CA",17289,48.4122852680895
"92646",3616,"CA",54615,66.208916964204
"92647",2651,"CA",59047,44.8964384304029
"92648",3651,"CA",45827,79.6691906517992
"92649",2498,"CA",35346,70.672777683472
"92651",3157,"CA",23557,134.015366982213
"92653",2543,"CA",29624,85.8425600864164
"92655",300,"CA",8026,37.3785198106155
"92656",4477,"CA",52229,85.7186620459898
"92657",2154,"CA",9920,217.137096774194
"92660",4177,"CA",34890,119.719117225566
"92661",254,"CA",3079,82.4943163364729
"92662",226,"CA",2294,98.5178727114211
"92663",1779,"CA",21368,83.2553350804942
"92672",2421,"CA",36939,65.5404856655567
"92673",3044,"CA",29406,103.516289192682
"92675",2560,"CA",35095,72.9448639407323
"92676",168,"CA",2085,80.5755395683453
"92677",6283,"CA",64139,97.9591200361714
"92678",25,"CA",664,37.6506024096386
"92679",3933,"CA",30818,127.620221948212
"92683",4521,"CA",89833,50.3267173533111
"92688",3218,"CA",43320,74.2843951985226
"92691",3208,"CA",45841,69.9810213564277
"92692",4120,"CA",47022,87.6185615243928
"92694",4896,"CA",35764,136.897438765239
"92701",797,"CA",47818,16.6673637542348
"92703",1056,"CA",62447,16.9103399682931
"92704",2051,"CA",82120,24.97564539698
"92705",3497,"CA",48781,71.6877472786536
"92706",1099,"CA",37175,29.5628782784129
"92707",1101,"CA",58695,18.7579861998467
"92708",4883,"CA",56258,86.7965444914501
"92780",2192,"CA",54374,40.3133850737485
"92782",3783,"CA",30073,125.793901506335
"92801",1773,"CA",60547,29.2830363188928
"92802",1206,"CA",43132,27.9606788463322
"92804",2661,"CA",83537,31.8541484611609
"92805",2662,"CA",74661,35.6544916355259
"92806",1428,"CA",41003,34.8267199960979
"92807",3268,"CA",37296,87.6233376233376
"92808",2154,"CA",21539,100.004642741074
"92821",3278,"CA",41623,78.7545347524205
"92823",770,"CA",5846,131.713992473486
"92831",1727,"CA",35618,48.4867201976529
"92832",1002,"CA",27298,36.7059857865045
"92833",3851,"CA",51842,74.2833995602021
"92835",2391,"CA",26005,91.9438569505864
"92840",2097,"CA",54534,38.4530751457806
"92841",1623,"CA",33219,48.8575815045606
"92843",1653,"CA",46414,35.6142543198173
"92844",1083,"CA",23188,46.705192340866
"92845",796,"CA",16143,49.309298147804
"92860",775,"CA",25109,30.8654267394161
"92861",716,"CA",5748,124.565066109951
"92865",1144,"CA",20589,55.5636504929817
"92866",527,"CA",15331,34.3747961646338
"92867",2646,"CA",44726,59.1602200062603
"92868",1078,"CA",26380,40.8642911296437
"92869",2254,"CA",36271,62.143310082435
"92870",3063,"CA",52826,57.9828114943399
"92879",1664,"CA",49317,33.7409007036113
"92880",4947,"CA",75043,65.9222046026945
"92881",1981,"CA",30347,65.2782812139586
"92882",3017,"CA",68715,43.905988503238
"92883",3106,"CA",39990,77.6694173543386
"92886",5047,"CA",49704,101.541123450829
"92887",2040,"CA",19725,103.422053231939
"93001",1324,"CA",32026,41.3414101042903
"93003",2014,"CA",52906,38.0675159717234
"93004",1123,"CA",30698,36.5821877646752
"93010",2144,"CA",46748,45.8629246170959
"93012",2424,"CA",35791,67.7265234276773
"93013",668,"CA",16317,40.9388980817552
"93015",507,"CA",19191,26.4186337345631
"93021",2337,"CA",37746,61.9138451756478
"93022",213,"CA",6078,35.0444225074038
"93023",1146,"CA",21036,54.4780376497433
"93030",998,"CA",58192,17.1501237283475
"93033",1049,"CA",78737,13.3228342456532
"93035",1111,"CA",26853,41.3734033441329
"93036",1355,"CA",49394,27.4324816779366
"93040",49,"CA",1799,27.2373540856031
"93041",439,"CA",23273,18.8630601985133
"93043",2,"CA",468,4.27350427350427
"93060",635,"CA",34501,18.4052636155474
"93063",3013,"CA",55066,54.7161587912687
"93065",4395,"CA",73534,59.7682704599233
"93066",189,"CA",2898,65.2173913043478
"93067",59,"CA",1101,53.5876475930972
"93101",1042,"CA",31554,33.0227546428345
"93103",857,"CA",19382,44.2162831493138
"93105",1707,"CA",24437,69.853091623358
"93106",58,"CA",5418,10.7050572166851
"93108",1344,"CA",11526,116.605934409162
"93109",738,"CA",10915,67.6133760879524
"93110",1066,"CA",15436,69.0593417983934
"93111",1083,"CA",18274,59.2645288387873
"93117",1648,"CA",52934,31.1331091547965
"93201",1,"CA",1134,0.881834215167548
"93202",27,"CA",3890,6.94087403598972
"93203",117,"CA",20712,5.64889918887601
"93204",55,"CA",13657,4.02723877864831
"93205",8,"CA",1708,4.68384074941452
"93206",4,"CA",1898,2.10748155953635
"93207",4,"CA",269,14.8698884758364
"93210",146,"CA",18491,7.89573305932616
"93212",71,"CA",23142,3.06801486474808
"93215",324,"CA",54556,5.93885182198108
"93218",8,"CA",780,10.2564102564103
"93219",28,"CA",9057,3.09153141216738
"93221",220,"CA",14538,15.1327555372128
"93222",79,"CA",2721,29.0334435869166
"93223",54,"CA",10405,5.18981259010091
"93224",3,"CA",414,7.2463768115942
"93225",137,"CA",4663,29.3802273214669
"93226",1,"CA",58,17.2413793103448
"93227",2,"CA",221,9.04977375565611
"93230",941,"CA",69684,13.5038172320762
"93234",50,"CA",6519,7.66988801963491
"93235",24,"CA",4678,5.13039760581445
"93238",14,"CA",887,15.7835400225479
"93239",6,"CA",1461,4.10677618069815
"93240",45,"CA",5981,7.52382544724962
"93241",61,"CA",15250,4
"93242",18,"CA",2904,6.19834710743802
"93243",24,"CA",834,28.7769784172662
"93244",5,"CA",117,42.7350427350427
"93245",406,"CA",37971,10.6923704932712
"93246",3,"CA",852,3.52112676056338
"93247",130,"CA",18115,7.17637317140491
"93249",19,"CA",2243,8.47079803834151
"93250",89,"CA",15599,5.70549394191935
"93252",4,"CA",1295,3.08880308880309
"93254",7,"CA",707,9.9009900990099
"93255",6,"CA",470,12.7659574468085
"93256",31,"CA",5578,5.55754750806741
"93257",636,"CA",80467,7.90386121018554
"93258",10,"CA",1398,7.15307582260372
"93260",1,"CA",153,6.5359477124183
"93261",7,"CA",2005,3.49127182044888
"93262",2,"CA",12,166.666666666667
"93263",371,"CA",24024,15.4428904428904
"93265",80,"CA",3397,23.5501913453047
"93266",8,"CA",1612,4.96277915632754
"93267",32,"CA",5531,5.7855722292533
"93268",80,"CA",16963,4.71614690797618
"93270",38,"CA",5482,6.93177672382342
"93271",50,"CA",2199,22.737608003638
"93272",20,"CA",3818,5.23834468308015
"93274",769,"CA",80026,9.60937695249044
"93277",672,"CA",53985,12.4479021950542
"93280",160,"CA",27407,5.83792461779837
"93283",18,"CA",2326,7.73860705073087
"93285",25,"CA",2920,8.56164383561644
"93286",67,"CA",10548,6.35191505498673
"93287",3,"CA",98,30.6122448979592
"93291",1304,"CA",63568,20.5134658947898
"93292",616,"CA",45780,13.4556574923547
"93301",234,"CA",13620,17.1806167400881
"93304",286,"CA",51037,5.60377765150773
"93305",165,"CA",37714,4.37503314419049
"93306",910,"CA",74116,12.2780506233472
"93307",476,"CA",85945,5.53842573739019
"93308",590,"CA",55078,10.7120810486946
"93309",644,"CA",63217,10.1871332078397
"93311",2085,"CA",55555,37.530375303753
"93312",1347,"CA",58384,23.0713894217594
"93313",1244,"CA",61843,20.1154536487557
"93314",1153,"CA",35407,32.564182223854
"93401",2045,"CA",29202,70.0294500376687
"93402",672,"CA",14197,47.3339437909417
"93405",917,"CA",25002,36.6770658347332
"93407",13,"CA",347,37.463976945245
"93408",10,"CA",6,1666.66666666667
"93410",2,"CA",7396,0.270416441319632
"93420",1425,"CA",31345,45.4617961397352
"93422",1033,"CA",33002,31.3011332646506
"93424",117,"CA",962,121.621621621622
"93426",28,"CA",1564,17.9028132992327
"93427",278,"CA",5737,48.45738190692
"93428",332,"CA",6399,51.8831067354274
"93430",150,"CA",3125,48
"93432",48,"CA",1142,42.031523642732
"93433",353,"CA",12600,28.015873015873
"93434",103,"CA",8603,11.9725677089387
"93436",900,"CA",55820,16.1232533142243
"93437",91,"CA",3477,26.1719873454127
"93440",68,"CA",1185,57.3839662447257
"93441",74,"CA",1134,65.2557319223986
"93442",418,"CA",11571,36.1247947454844
"93444",934,"CA",21611,43.2187312017028
"93445",121,"CA",6857,17.6462009625201
"93446",1187,"CA",45554,26.0569873117619
"93449",580,"CA",8014,72.3733466433741
"93450",5,"CA",668,7.48502994011976
"93451",83,"CA",5207,15.9400806606491
"93452",9,"CA",217,41.4746543778802
"93453",89,"CA",2344,37.9692832764505
"93454",473,"CA",41896,11.2898606072179
"93455",1204,"CA",44611,26.9888592499608
"93458",425,"CA",59148,7.18536552377088
"93460",271,"CA",6039,44.8749793012088
"93461",16,"CA",1548,10.3359173126615
"93463",399,"CA",8130,49.0774907749078
"93465",449,"CA",11039,40.6739740918562
"93501",64,"CA",6435,9.94560994560995
"93505",177,"CA",14353,12.3319166724727
"93510",312,"CA",7786,40.071923966093
"93512",2,"CA",206,9.70873786407767
"93513",19,"CA",1632,11.6421568627451
"93514",232,"CA",14853,15.6197401198411
"93516",26,"CA",2889,8.99965385946694
"93517",13,"CA",459,28.322440087146
"93518",10,"CA",1205,8.29875518672199
"93519",1,"CA",19,52.6315789473684
"93522",1,"CA",61,16.3934426229508
"93523",65,"CA",3502,18.5608223872073
"93524",1,"CA",57,17.5438596491228
"93526",9,"CA",825,10.9090909090909
"93527",22,"CA",1831,12.0152921900601
"93529",10,"CA",209,47.8468899521531
"93531",26,"CA",515,50.4854368932039
"93532",87,"CA",2930,29.6928327645051
"93534",722,"CA",41430,17.4269852763698
"93535",1065,"CA",79409,13.4115780327167
"93536",2172,"CA",73412,29.5864436331935
"93541",13,"CA",970,13.4020618556701
"93543",149,"CA",12275,12.1384928716904
"93544",22,"CA",1027,21.4216163583252
"93545",34,"CA",1470,23.1292517006803
"93546",173,"CA",9000,19.2222222222222
"93549",2,"CA",203,9.85221674876847
"93550",1111,"CA",80645,13.7764275528551
"93551",2421,"CA",54360,44.5364238410596
"93552",883,"CA",42639,20.7087408241281
"93553",48,"CA",1319,36.3912054586808
"93554",1,"CA",19,52.6315789473684
"93555",455,"CA",33845,13.4436401240951
"93560",359,"CA",22119,16.2303901623039
"93561",629,"CA",31175,20.1764234161989
"93562",9,"CA",1849,4.86749594375338
"93563",3,"CA",195,15.3846153846154
"93581",16,"CA",3188,5.01882057716437
"93591",83,"CA",7051,11.7713799461069
"93601",28,"CA",1360,20.5882352941176
"93602",39,"CA",3330,11.7117117117117
"93603",2,"CA",146,13.6986301369863
"93604",13,"CA",710,18.3098591549296
"93605",12,"CA",69,173.913043478261
"93606",3,"CA",988,3.03643724696356
"93608",2,"CA",683,2.92825768667643
"93609",62,"CA",4740,13.0801687763713
"93610",234,"CA",23520,9.94897959183673
"93611",1346,"CA",46624,28.86925188744
"93612",397,"CA",37755,10.5151635544961
"93614",203,"CA",11445,17.737003058104
"93615",17,"CA",5764,2.94934073560028
"93616",26,"CA",2402,10.8243130724396
"93618",227,"CA",32267,7.03505129079245
"93619",2816,"CA",55610,50.6383743930948
"93620",81,"CA",9927,8.15956482320943
"93621",8,"CA",441,18.140589569161
"93622",88,"CA",9084,9.68736239542052
"93623",1,"CA",4,250
"93624",2,"CA",735,2.72108843537415
"93625",198,"CA",8778,22.5563909774436
"93626",156,"CA",3304,47.2154963680387
"93630",195,"CA",21284,9.16181168953204
"93631",279,"CA",17583,15.8675993857703
"93634",1,"CA",31,32.258064516129
"93635",826,"CA",50149,16.4709166683284
"93636",806,"CA",15294,52.7004053877338
"93637",515,"CA",43785,11.7620189562636
"93638",331,"CA",50571,6.54525320836052
"93640",52,"CA",14657,3.5477928634782
"93641",5,"CA",466,10.7296137339056
"93643",47,"CA",3041,15.4554422887208
"93644",117,"CA",7614,15.3664302600473
"93645",5,"CA",905,5.52486187845304
"93646",39,"CA",10328,3.77614252517428
"93647",58,"CA",11741,4.93995400732476
"93648",89,"CA",15184,5.86143308746048
"93650",98,"CA",3333,29.4029402940294
"93651",27,"CA",1489,18.1329751511081
"93652",1,"CA",216,4.62962962962963
"93653",19,"CA",1260,15.0793650793651
"93654",318,"CA",31876,9.97615761074162
"93656",29,"CA",7172,4.04350250976018
"93657",488,"CA",36205,13.4788012705427
"93660",25,"CA",4086,6.11845325501713
"93662",249,"CA",29419,8.46391787620245
"93664",11,"CA",345,31.8840579710145
"93666",4,"CA",633,6.31911532385466
"93667",21,"CA",2218,9.46798917944094
"93668",6,"CA",741,8.09716599190283
"93669",1,"CA",196,5.10204081632653
"93673",6,"CA",348,17.2413793103448
"93675",37,"CA",3374,10.9662122110255
"93701",60,"CA",9808,6.11745513866232
"93702",227,"CA",43875,5.17378917378917
"93703",156,"CA",33420,4.66786355475763
"93704",567,"CA",28932,19.5976773123185
"93705",265,"CA",38888,6.81444147294795
"93706",251,"CA",40638,6.1764850632413
"93710",395,"CA",31669,12.4727651646721
"93711",1179,"CA",39245,30.0420435724296
"93720",1614,"CA",50089,32.2226436942243
"93721",175,"CA",7225,24.2214532871972
"93722",1326,"CA",86110,15.3989083730113
"93723",508,"CA",14726,34.4968083661551
"93725",232,"CA",24575,9.44048830111903
"93726",328,"CA",44527,7.36631706604981
"93727",1614,"CA",84107,19.1898415114081
"93728",166,"CA",18313,9.06459891880085
"93730",1059,"CA",14263,74.2480544065064
"93737",303,"CA",7279,41.6265970600357
"93740",3,"CA",1179,2.54452926208651
"93901",494,"CA",29724,16.6195666801238
"93905",457,"CA",63898,7.15202353751291
"93906",840,"CA",64199,13.0843159550772
"93907",593,"CA",25146,23.5822794877913
"93908",712,"CA",12450,57.1887550200803
"93920",29,"CA",1464,19.8087431693989
"93921",207,"CA",2322,89.1472868217054
"93923",1046,"CA",12565,83.2471150019897
"93924",517,"CA",6316,81.8556048131729
"93925",14,"CA",1241,11.2812248186946
"93926",86,"CA",8724,9.8578633654287
"93927",137,"CA",21574,6.35023639566144
"93928",3,"CA",1175,2.5531914893617
"93930",159,"CA",17243,9.22113321347793
"93932",9,"CA",482,18.6721991701245
"93933",1081,"CA",28122,38.439655785506
"93940",1406,"CA",30605,45.9402058487175
"93943",2,"CA",10,200
"93944",6,"CA",2665,2.25140712945591
"93950",761,"CA",14951,50.8996053775667
"93953",465,"CA",3613,128.701909770274
"93954",2,"CA",191,10.4712041884817
"93955",759,"CA",32266,23.5232132895308
"93960",222,"CA",27471,8.08124931746205
"93962",14,"CA",174,80.4597701149425
"94002",3253,"CA",27534,118.144839108012
"94005",450,"CA",4692,95.9079283887468
"94010",5338,"CA",43025,124.067402672865
"94014",1870,"CA",45315,41.2666887344147
"94015",2903,"CA",64091,45.2949712128068
"94018",253,"CA",3834,65.9885237350026
"94019",1098,"CA",14419,76.1495249323809
"94020",105,"CA",1694,61.9834710743802
"94021",8,"CA",321,24.9221183800623
"94022",3918,"CA",20027,195.635891546412
"94024",4377,"CA",23051,189.883302242853
"94025",5390,"CA",40721,132.364136440657
"94027",1362,"CA",7002,194.515852613539
"94028",1351,"CA",6531,206.859592711683
"94030",2068,"CA",22689,91.1454890034819
"94037",288,"CA",2917,98.7315735344532
"94038",218,"CA",2683,81.2523294819232
"94040",4081,"CA",35632,114.531881454872
"94041",1701,"CA",16050,105.981308411215
"94043",6654,"CA",33176,200.566674704606
"94044",2390,"CA",37274,64.1197617642324
"94060",36,"CA",1465,24.5733788395904
"94061",2493,"CA",37048,67.2910818397754
"94062",3639,"CA",25759,141.27101207345
"94063",1553,"CA",34433,45.1020823047658
"94065",1699,"CA",11673,145.549558810931
"94066",2294,"CA",42728,53.6884478562067
"94070",4038,"CA",30447,132.62390383289
"94074",12,"CA",126,95.2380952380952
"94080",7901,"CA",64761,122.002439739967
"94085",2392,"CA",24024,99.5670995670996
"94086",4284,"CA",49746,86.1174767820528
"94087",6279,"CA",57767,108.695275849533
"94089",1810,"CA",22699,79.7391955592757
"94102",674,"CA",35976,18.7347120302424
"94103",1438,"CA",34964,41.1280173893147
"94104",127,"CA",498,255.020080321285
"94105",1164,"CA",13861,83.9766250631267
"94107",3489,"CA",31823,109.637683436508
"94108",254,"CA",11305,22.4679345422379
"94109",1648,"CA",54553,30.209154400308
"94110",2981,"CA",66865,44.582367456816
"94111",261,"CA",4579,56.9993448351168
"94112",3304,"CA",79277,41.6766527492211
"94114",2647,"CA",33020,80.1635372501514
"94115",1608,"CA",32629,49.2813141683778
"94116",2757,"CA",43791,62.9581420839899
"94117",1881,"CA",36198,51.9641969169567
"94118",2101,"CA",39130,53.6928188090979
"94121",2229,"CA",41995,53.0777473508751
"94122",3013,"CA",55819,53.9780361525645
"94123",1618,"CA",24054,67.2653196973476
"94124",2082,"CA",34475,60.3915881073241
"94127",1966,"CA",20288,96.9045741324921
"94129",253,"CA",3836,65.9541188738269
"94130",65,"CA",2429,26.7599835323178
"94131",2493,"CA",28504,87.4614089250632
"94132",1343,"CA",26859,50.0018615734018
"94133",778,"CA",23804,32.6835825911611
"94134",1673,"CA",38633,43.3049465482877
"94158",635,"CA",11314,56.1251546756231
"94301",2525,"CA",17508,144.219785241033
"94303",3709,"CA",46879,79.1185818810128
"94304",441,"CA",5000,88.2
"94305",672,"CA",18509,36.3066616240748
"94306",3652,"CA",27183,134.34867380348
"94401",1511,"CA",35295,42.8105964017566
"94402",2796,"CA",25475,109.754661432777
"94403",3498,"CA",43276,80.8300212588964
"94404",3718,"CA",35881,103.620300437557
"94501",3960,"CA",63808,62.061183550652
"94502",1432,"CA",13430,106.6269545793
"94503",1157,"CA",21841,52.9737649375029
"94505",869,"CA",14970,58.0494321977288
"94506",3667,"CA",27055,135.538717427463
"94507",1997,"CA",14586,136.912107500343
"94508",126,"CA",3495,36.0515021459227
"94509",1391,"CA",70090,19.845912398345
"94510",1603,"CA",26749,59.9274739242589
"94511",91,"CA",1864,48.8197424892704
"94512",2,"CA",130,15.3846153846154
"94513",4111,"CA",69755,58.9348433804028
"94514",19,"CA",1953,9.72862263184844
"94515",305,"CA",6946,43.9101641232364
"94516",21,"CA",214,98.1308411214953
"94517",717,"CA",12316,58.2169535563495
"94518",1230,"CA",27345,44.9808008776742
"94519",685,"CA",19058,35.9429111134432
"94520",990,"CA",37381,26.484042695487
"94521",1905,"CA",41909,45.4556300555967
"94523",2195,"CA",34592,63.4539777983349
"94525",121,"CA",3372,35.8837485172005
"94526",3248,"CA",32584,99.6808249447582
"94528",146,"CA",1049,139.180171591992
"94530",2003,"CA",26401,75.8683383205182
"94531",2299,"CA",46387,49.5612995020157
"94533",2244,"CA",78805,28.475350548823
"94534",2709,"CA",41203,65.7476397349708
"94535",65,"CA",3952,16.4473684210526
"94536",5995,"CA",70619,84.8921678301873
"94538",10686,"CA",67781,157.654800017704
"94539",8512,"CA",52396,162.455149248034
"94541",2351,"CA",67139,35.0169052264705
"94542",1339,"CA",14871,90.0410194337973
"94544",3624,"CA",76947,47.0973527233031
"94545",1759,"CA",32843,53.5578357640898
"94546",2681,"CA",44855,59.7703711960762
"94547",1872,"CA",26302,71.1732948064786
"94548",13,"CA",832,15.625
"94549",3551,"CA",28420,124.947220267417
"94550",3338,"CA",49873,66.9300022056022
"94551",2239,"CA",37885,59.0999076151511
"94552",1724,"CA",14506,118.84737350062
"94553",2333,"CA",48643,47.9616799950661
"94555",3843,"CA",37501,102.477267272873
"94556",1748,"CA",15998,109.263657957245
"94558",2974,"CA",63657,46.7191353661027
"94559",1258,"CA",27714,45.3922205383561
"94560",4480,"CA",46903,95.5162782764429
"94561",1836,"CA",46368,39.5962732919255
"94563",3093,"CA",19378,159.613995252348
"94564",940,"CA",18761,50.1039390224402
"94565",2862,"CA",100488,28.4810126582278
"94566",4948,"CA",44222,111.890009497535
"94567",20,"CA",668,29.940119760479
"94568",9223,"CA",70803,130.262841969973
"94569",5,"CA",296,16.8918918918919
"94571",412,"CA",10974,37.5432841261163
"94572",324,"CA",8976,36.096256684492
"94573",37,"CA",84,440.47619047619
"94574",488,"CA",7457,65.4418667024272
"94575",2,"CA",975,2.05128205128205
"94576",9,"CA",103,87.378640776699
"94577",2111,"CA",46317,45.5772178681693
"94578",1254,"CA",41769,30.022265316383
"94579",1089,"CA",20017,54.4037568067143
"94580",1117,"CA",29420,37.9673691366417
"94582",7183,"CA",47424,151.463394062078
"94583",3888,"CA",39583,98.2239850440846
"94585",746,"CA",29357,25.4113158701502
"94586",81,"CA",971,83.4191555097837
"94587",4723,"CA",67464,70.0077078145381
"94588",3456,"CA",34328,100.675833139128
"94589",614,"CA",29990,20.4734911637212
"94590",835,"CA",37128,22.489765136824
"94591",2325,"CA",58193,39.9532589830392
"94592",97,"CA",1049,92.4690181124881
"94595",1308,"CA",16988,76.9955262538262
"94596",1806,"CA",23417,77.1234573173336
"94597",1564,"CA",23129,67.6207358727139
"94598",2474,"CA",27206,90.935822980225
"94599",128,"CA",3348,38.231780167264
"94601",921,"CA",53259,17.2928519123528
"94602",2020,"CA",31759,63.6040177587455
"94603",458,"CA",35742,12.8140562923172
"94605",1996,"CA",44103,45.2576922204839
"94606",995,"CA",39966,24.8961617374769
"94607",1065,"CA",28804,36.9740313845299
"94608",1658,"CA",34395,48.2046809129234
"94609",976,"CA",23928,40.7890337679706
"94610",2145,"CA",32628,65.7410812798823
"94611",4592,"CA",40116,114.468042676239
"94612",858,"CA",18175,47.2077028885832
"94613",1,"CA",472,2.11864406779661
"94618",1944,"CA",16958,114.636159924519
"94619",1473,"CA",26831,54.899183779956
"94621",484,"CA",33840,14.3026004728132
"94702",1107,"CA",17635,62.7728948114545
"94703",1007,"CA",20934,48.1035635807777
"94704",404,"CA",23788,16.9833529510678
"94705",1451,"CA",13991,103.709527553427
"94706",1371,"CA",19969,68.6564174470429
"94707",1701,"CA",12811,132.776520177972
"94708",1580,"CA",11947,132.250774252951
"94709",424,"CA",12146,34.9086118886876
"94710",522,"CA",8380,62.291169451074
"94720",5,"CA",5763,0.867603678639597
"94801",726,"CA",33591,21.6129320353666
"94803",1400,"CA",27659,50.6164358798221
"94804",1583,"CA",44891,35.2631930676528
"94805",694,"CA",14670,47.307430129516
"94806",1656,"CA",62546,26.4765132862213
"94901",2876,"CA",41307,69.6250030261215
"94903",2426,"CA",30615,79.2422015351952
"94904",1529,"CA",12815,119.31330472103
"94920",1895,"CA",12609,150.289475771274
"94922",21,"CA",6,3500
"94923",118,"CA",1483,79.5684423465947
"94924",81,"CA",1372,59.0379008746356
"94925",1077,"CA",10077,106.877046740101
"94928",1484,"CA",46829,31.689764889278
"94929",14,"CA",293,47.7815699658703
"94930",661,"CA",8406,78.6343088270283
"94931",409,"CA",9487,43.1116264361758
"94933",52,"CA",1033,50.3388189738625
"94937",126,"CA",1009,124.876114965312
"94938",38,"CA",437,86.9565217391304
"94939",792,"CA",7315,108.270676691729
"94940",20,"CA",148,135.135135135135
"94941",3871,"CA",32706,118.357487922705
"94945",1231,"CA",17635,69.8043663169833
"94946",90,"CA",715,125.874125874126
"94947",1385,"CA",24100,57.4688796680498
"94949",1317,"CA",17787,74.0428402766065
"94950",10,"CA",22,454.545454545455
"94951",257,"CA",3294,78.0206435944141
"94952",2196,"CA",33785,64.999260026639
"94954",1709,"CA",37574,45.4835790706339
"94956",97,"CA",1080,89.8148148148148
"94957",386,"CA",2321,166.307626023266
"94960",1603,"CA",16232,98.7555446032528
"94963",56,"CA",739,75.7780784844384
"94964",16,"CA",2344,6.8259385665529
"94965",1034,"CA",11724,88.1951552371204
"94970",45,"CA",255,176.470588235294
"94971",24,"CA",276,86.9565217391304
"94973",141,"CA",1689,83.48134991119
"95002",115,"CA",1542,74.5784695201038
"95003",1660,"CA",24951,66.530399583183
"95004",171,"CA",4363,39.1932156772863
"95005",281,"CA",7277,38.6148137968943
"95006",413,"CA",7561,54.6224044438566
"95007",22,"CA",396,55.5555555555556
"95008",4072,"CA",48333,84.2488568886682
"95010",403,"CA",8707,46.2845985988285
"95012",130,"CA",10814,12.021453671167
"95013",3,"CA",57,52.6315789473684
"95014",7944,"CA",60932,130.374844088492
"95017",27,"CA",616,43.8311688311688
"95018",376,"CA",6594,57.0215347285411
"95019",69,"CA",5933,11.629866846452
"95020",3627,"CA",67181,53.9884788853991
"95023",2034,"CA",59889,33.9628312377899
"95030",2193,"CA",13151,166.755379819025
"95032",3833,"CA",27313,140.336103686889
"95033",1121,"CA",9600,116.770833333333
"95035",7803,"CA",78810,99.0102778835173
"95037",4733,"CA",51943,91.1191113335772
"95039",29,"CA",948,30.5907172995781
"95041",26,"CA",623,41.7335473515249
"95043",11,"CA",805,13.6645962732919
"95045",241,"CA",3659,65.864990434545
"95046",334,"CA",6324,52.8146742567995
"95050",2647,"CA",39834,66.4507706983984
"95051",5791,"CA",62054,93.3219454023915
"95053",3,"CA",3049,0.983929157100689
"95054",2770,"CA",25704,107.765328353564
"95060",2600,"CA",46268,56.1943459842656
"95062",1602,"CA",35607,44.9911534248884
"95064",63,"CA",10168,6.19590873328088
"95065",534,"CA",7997,66.7750406402401
"95066",1165,"CA",15135,76.9739015526924
"95070",5795,"CA",31417,184.454276347201
"95073",630,"CA",11639,54.1283615430879
"95075",20,"CA",693,28.8600288600289
"95076",1649,"CA",82806,19.9140158925682
"95110",986,"CA",19963,49.3913740419777
"95111",2463,"CA",57202,43.0579350372365
"95112",2534,"CA",57373,44.1671169365381
"95113",279,"CA",2640,105.681818181818
"95116",1233,"CA",48042,25.6650430872986
"95117",1636,"CA",26953,60.6982525136348
"95118",2540,"CA",32015,79.3378104013744
"95119",1057,"CA",10841,97.5002306060326
"95120",5613,"CA",36967,151.838125896069
"95121",2455,"CA",36463,67.3285248059677
"95122",1572,"CA",50775,30.96011816839
"95123",4574,"CA",69677,65.6457654606255
"95124",4916,"CA",52096,94.3642506142506
"95125",4827,"CA",54419,88.7006376449402
"95126",2395,"CA",38327,62.4885850705769
"95127",2474,"CA",58825,42.0569485762856
"95128",2256,"CA",33165,68.0235187697874
"95129",4030,"CA",41321,97.5291014254253
"95130",1201,"CA",13511,88.8905336392569
"95131",2761,"CA",31179,88.5531928541647
"95132",3063,"CA",40334,75.9408935389498
"95133",2048,"CA",29710,68.9330191854594
"95134",3012,"CA",30471,98.8480850644875
"95135",2921,"CA",20129,145.114014605793
"95136",3334,"CA",48056,69.3773930414516
"95138",2869,"CA",18960,151.318565400844
"95139",556,"CA",7035,79.0334044065387
"95140",38,"CA",42,904.761904761905
"95148",3702,"CA",44995,82.2758084231581
"95202",156,"CA",7066,22.0775544862723
"95203",159,"CA",15930,9.98116760828625
"95204",449,"CA",31035,14.4675366521669
"95205",338,"CA",39608,8.53362956978388
"95206",1034,"CA",68558,15.0821202485487
"95207",655,"CA",52414,12.49666119739
"95209",1111,"CA",47409,23.4343690016664
"95210",499,"CA",41549,12.0099160027919
"95211",5,"CA",765,6.5359477124183
"95212",972,"CA",28437,34.1808207616837
"95215",265,"CA",24847,10.6652714613434
"95219",1256,"CA",31713,39.6052092201936
"95220",159,"CA",7931,20.0479132517967
"95221",5,"CA",259,19.3050193050193
"95222",107,"CA",5597,19.1173843130248
"95223",93,"CA",3056,30.4319371727749
"95224",7,"CA",316,22.1518987341772
"95225",8,"CA",1609,4.97203231821007
"95227",16,"CA",910,17.5824175824176
"95228",152,"CA",4611,32.9646497505964
"95230",13,"CA",403,32.258064516129
"95231",39,"CA",3896,10.0102669404517
"95232",1,"CA",135,7.40740740740741
"95233",2,"CA",134,14.9253731343284
"95236",81,"CA",4490,18.0400890868597
"95237",43,"CA",3639,11.8164330860126
"95240",762,"CA",50517,15.0840311182374
"95242",851,"CA",28427,29.9363281387413
"95245",29,"CA",2727,10.6343967730106
"95246",23,"CA",1672,13.755980861244
"95247",128,"CA",3858,33.177812337999
"95248",4,"CA",60,66.6666666666667
"95249",43,"CA",4295,10.011641443539
"95251",5,"CA",701,7.13266761768902
"95252",230,"CA",14252,16.1380858826831
"95253",6,"CA",609,9.85221674876847
"95254",21,"CA",313,67.0926517571885
"95255",10,"CA",1955,5.1150895140665
"95257",7,"CA",569,12.3022847100176
"95258",94,"CA",4144,22.6833976833977
"95301",581,"CA",43009,13.5088004836197
"95303",15,"CA",784,19.1326530612245
"95304",695,"CA",15841,43.8734928350483
"95305",2,"CA",267,7.49063670411985
"95306",19,"CA",939,20.234291799787
"95307",645,"CA",46310,13.9278773483049
"95310",38,"CA",1356,28.023598820059
"95311",17,"CA",2245,7.57238307349666
"95313",16,"CA",1119,14.2984807864164
"95315",148,"CA",13598,10.8839535225768
"95316",135,"CA",8022,16.8287210172027
"95317",7,"CA",827,8.46432889963724
"95318",12,"CA",582,20.6185567010309
"95319",8,"CA",1327,6.02863602110023
"95320",182,"CA",13500,13.4814814814815
"95321",119,"CA",3464,34.3533487297922
"95322",110,"CA",9506,11.5716389648643
"95323",17,"CA",1644,10.3406326034063
"95324",93,"CA",7636,12.1791513881613
"95326",227,"CA",10593,21.4292457283112
"95327",69,"CA",8752,7.88391224862889
"95328",70,"CA",4133,16.9368497459473
"95329",35,"CA",2954,11.8483412322275
"95330",2609,"CA",35395,73.7109761265716
"95333",17,"CA",2963,5.73742828214647
"95334",264,"CA",17363,15.2047457236653
"95335",8,"CA",83,96.3855421686747
"95336",958,"CA",50185,19.0893693334662
"95337",2307,"CA",48731,47.3415279801359
"95338",165,"CA",10006,16.4901059364381
"95340",638,"CA",38303,16.6566587473566
"95341",271,"CA",36385,7.44812422701663
"95345",9,"CA",279,32.258064516129
"95346",21,"CA",923,22.7518959913326
"95348",515,"CA",37540,13.7187000532765
"95350",761,"CA",57136,13.319098291795
"95351",398,"CA",48498,8.20652398037032
"95354",340,"CA",25684,13.2378134247002
"95355",1299,"CA",60710,21.3968044803163
"95356",1127,"CA",33233,33.9120753467938
"95357",205,"CA",13599,15.0746378410177
"95358",322,"CA",30469,10.5681184154386
"95360",200,"CA",13779,14.5148414253574
"95361",592,"CA",34810,17.0066072967538
"95363",891,"CA",30769,28.9577171828789
"95365",31,"CA",3963,7.82235680040374
"95366",529,"CA",18954,27.9096760578242
"95367",442,"CA",25593,17.2703473606064
"95368",259,"CA",13900,18.6330935251799
"95369",10,"CA",740,13.5135135135135
"95370",404,"CA",28355,14.2479280550168
"95372",41,"CA",1811,22.63942573164
"95374",16,"CA",1921,8.32899531494014
"95375",3,"CA",56,53.5714285714286
"95376",1542,"CA",54488,28.299809132286
"95377",3259,"CA",37739,86.3562892498476
"95379",40,"CA",3598,11.1172873818788
"95380",653,"CA",43960,14.8544131028207
"95382",1039,"CA",39083,26.5844484814369
"95383",78,"CA",3782,20.6240084611317
"95385",1,"CA",602,1.66112956810631
"95386",130,"CA",10666,12.1882617663604
"95387",9,"CA",1032,8.72093023255814
"95388",109,"CA",13319,8.18379758240108
"95389",23,"CA",2181,10.5456212746447
"95391",3710,"CA",25574,145.069210917338
"95401",1080,"CA",36861,29.2992593798323
"95403",1886,"CA",45806,41.1736453739685
"95404",2250,"CA",37011,60.7927372943179
"95405",1099,"CA",22744,48.320436158987
"95407",935,"CA",42036,22.2428394709297
"95409",1502,"CA",25616,58.6352279825109
"95410",44,"CA",842,52.2565320665083
"95412",10,"CA",331,30.2114803625378
"95415",33,"CA",956,34.5188284518828
"95419",14,"CA",152,92.1052631578947
"95420",27,"CA",271,99.6309963099631
"95421",57,"CA",1570,36.3057324840764
"95422",116,"CA",17054,6.80192330245104
"95423",50,"CA",3513,14.2328494164532
"95425",350,"CA",10978,31.881945709601
"95426",46,"CA",1257,36.5950676213206
"95427",12,"CA",666,18.018018018018
"95428",12,"CA",2347,5.11291009799744
"95429",2,"CA",128,15.625
"95431",2,"CA",43,46.5116279069767
"95432",16,"CA",707,22.6308345120226
"95436",271,"CA",5821,46.555574643532
"95437",318,"CA",14982,21.2254705646776
"95439",14,"CA",486,28.8065843621399
"95441",98,"CA",1648,59.4660194174757
"95442",216,"CA",3449,62.626848361844
"95443",3,"CA",81,37.037037037037
"95444",72,"CA",625,115.2
"95445",141,"CA",2766,50.9761388286334
"95446",212,"CA",4607,46.0169307575429
"95448",1117,"CA",16077,69.4781364682466
"95449",36,"CA",1763,20.4197390811117
"95450",26,"CA",224,116.071428571429
"95451",176,"CA",12592,13.9771283354511
"95452",116,"CA",1762,65.8342792281498
"95453",177,"CA",11741,15.0753768844221
"95454",28,"CA",1670,16.7664670658683
"95456",39,"CA",860,45.3488372093023
"95457",51,"CA",3122,16.3356822549648
"95458",28,"CA",3638,7.69653655854865
"95459",26,"CA",761,34.1655716162944
"95460",146,"CA",2199,66.393815370623
"95461",71,"CA",3422,20.7481005260082
"95462",55,"CA",1058,51.9848771266541
"95463",8,"CA",14,571.428571428571
"95464",26,"CA",2484,10.4669887278583
"95465",140,"CA",1203,116.375727348296
"95466",35,"CA",722,48.4764542936288
"95467",195,"CA",5778,33.748701973001
"95468",57,"CA",2037,27.9823269513991
"95469",22,"CA",1315,16.7300380228137
"95470",125,"CA",6226,20.0770960488275
"95471",6,"CA",394,15.2284263959391
"95472",2086,"CA",28747,72.5640936445542
"95476",1812,"CA",35196,51.4831230821684
"95480",5,"CA",8,625
"95482",627,"CA",33164,18.9060426969003
"95485",16,"CA",3242,4.93522516964837
"95486",5,"CA",17,294.117647058824
"95488",6,"CA",226,26.5486725663717
"95490",206,"CA",14677,14.035565851332
"95492",1212,"CA",27429,44.1868095811003
"95493",4,"CA",228,17.5438596491228
"95494",9,"CA",130,69.2307692307692
"95497",73,"CA",1275,57.2549019607843
"95501",376,"CA",22890,16.4263870685889
"95503",523,"CA",25054,20.874910193981
"95519",560,"CA",18728,29.9017513882956
"95521",499,"CA",21980,22.7024567788899
"95524",122,"CA",1634,74.6634026927785
"95525",54,"CA",1441,37.4739764052741
"95526",2,"CA",745,2.68456375838926
"95527",4,"CA",622,6.43086816720257
"95528",16,"CA",1286,12.4416796267496
"95531",183,"CA",22291,8.20959131488044
"95536",44,"CA",3050,14.4262295081967
"95537",4,"CA",532,7.5187969924812
"95538",1,"CA",1158,0.863557858376511
"95540",220,"CA",14469,15.2049208652982
"95542",29,"CA",2463,11.7742590336987
"95543",14,"CA",523,26.7686424474187
"95545",3,"CA",194,15.4639175257732
"95546",10,"CA",2397,4.17188151856487
"95547",22,"CA",1263,17.4188440221694
"95548",9,"CA",1024,8.7890625
"95549",42,"CA",1024,41.015625
"95550",3,"CA",140,21.4285714285714
"95551",24,"CA",1880,12.7659574468085
"95552",2,"CA",586,3.41296928327645
"95553",5,"CA",789,6.33713561470215
"95554",2,"CA",368,5.43478260869565
"95555",4,"CA",216,18.5185185185185
"95556",3,"CA",949,3.16122233930453
"95558",6,"CA",230,26.0869565217391
"95559",2,"CA",41,48.780487804878
"95560",25,"CA",1213,20.6100577081616
"95562",32,"CA",3422,9.35125657510228
"95563",5,"CA",577,8.66551126516464
"95564",12,"CA",444,27.027027027027
"95565",8,"CA",764,10.4712041884817
"95567",19,"CA",2058,9.23226433430515
"95569",2,"CA",99,20.2020202020202
"95570",147,"CA",2640,55.6818181818182
"95571",6,"CA",104,57.6923076923077
"95573",30,"CA",1089,27.5482093663912
"95585",3,"CA",522,5.74712643678161
"95589",19,"CA",1115,17.0403587443946
"95601",18,"CA",294,61.2244897959184
"95602",589,"CA",19701,29.8969595452008
"95603",940,"CA",28432,33.0613393359595
"95604",28,"CA",27,1037.03703703704
"95605",414,"CA",14896,27.7926960257787
"95606",10,"CA",232,43.1034482758621
"95607",9,"CA",330,27.2727272727273
"95608",2155,"CA",61440,35.0748697916667
"95610",1031,"CA",46928,21.9698261166042
"95612",34,"CA",1865,18.230563002681
"95613",16,"CA",29,551.724137931034
"95614",117,"CA",3954,29.5902883156297
"95615",11,"CA",918,11.9825708061002
"95616",2336,"CA",53630,43.5577102368078
"95618",1825,"CA",26267,69.4788137206381
"95619",62,"CA",4974,12.464817048653
"95620",731,"CA",22223,32.893848715295
"95621",791,"CA",42442,18.6371990009896
"95623",97,"CA",4844,20.0247729149463
"95624",3066,"CA",67630,45.3349105426586
"95625",3,"CA",319,9.40438871473354
"95626",150,"CA",5595,26.8096514745308
"95627",45,"CA",3999,11.2528132033008
"95628",1767,"CA",44855,39.3936016051722
"95629",24,"CA",813,29.520295202952
"95630",6044,"CA",79484,76.0404609732776
"95631",109,"CA",6946,15.6924848833861
"95632",666,"CA",32493,20.4967223709722
"95633",50,"CA",2653,18.8465887674331
"95634",39,"CA",3536,11.0294117647059
"95635",17,"CA",1298,13.0970724191063
"95636",7,"CA",1410,4.9645390070922
"95637",13,"CA",402,32.3383084577114
"95638",58,"CA",2517,23.0433055224474
"95639",11,"CA",317,34.7003154574132
"95640",153,"CA",13926,10.9866436880655
"95641",29,"CA",2214,13.0984643179765
"95642",112,"CA",7135,15.6972669936931
"95645",16,"CA",1314,12.1765601217656
"95646",8,"CA",218,36.697247706422
"95648",2801,"CA",57459,48.7478027811135
"95650",771,"CA",13405,57.5158522939202
"95651",26,"CA",729,35.6652949245542
"95652",230,"CA",1486,154.777927321669
"95655",193,"CA",4901,39.3797184248113
"95658",324,"CA",5894,54.9711571089243
"95659",7,"CA",617,11.3452188006483
"95660",522,"CA",35451,14.7245493780147
"95661",1582,"CA",32589,48.5439872349566
"95662",853,"CA",32600,26.1656441717791
"95663",152,"CA",3090,49.1909385113269
"95664",51,"CA",1341,38.0313199105145
"95665",56,"CA",4465,12.541993281075
"95666",78,"CA",5994,13.013013013013
"95667",828,"CA",36830,22.481672549552
"95668",17,"CA",515,33.0097087378641
"95669",59,"CA",2118,27.8564683663834
"95670",1925,"CA",58819,32.7275200190415
"95671",1,"CA",4432,0.225631768953069
"95672",184,"CA",5764,31.9222761970854
"95673",297,"CA",16512,17.9869186046512
"95674",10,"CA",998,10.0200400801603
"95675",3,"CA",374,8.02139037433155
"95676",2,"CA",10,200
"95677",1419,"CA",29206,48.5859070054099
"95678",1464,"CA",45346,32.2850968111851
"95679",3,"CA",80,37.5
"95680",3,"CA",11,272.727272727273
"95681",14,"CA",1267,11.0497237569061
"95682",1057,"CA",30065,35.1571594877765
"95683",354,"CA",6515,54.336147352264
"95684",62,"CA",2708,22.8951255539143
"95685",133,"CA",4690,28.3582089552239
"95686",13,"CA",1171,11.1016225448335
"95687",1941,"CA",69390,27.9723303069607
"95688",1370,"CA",40201,34.0787542598443
"95689",26,"CA",1429,18.1945416375087
"95690",54,"CA",2431,22.2130810366105
"95691",1660,"CA",40143,41.3521660065267
"95692",81,"CA",5032,16.0969793322734
"95693",290,"CA",7961,36.4275844743123
"95694",309,"CA",10759,28.7201412770704
"95695",697,"CA",37702,18.4870829133733
"95697",2,"CA",800,2.5
"95698",5,"CA",217,23.0414746543779
"95699",3,"CA",147,20.4081632653061
"95701",19,"CA",984,19.3089430894309
"95703",43,"CA",2589,16.6087292390885
"95709",109,"CA",6000,18.1666666666667
"95713",196,"CA",9448,20.7451312447079
"95714",4,"CA",394,10.1522842639594
"95715",2,"CA",61,32.7868852459016
"95717",2,"CA",55,36.3636363636364
"95720",2,"CA",29,68.9655172413793
"95722",240,"CA",4092,58.6510263929619
"95726",120,"CA",8450,14.2011834319527
"95728",28,"CA",516,54.2635658914729
"95735",4,"CA",51,78.4313725490196
"95736",21,"CA",331,63.4441087613293
"95742",1811,"CA",17768,101.924808644755
"95746",1920,"CA",22985,83.5327387426583
"95747",6059,"CA",83902,72.215203451646
"95757",4150,"CA",56764,73.109717426538
"95758",2714,"CA",65725,41.293267402054
"95762",4281,"CA",47657,89.8294059634471
"95765",2791,"CA",43871,63.6183355747533
"95776",1075,"CA",28718,37.4329688696984
"95811",487,"CA",8810,55.2780930760499
"95814",663,"CA",12355,53.6624848239579
"95815",337,"CA",26658,12.6416085227699
"95816",2002,"CA",19225,104.135240572172
"95817",410,"CA",14219,28.8346578521696
"95818",1472,"CA",22581,65.187547052832
"95819",1154,"CA",19737,58.4688655824087
"95820",625,"CA",35410,17.650381248235
"95821",887,"CA",38064,23.302858343842
"95822",1170,"CA",46569,25.1240095342395
"95823",1074,"CA",83607,12.8458143456888
"95824",352,"CA",33083,10.639905691745
"95825",800,"CA",36156,22.126341409448
"95826",876,"CA",40165,21.8100336113532
"95827",635,"CA",21742,29.2061447888879
"95828",1579,"CA",61686,25.5973802807768
"95829",1909,"CA",31865,59.9089910560176
"95830",40,"CA",695,57.5539568345324
"95831",1833,"CA",43545,42.0943851188426
"95832",184,"CA",12850,14.3190661478599
"95833",1100,"CA",42265,26.0262628652549
"95834",2485,"CA",36245,68.5611808525314
"95835",2617,"CA",42004,62.3035901342729
"95837",42,"CA",317,132.492113564669
"95838",555,"CA",40677,13.6440740467586
"95841",451,"CA",20500,22
"95842",628,"CA",34034,18.4521360991949
"95843",1651,"CA",47695,34.6157878184296
"95864",1475,"CA",25500,57.843137254902
"95901",390,"CA",37732,10.3360542775363
"95903",29,"CA",2242,12.9348795718109
"95910",1,"CA",19,52.6315789473684
"95912",52,"CA",4855,10.7106076210093
"95913",2,"CA",377,5.30503978779841
"95914",8,"CA",409,19.559902200489
"95916",4,"CA",667,5.99700149925037
"95917",29,"CA",3752,7.72921108742004
"95918",44,"CA",1566,28.0970625798212
"95919",7,"CA",1172,5.97269624573379
"95920",3,"CA",278,10.7913669064748
"95922",5,"CA",425,11.7647058823529
"95925",2,"CA",69,28.9855072463768
"95926",571,"CA",40567,14.0754800700076
"95928",723,"CA",37409,19.3268999438638
"95930",1,"CA",463,2.15982721382289
"95932",48,"CA",7701,6.23295675886249
"95934",3,"CA",63,47.6190476190476
"95935",7,"CA",934,7.49464668094218
"95936",4,"CA",144,27.7777777777778
"95937",11,"CA",701,15.6918687589158
"95938",79,"CA",3943,20.035505959929
"95941",6,"CA",106,56.6037735849057
"95942",33,"CA",2089,15.7970320727621
"95943",5,"CA",621,8.05152979066022
"95945",476,"CA",27470,17.3279941754641
"95946",291,"CA",9958,29.222735489054
"95947",7,"CA",1505,4.65116279069767
"95948",83,"CA",11200,7.41071428571429
"95949",472,"CA",20552,22.9661346827559
"95950",3,"CA",287,10.4529616724739
"95951",22,"CA",2698,8.15418828762046
"95953",136,"CA",11028,12.3322451940515
"95954",57,"CA",8165,6.98101653398653
"95955",8,"CA",1405,5.69395017793594
"95956",3,"CA",373,8.04289544235925
"95957",7,"CA",680,10.2941176470588
"95959",648,"CA",17683,36.6453656053837
"95960",18,"CA",540,33.3333333333333
"95961",717,"CA",33999,21.0888555545751
"95962",27,"CA",1110,24.3243243243243
"95963",109,"CA",16070,6.78282514001245
"95965",165,"CA",21181,7.79000047212124
"95966",239,"CA",28503,8.38508227204154
"95968",11,"CA",1364,8.06451612903226
"95969",162,"CA",8339,19.4267897829476
"95970",3,"CA",453,6.62251655629139
"95971",53,"CA",6419,8.25673780962767
"95973",761,"CA",39031,19.4973226409777
"95974",2,"CA",98,20.4081632653061
"95975",53,"CA",1088,48.7132352941176
"95977",32,"CA",1780,17.9775280898876
"95978",1,"CA",142,7.04225352112676
"95979",3,"CA",558,5.37634408602151
"95982",27,"CA",2795,9.66010733452594
"95983",7,"CA",302,23.1788079470199
"95987",37,"CA",6786,5.45240200412614
"95988",65,"CA",8808,7.37965485921889
"95991",503,"CA",42579,11.8133352121938
"95993",754,"CA",39046,19.3105567791835
"96001",678,"CA",33817,20.049087736937
"96002",468,"CA",33783,13.8531213924163
"96003",635,"CA",44923,14.1352981768804
"96006",2,"CA",512,3.90625
"96007",160,"CA",24768,6.45994832041344
"96008",17,"CA",1054,16.1290322580645
"96009",2,"CA",307,6.51465798045603
"96010",1,"CA",212,4.71698113207547
"96011",1,"CA",75,13.3333333333333
"96013",16,"CA",3779,4.2339243186028
"96014",1,"CA",307,3.25732899022801
"96015",5,"CA",437,11.441647597254
"96017",3,"CA",122,24.5901639344262
"96019",93,"CA",10350,8.98550724637681
"96020",11,"CA",2222,4.95049504950495
"96021",110,"CA",14812,7.42641101809344
"96022",174,"CA",17092,10.1802012637491
"96023",1,"CA",1178,0.848896434634975
"96024",15,"CA",1082,13.8632162661738
"96025",13,"CA",1906,6.8205666316894
"96027",8,"CA",1908,4.19287211740042
"96028",8,"CA",1526,5.24246395806029
"96029",1,"CA",121,8.26446280991736
"96031",1,"CA",66,15.1515151515152
"96032",15,"CA",2408,6.22923588039867
"96033",1,"CA",172,5.81395348837209
"96034",3,"CA",332,9.03614457831325
"96035",20,"CA",3326,6.01322910402886
"96037",3,"CA",168,17.8571428571429
"96038",2,"CA",504,3.96825396825397
"96039",2,"CA",583,3.43053173241852
"96040",3,"CA",57,52.6315789473684
"96041",10,"CA",2889,3.46140533056421
"96044",6,"CA",1143,5.249343832021
"96046",3,"CA",489,6.13496932515337
"96047",11,"CA",841,13.0796670630202
"96048",8,"CA",1297,6.1680801850424
"96050",3,"CA",413,7.26392251815981
"96051",19,"CA",1070,17.7570093457944
"96052",18,"CA",2366,7.60777683854607
"96055",29,"CA",3473,8.3501295709761
"96056",9,"CA",1584,5.68181818181818
"96057",11,"CA",1025,10.7317073170732
"96058",3,"CA",661,4.53857791225416
"96059",4,"CA",826,4.84261501210654
"96061",1,"CA",59,16.9491525423729
"96062",18,"CA",1243,14.4810941271118
"96063",1,"CA",133,7.5187969924812
"96064",26,"CA",4665,5.57341907824223
"96065",2,"CA",221,9.04977375565611
"96067",158,"CA",7839,20.1556320959306
"96069",17,"CA",1426,11.9214586255259
"96073",99,"CA",5750,17.2173913043478
"96075",3,"CA",221,13.5746606334842
"96078",1,"CA",454,2.20264317180617
"96080",256,"CA",31554,8.11307599670406
"96084",8,"CA",671,11.9225037257824
"96085",1,"CA",71,14.0845070422535
"96087",8,"CA",899,8.89877641824249
"96088",42,"CA",4239,9.90799716914367
"96090",3,"CA",366,8.19672131147541
"96091",3,"CA",932,3.21888412017167
"96092",3,"CA",327,9.1743119266055
"96093",44,"CA",4320,10.1851851851852
"96094",74,"CA",6656,11.1177884615385
"96096",8,"CA",577,13.8648180242634
"96097",48,"CA",9964,4.81734243275793
"96101",14,"CA",5142,2.72267600155581
"96103",12,"CA",1112,10.7913669064748
"96104",2,"CA",713,2.80504908835905
"96105",2,"CA",799,2.50312891113892
"96106",6,"CA",300,20
"96107",4,"CA",793,5.04413619167718
"96108",2,"CA",110,18.1818181818182
"96112",1,"CA",193,5.18134715025907
"96113",1,"CA",2039,0.490436488474743
"96114",10,"CA",2959,3.37952010814464
"96117",2,"CA",261,7.66283524904215
"96118",10,"CA",1328,7.53012048192771
"96119",1,"CA",6,166.666666666667
"96120",28,"CA",1349,20.7561156412157
"96122",29,"CA",4447,6.52125028108837
"96124",2,"CA",387,5.16795865633075
"96125",7,"CA",263,26.615969581749
"96126",3,"CA",351,8.54700854700855
"96128",2,"CA",656,3.04878048780488
"96129",3,"CA",306,9.80392156862745
"96130",43,"CA",20173,2.13156198879691
"96133",2,"CA",180,11.1111111111111
"96134",4,"CA",2346,1.70502983802217
"96137",22,"CA",2923,7.52651385562778
"96140",50,"CA",1171,42.6985482493595
"96141",15,"CA",609,24.6305418719212
"96142",17,"CA",725,23.448275862069
"96143",42,"CA",3222,13.0353817504656
"96145",133,"CA",3441,38.651554780587
"96146",61,"CA",1154,52.8596187175043
"96148",32,"CA",562,56.9395017793594
"96150",421,"CA",29646,14.2009040005397
"96161",932,"CA",19634,47.4686767851686
"96701",1,"CA",39200,0.0255102040816327
"96706",4,"CA",83692,0.0477942933613727
"96707",1,"CA",48807,0.0204888643022517
"96720",2,"CA",52979,0.037750806923498
"96722",1,"CA",2377,0.420698359276399
"96731",1,"CA",2782,0.359453630481668
"96732",1,"CA",27444,0.0364378370499927
"96734",7,"CA",50670,0.138148805999605
"96740",10,"CA",39338,0.254207127967868
"96741",1,"CA",6183,0.161733786187935
"96744",1,"CA",57620,0.0173550850399167
"96746",1,"CA",19329,0.051735733871385
"96753",3,"CA",28003,0.107131378780845
"96756",1,"CA",6448,0.155086848635236
"96761",2,"CA",20952,0.0954562810232913
"96764",1,"CA",516,1.93798449612403
"96776",1,"CA",1355,0.738007380073801
"96781",1,"CA",2073,0.482392667631452
"96786",1,"CA",40658,0.024595405578238
"96790",2,"CA",9756,0.2050020500205
"96813",7,"CA",26766,0.261525816334155
"96814",6,"CA",24689,0.243023208716432
"96815",1,"CA",27530,0.0363240101707228
"96816",3,"CA",50883,0.0589587878073227
"96817",1,"CA",55492,0.0180206155842284
"96818",4,"CA",54822,0.0729634088504615
"96819",3,"CA",50345,0.0595888370245307
"96821",4,"CA",20053,0.199471400787912
"96822",3,"CA",43747,0.0685761309346927
"96825",1,"CA",30913,0.0323488499983826
"96826",1,"CA",29174,0.0342770960444231
"97002",80,"OR",6358,12.5825731362064
"97003",317,"OR",27811,11.3983675524073
"97004",44,"OR",4496,9.7864768683274
"97005",377,"OR",28311,13.3163787926954
"97006",740,"OR",46463,15.9266513139487
"97007",1159,"OR",47895,24.1987681386366
"97008",380,"OR",28611,13.2816049771067
"97009",87,"OR",8336,10.436660268714
"97011",8,"OR",620,12.9032258064516
"97013",217,"OR",24293,8.93261433334706
"97014",12,"OR",1459,8.22481151473612
"97015",290,"OR",24433,11.8691933041378
"97016",28,"OR",6573,4.25985090521832
"97017",10,"OR",3427,2.91800408520572
"97018",16,"OR",2006,7.97607178464606
"97019",62,"OR",3233,19.1772347664708
"97020",10,"OR",1133,8.8261253309797
"97021",3,"OR",1608,1.86567164179104
"97022",25,"OR",3319,7.53238927387767
"97023",109,"OR",12111,9.00008256956486
"97024",86,"OR",12007,7.1624885483468
"97026",14,"OR",3959,3.53624652690073
"97027",108,"OR",12347,8.74706406414514
"97028",6,"OR",230,26.0869565217391
"97029",2,"OR",442,4.52488687782806
"97030",212,"OR",37708,5.6221491460698
"97031",286,"OR",19138,14.9440902915665
"97032",28,"OR",5044,5.55114988104679
"97034",919,"OR",21331,43.0828371853171
"97035",770,"OR",25911,29.7171085639304
"97037",1,"OR",931,1.07411385606874
"97038",73,"OR",16440,4.44038929440389
"97039",2,"OR",413,4.84261501210654
"97040",24,"OR",1842,13.0293159609121
"97041",29,"OR",3389,8.55709648863972
"97042",20,"OR",3361,5.9506099375186
"97045",635,"OR",57526,11.0384869450335
"97048",38,"OR",7099,5.35286660092971
"97049",16,"OR",1896,8.43881856540084
"97051",118,"OR",17347,6.80232893295671
"97053",38,"OR",3634,10.4567969179967
"97054",9,"OR",1494,6.02409638554217
"97055",148,"OR",19786,7.48003638936622
"97056",133,"OR",12795,10.3946854239937
"97058",119,"OR",20360,5.84479371316306
"97060",200,"OR",21649,9.23830200009238
"97062",811,"OR",28930,28.0331835464915
"97063",3,"OR",1081,2.77520814061055
"97064",16,"OR",3855,4.15045395590143
"97065",2,"OR",760,2.63157894736842
"97067",15,"OR",2125,7.05882352941177
"97068",867,"OR",30161,28.7457312423328
"97070",577,"OR",26902,21.4482194632369
"97071",146,"OR",33123,4.40781330193521
"97078",206,"OR",25662,8.02743355934845
"97080",427,"OR",48411,8.82030943380637
"97086",899,"OR",34567,26.0074637660196
"97089",190,"OR",15101,12.58194821535
"97101",32,"OR",3914,8.17577925396014
"97102",9,"OR",324,27.7777777777778
"97103",123,"OR",17993,6.835991774579
"97106",57,"OR",4855,11.740473738414
"97107",6,"OR",2166,2.77008310249307
"97108",1,"OR",451,2.21729490022173
"97109",7,"OR",730,9.58904109589041
"97110",24,"OR",1135,21.1453744493392
"97111",37,"OR",4890,7.56646216768916
"97112",9,"OR",2296,3.9198606271777
"97113",112,"OR",16268,6.88468158347676
"97114",38,"OR",5013,7.5802912427688
"97115",58,"OR",3951,14.679827891673
"97116",297,"OR",29800,9.96644295302013
"97117",7,"OR",982,7.12830957230143
"97118",1,"OR",796,1.25628140703518
"97119",43,"OR",5233,8.21708389069368
"97121",7,"OR",1444,4.84764542936288
"97122",1,"OR",615,1.6260162601626
"97123",873,"OR",48410,18.0334641602975
"97124",807,"OR",54357,14.846293945582
"97125",3,"OR",248,12.0967741935484
"97127",26,"OR",4396,5.91446769790719
"97128",310,"OR",38664,8.01779433064349
"97130",18,"OR",845,21.301775147929
"97131",32,"OR",2359,13.5650699448919
"97132",371,"OR",32486,11.4203041310103
"97133",139,"OR",5416,25.6646971935007
"97134",5,"OR",169,29.585798816568
"97135",10,"OR",1190,8.40336134453782
"97136",20,"OR",2302,8.68809730668984
"97137",11,"OR",989,11.1223458038423
"97138",111,"OR",11035,10.058903488899
"97140",468,"OR",27933,16.7543765438728
"97141",71,"OR",13086,5.42564572825921
"97144",1,"OR",66,15.1515151515152
"97146",48,"OR",8099,5.92665761205087
"97147",3,"OR",448,6.69642857142857
"97148",25,"OR",2738,9.13075237399562
"97149",16,"OR",699,22.8898426323319
"97201",368,"OR",16887,21.7919109374075
"97202",918,"OR",43533,21.0874508993178
"97203",380,"OR",33116,11.4748157990095
"97204",92,"OR",885,103.954802259887
"97205",160,"OR",9121,17.5419361912071
"97206",816,"OR",49890,16.3559831629585
"97209",458,"OR",22296,20.5418012199498
"97210",389,"OR",11324,34.3518191451784
"97211",658,"OR",33769,19.4853267789985
"97212",787,"OR",28042,28.065045289209
"97213",599,"OR",31408,19.071574121243
"97214",564,"OR",27714,20.3507252652089
"97215",461,"OR",17296,26.6535615171138
"97216",170,"OR",16638,10.2175742276716
"97217",685,"OR",35169,19.4773806477295
"97218",236,"OR",15428,15.2968628467721
"97219",1159,"OR",42430,27.3155786000471
"97220",588,"OR",27202,21.6160576428204
"97221",520,"OR",12915,40.2632597754549
"97222",439,"OR",36398,12.0611022583658
"97223",960,"OR",50527,18.9997427118174
"97224",758,"OR",36569,20.7279389646969
"97225",754,"OR",25869,29.1468553094437
"97227",185,"OR",5665,32.6566637246249
"97229",2697,"OR",76106,35.4374162352508
"97230",365,"OR",43553,8.38059375932772
"97231",153,"OR",4308,35.5153203342618
"97232",297,"OR",15615,19.0201729106628
"97233",211,"OR",36236,5.82293851418479
"97236",316,"OR",37558,8.41365354917727
"97239",582,"OR",17804,32.689283307122
"97266",320,"OR",35423,9.03367868334133
"97267",404,"OR",31311,12.9028137076427
"97301",285,"OR",57574,4.95015110987599
"97302",560,"OR",40799,13.7258266133974
"97303",280,"OR",40659,6.88654418455938
"97304",419,"OR",34879,12.0129590871298
"97305",171,"OR",45083,3.79300401481711
"97306",389,"OR",34383,11.3137306226914
"97317",138,"OR",25966,5.31464222444735
"97321",343,"OR",30672,11.1828377673448
"97322",195,"OR",36408,5.35596572181938
"97324",3,"OR",1470,2.04081632653061
"97325",32,"OR",7252,4.41257584114727
"97326",8,"OR",759,10.5401844532279
"97327",28,"OR",3079,9.09386164339071
"97330",699,"OR",43878,15.9305346642965
"97331",3,"OR",3693,0.812347684809098
"97333",289,"OR",23934,12.0748725662238
"97338",122,"OR",23419,5.2094453221743
"97341",33,"OR",2972,11.1036339165545
"97342",2,"OR",173,11.5606936416185
"97343",1,"OR",484,2.06611570247934
"97344",9,"OR",1534,5.86701434159061
"97345",3,"OR",330,9.09090909090909
"97346",4,"OR",1017,3.93313667649951
"97347",4,"OR",1577,2.53646163601776
"97348",4,"OR",2100,1.9047619047619
"97351",73,"OR",11454,6.37331936441418
"97352",45,"OR",6497,6.92627366476835
"97355",119,"OR",34292,3.47019713052607
"97357",1,"OR",154,6.49350649350649
"97358",13,"OR",2356,5.51782682512733
"97360",9,"OR",2040,4.41176470588235
"97361",83,"OR",14488,5.72887907233573
"97362",21,"OR",4110,5.10948905109489
"97364",7,"OR",746,9.38337801608579
"97365",101,"OR",11066,9.12705584673775
"97366",24,"OR",2356,10.1867572156197
"97367",115,"OR",11158,10.3065065423911
"97368",18,"OR",2803,6.4216910453086
"97369",10,"OR",334,29.940119760479
"97370",136,"OR",9521,14.2842138430837
"97371",6,"OR",694,8.64553314121038
"97374",27,"OR",4859,5.55669890924058
"97375",5,"OR",1346,3.7147102526003
"97376",12,"OR",1301,9.22367409684858
"97377",9,"OR",581,15.4905335628227
"97378",33,"OR",9178,3.595554587056
"97380",13,"OR",2360,5.50847457627119
"97381",162,"OR",15405,10.5160662122687
"97383",44,"OR",10310,4.26770126091174
"97385",28,"OR",3823,7.32409102798849
"97386",49,"OR",15225,3.2183908045977
"97388",19,"OR",911,20.8562019758507
"97389",10,"OR",1755,5.6980056980057
"97390",1,"OR",816,1.22549019607843
"97391",24,"OR",5536,4.33526011560694
"97392",71,"OR",6770,10.4874446085672
"97394",47,"OR",5363,8.7637516315495
"97396",8,"OR",3446,2.32153221125943
"97401",480,"OR",49437,9.70932702227077
"97402",361,"OR",53823,6.70716979729855
"97403",188,"OR",15355,12.2435688700749
"97404",328,"OR",34244,9.57832028968578
"97405",1006,"OR",46933,21.434811326785
"97408",257,"OR",15420,16.6666666666667
"97410",2,"OR",561,3.5650623885918
"97411",53,"OR",7699,6.88401091050786
"97412",1,"OR",744,1.34408602150538
"97413",4,"OR",818,4.88997555012225
"97415",122,"OR",14586,8.36418483477307
"97416",3,"OR",981,3.05810397553517
"97417",5,"OR",2330,2.14592274678112
"97419",8,"OR",1123,7.12377560106857
"97420",135,"OR",27621,4.88758553274682
"97423",21,"OR",6056,3.46763540290621
"97424",80,"OR",18357,4.35801056817563
"97426",68,"OR",10186,6.67582956999804
"97429",2,"OR",985,2.03045685279188
"97430",3,"OR",367,8.17438692098093
"97431",12,"OR",2366,5.07185122569738
"97434",3,"OR",890,3.37078651685393
"97435",6,"OR",2412,2.48756218905473
"97436",6,"OR",865,6.9364161849711
"97437",17,"OR",2632,6.45896656534954
"97438",8,"OR",1311,6.1022120518688
"97439",132,"OR",16025,8.2371294851794
"97442",3,"OR",1742,1.72215843857635
"97443",2,"OR",3116,0.641848523748395
"97444",35,"OR",5416,6.46233382570162
"97446",19,"OR",5449,3.4868783262984
"97447",2,"OR",610,3.27868852459016
"97448",81,"OR",14323,5.65523982405921
"97449",10,"OR",2208,4.52898550724638
"97450",9,"OR",845,10.6508875739645
"97451",4,"OR",531,7.53295668549906
"97452",15,"OR",1703,8.80798590722255
"97453",6,"OR",965,6.21761658031088
"97454",10,"OR",1168,8.56164383561644
"97455",25,"OR",2461,10.1584721657863
"97456",27,"OR",3422,7.89012273524255
"97457",19,"OR",10360,1.83397683397683
"97458",9,"OR",5164,1.7428350116189
"97459",79,"OR",14835,5.3252443545669
"97461",5,"OR",604,8.27814569536424
"97462",21,"OR",4044,5.19287833827893
"97463",9,"OR",3652,2.46440306681271
"97465",11,"OR",1811,6.07399226946438
"97466",2,"OR",842,2.37529691211401
"97467",16,"OR",5423,2.95039645952425
"97469",3,"OR",2207,1.35931128228364
"97470",81,"OR",19711,4.10938054893207
"97471",161,"OR",32334,4.97927877775716
"97473",2,"OR",347,5.76368876080692
"97476",3,"OR",338,8.87573964497041
"97477",215,"OR",37534,5.72813981989663
"97478",212,"OR",39373,5.38440047748457
"97479",27,"OR",10447,2.58447401167799
"97481",2,"OR",592,3.37837837837838
"97486",4,"OR",595,6.72268907563025
"97487",50,"OR",8498,5.8837373499647
"97488",7,"OR",604,11.5894039735099
"97489",8,"OR",821,9.7442143727162
"97490",7,"OR",460,15.2173913043478
"97492",1,"OR",981,1.01936799184506
"97493",5,"OR",491,10.183299389002
"97495",9,"OR",1694,5.31286894923259
"97496",29,"OR",7768,3.73326467559217
"97497",6,"OR",1174,5.11073253833049
"97498",32,"OR",2055,15.5717761557178
"97499",5,"OR",1828,2.73522975929978
"97501",187,"OR",44670,4.18625475710768
"97502",190,"OR",29067,6.53662228644167
"97503",46,"OR",13938,3.3003300330033
"97504",460,"OR",51089,9.0038951633424
"97520",614,"OR",26512,23.159324079662
"97523",15,"OR",7172,2.0914668153932
"97524",88,"OR",15078,5.83631781403369
"97525",27,"OR",5129,5.26418405147202
"97526",195,"OR",36036,5.41125541125541
"97527",206,"OR",37330,5.51834985266542
"97530",115,"OR",8860,12.979683972912
"97531",1,"OR",187,5.3475935828877
"97532",15,"OR",2578,5.81846392552366
"97534",3,"OR",892,3.36322869955157
"97535",32,"OR",4804,6.66111573688593
"97536",2,"OR",1309,1.52788388082506
"97537",48,"OR",7018,6.83955542889712
"97538",10,"OR",1865,5.36193029490617
"97539",25,"OR",3369,7.42059958444642
"97540",93,"OR",8323,11.1738555809203
"97541",8,"OR",1523,5.25279054497702
"97543",2,"OR",598,3.34448160535117
"97544",21,"OR",1860,11.2903225806452
"97601",112,"OR",22964,4.87719909423445
"97603",95,"OR",33222,2.85955090000602
"97621",2,"OR",257,7.78210116731517
"97623",2,"OR",2813,0.710984713828653
"97624",17,"OR",3643,4.66648366730716
"97625",1,"OR",134,7.46268656716418
"97626",2,"OR",251,7.96812749003984
"97627",1,"OR",229,4.36681222707424
"97630",6,"OR",5509,1.0891268832819
"97634",1,"OR",277,3.6101083032491
"97639",2,"OR",15,133.333333333333
"97641",3,"OR",1319,2.27445034116755
"97701",439,"OR",43293,10.140207423833
"97702",805,"OR",54657,14.7282141354264
"97703",883,"OR",34108,25.888354638208
"97707",143,"OR",6661,21.4682480108092
"97720",1,"OR",4397,0.227427791676143
"97721",1,"OR",141,7.09219858156028
"97730",5,"OR",319,15.6739811912226
"97733",5,"OR",639,7.82472613458529
"97734",15,"OR",3618,4.14593698175788
"97737",2,"OR",557,3.59066427289048
"97738",4,"OR",2236,1.78890876565295
"97739",86,"OR",13183,6.52355306076007
"97741",38,"OR",13663,2.78123398960697
"97750",2,"OR",416,4.80769230769231
"97753",56,"OR",3067,18.2588849038148
"97754",73,"OR",22960,3.1794425087108
"97756",328,"OR",44914,7.30284543794808
"97759",156,"OR",7737,20.1628538193098
"97760",52,"OR",8702,5.97563778441738
"97761",6,"OR",2955,2.03045685279188
"97801",69,"OR",21575,3.1981460023175
"97812",2,"OR",932,2.14592274678112
"97813",4,"OR",1508,2.6525198938992
"97814",29,"OR",12590,2.30341540905481
"97818",16,"OR",5610,2.85204991087344
"97823",5,"OR",1014,4.93096646942801
"97824",7,"OR",2117,3.30656589513462
"97826",6,"OR",1178,5.09337860780985
"97827",2,"OR",2384,0.838926174496644
"97828",14,"OR",3522,3.97501419647927
"97830",1,"OR",800,1.25
"97833",2,"OR",863,2.31749710312862
"97834",2,"OR",1395,1.4336917562724
"97835",1,"OR",608,1.64473684210526
"97836",2,"OR",1998,1.001001001001
"97838",88,"OR",28512,3.08641975308642
"97841",5,"OR",370,13.5135135135135
"97843",1,"OR",805,1.24223602484472
"97844",8,"OR",3701,2.16157795190489
"97845",4,"OR",2265,1.76600441501104
"97846",5,"OR",2067,2.41896468311563
"97848",1,"OR",217,4.60829493087558
"97850",58,"OR",16903,3.43134354848252
"97857",2,"OR",483,4.1407867494824
"97862",27,"OR",12313,2.19280435312272
"97867",2,"OR",947,2.11193241816262
"97868",2,"OR",1598,1.25156445556946
"97875",4,"OR",2410,1.6597510373444
"97876",3,"OR",995,3.01507537688442
"97877",1,"OR",314,3.18471337579618
"97882",25,"OR",7976,3.13440320962889
"97883",9,"OR",2489,3.61591000401768
"97885",6,"OR",1365,4.3956043956044
"97886",5,"OR",1221,4.09500409500409
"97901",1,"OR",954,1.0482180293501
"97905",1,"OR",63,15.8730158730159
"97907",1,"OR",821,1.21802679658952
"97910",1,"OR",645,1.55038759689922
"97913",5,"OR",5520,0.905797101449275
"97914",46,"OR",19713,2.33348551717141
"97918",3,"OR",4567,0.656886358659952
"98001",720,"WA",37460,19.2205018686599
"98002",362,"WA",37509,9.65101708923192
"98003",603,"WA",51619,11.6817450938608
"98004",1650,"WA",39897,41.3564929693962
"98005",1020,"WA",21846,46.6904696511947
"98006",1722,"WA",40009,43.040315928916
"98007",755,"WA",27692,27.2641918243536
"98008",1160,"WA",27242,42.5813082739887
"98010",372,"WA",6857,54.2511302318798
"98011",1032,"WA",28963,35.6316679901944
"98012",1962,"WA",77041,25.4669591516206
"98014",395,"WA",8264,47.7976766698935
"98019",639,"WA",12242,52.1973533736318
"98020",808,"WA",19551,41.3278093192164
"98021",1326,"WA",35631,37.2147848783363
"98022",398,"WA",22418,17.7535908644839
"98023",830,"WA",50448,16.4525848398351
"98024",301,"WA",3908,77.021494370522
"98026",1114,"WA",38976,28.5816912972085
"98027",1317,"WA",28955,45.4843723018477
"98028",920,"WA",23741,38.7515268944021
"98029",1231,"WA",30586,40.2471719087164
"98030",557,"WA",38523,14.4588946862913
"98031",826,"WA",40094,20.6015862722602
"98032",616,"WA",40862,15.075130928491
"98033",1968,"WA",40982,48.0210824264311
"98034",1659,"WA",52531,31.5813519636024
"98036",1014,"WA",42370,23.9320273778617
"98037",708,"WA",29723,23.8199374221983
"98038",1207,"WA",37324,32.3384417532955
"98039",297,"WA",2928,101.434426229508
"98040",1637,"WA",25307,64.6856600940451
"98042",1120,"WA",50216,22.3036482396049
"98043",514,"WA",23101,22.2501190424657
"98045",701,"WA",15289,45.8499574857741
"98047",97,"WA",6817,14.2291330497286
"98050",5,"WA",108,46.2962962962963
"98051",138,"WA",3442,40.0929692039512
"98052",2356,"WA",80717,29.1883989741938
"98053",1248,"WA",22765,54.8209971447397
"98055",631,"WA",24660,25.58799675588
"98056",967,"WA",35849,26.9742531172418
"98057",392,"WA",12705,30.8539944903581
"98058",1069,"WA",42980,24.8720335039553
"98059",1350,"WA",42406,31.8351176720275
"98065",745,"WA",15944,46.726041144004
"98068",37,"WA",482,76.7634854771784
"98070",642,"WA",9934,64.6265351318703
"98072",1782,"WA",24446,72.895361204287
"98074",1509,"WA",30761,49.0556223789864
"98075",1352,"WA",25498,53.023766569927
"98077",85,"WA",14109,6.02452335388759
"98087",838,"WA",41796,20.0497655278017
"98092",994,"WA",50224,19.7913348200064
"98101",498,"WA",17153,29.0328222468373
"98102",746,"WA",27333,27.293015768485
"98103",1761,"WA",52671,33.4339579654839
"98104",600,"WA",16542,36.2713093942691
"98105",1187,"WA",49767,23.8511463419535
"98106",809,"WA",28690,28.1979783896828
"98107",974,"WA",28776,33.8476508201279
"98108",674,"WA",25529,26.4013474871715
"98109",1013,"WA",34328,29.5094383593568
"98110",1540,"WA",24631,62.5228370752304
"98112",1248,"WA",23921,52.1717319510054
"98115",1999,"WA",54349,36.7808055346005
"98116",1073,"WA",28711,37.3724356518408
"98117",1513,"WA",35711,42.3678978466019
"98118",1325,"WA",50500,26.2376237623762
"98119",892,"WA",26879,33.18575839875
"98121",638,"WA",21166,30.1426816592649
"98122",1097,"WA",43234,25.3735485960124
"98125",1318,"WA",44520,29.6046720575022
"98126",794,"WA",22975,34.5593035908596
"98133",1282,"WA",53249,24.0755694942628
"98134",334,"WA",645,517.829457364341
"98136",759,"WA",17252,43.9948991421285
"98144",1150,"WA",33787,34.0367597004765
"98146",676,"WA",28573,23.6586987715676
"98148",292,"WA",9715,30.0566134843026
"98155",1187,"WA",36511,32.5107501848758
"98164",1,"WA",292,3.42465753424658
"98166",668,"WA",22082,30.2508830721855
"98168",676,"WA",35528,19.0272461157397
"98177",1072,"WA",21090,50.8297771455666
"98178",623,"WA",26748,23.2914610438164
"98188",799,"WA",27311,29.2556112921533
"98195",1,"WA",2757,0.362713093942691
"98198",604,"WA",40463,14.9272174579245
"98199",1078,"WA",22468,47.9793484066228
"98201",499,"WA",31895,15.6450854365888
"98203",662,"WA",35517,18.638961624011
"98204",503,"WA",45130,11.1455794371815
"98208",1036,"WA",60915,17.0073052614299
"98220",11,"WA",541,20.3327171903882
"98221",724,"WA",23562,30.7274424921484
"98223",676,"WA",46497,14.5385723810138
"98224",7,"WA",190,36.8421052631579
"98225",1026,"WA",50216,20.4317349052095
"98226",979,"WA",46782,20.9268522081142
"98229",1046,"WA",33298,31.4132980959817
"98230",499,"WA",18744,26.6218523260777
"98232",142,"WA",4054,35.0271336951159
"98233",231,"WA",17850,12.9411764705882
"98235",3,"WA",531,5.64971751412429
"98236",276,"WA",7199,38.3386581469649
"98237",52,"WA",4956,10.4923325262308
"98239",282,"WA",7656,36.833855799373
"98240",35,"WA",3593,9.74116337322572
"98241",18,"WA",2339,7.69559640872168
"98243",4,"WA",327,12.2324159021407
"98244",68,"WA",2994,22.7120908483634
"98245",308,"WA",4265,72.2157092614302
"98247",86,"WA",9115,9.43499725726824
"98248",457,"WA",28498,16.0362130675837
"98249",232,"WA",4198,55.2644116245831
"98250",471,"WA",9254,50.8969094445645
"98251",115,"WA",4907,23.4359078866925
"98252",186,"WA",10361,17.9519351413956
"98253",107,"WA",2311,46.3003028991778
"98255",1,"WA",198,5.05050505050505
"98256",4,"WA",368,10.8695652173913
"98257",124,"WA",4277,28.9922843114332
"98258",1256,"WA",52752,23.8095238095238
"98260",302,"WA",5320,56.7669172932331
"98261",156,"WA",2984,52.2788203753351
"98262",54,"WA",957,56.4263322884013
"98263",2,"WA",200,10
"98264",290,"WA",23123,12.5416252216408
"98266",49,"WA",4245,11.5429917550059
"98267",2,"WA",314,6.36942675159236
"98270",937,"WA",55049,17.0211992951734
"98271",488,"WA",30838,15.8246319475971
"98272",804,"WA",31436,25.5757729991093
"98273",426,"WA",30001,14.1995266824439
"98274",387,"WA",18860,20.5196182396607
"98275",701,"WA",21323,32.87529897294
"98276",11,"WA",1794,6.13154960981048
"98277",583,"WA",40917,14.2483564288682
"98278",1,"WA",1932,0.5175983436853
"98279",56,"WA",680,82.3529411764706
"98280",9,"WA",442,20.3619909502262
"98281",74,"WA",1288,57.4534161490683
"98282",517,"WA",17303,29.8792116973935
"98283",1,"WA",442,2.26244343891403
"98284",315,"WA",27835,11.3166876234956
"98286",15,"WA",155,96.7741935483871
"98288",10,"WA",169,59.1715976331361
"98290",959,"WA",39826,24.0797468990107
"98292",517,"WA",27389,18.8761911716383
"98294",261,"WA",7963,32.7765917367826
"98295",22,"WA",3279,6.709362610552
"98296",1005,"WA",27896,36.0266704903929
"98297",4,"WA",47,85.1063829787234
"98303",53,"WA",1448,36.6022099447514
"98304",24,"WA",770,31.1688311688312
"98305",1,"WA",419,2.38663484486874
"98310",325,"WA",22643,14.353221746235
"98311",476,"WA",28168,16.8986083499006
"98312",643,"WA",36307,17.7100834549811
"98314",5,"WA",1186,4.21585160202361
"98315",35,"WA",6112,5.72643979057592
"98320",33,"WA",1219,27.0713699753897
"98321",325,"WA",18150,17.9063360881543
"98323",16,"WA",767,20.8604954367666
"98325",35,"WA",1775,19.7183098591549
"98326",3,"WA",1207,2.48550124275062
"98327",215,"WA",9931,21.6493807270164
"98328",164,"WA",9891,16.5807299565261
"98329",299,"WA",11552,25.8829639889197
"98330",4,"WA",61,65.5737704918033
"98331",20,"WA",5826,3.43288705801579
"98332",720,"WA",20072,35.8708648864089
"98333",238,"WA",3414,69.7129466900996
"98335",944,"WA",27773,33.9898462535556
"98336",8,"WA",981,8.15494393476045
"98337",138,"WA",7370,18.7245590230665
"98338",439,"WA",32687,13.4304157616178
"98339",64,"WA",3658,17.4958993985785
"98340",96,"WA",2721,35.2811466372657
"98342",62,"WA",1338,46.3378176382661
"98345",10,"WA",221,45.2488687782805
"98346",313,"WA",9920,31.5524193548387
"98349",115,"WA",4931,23.3218414114784
"98351",26,"WA",1891,13.7493389740878
"98354",133,"WA",8597,15.4705129696406
"98355",16,"WA",702,22.7920227920228
"98356",22,"WA",2172,10.1289134438306
"98357",12,"WA",1519,7.89993416721527
"98358",57,"WA",1164,48.9690721649485
"98359",121,"WA",4581,26.4134468456669
"98360",201,"WA",15045,13.3599202392822
"98361",36,"WA",457,78.7746170678337
"98362",375,"WA",24313,15.4238473244766
"98363",207,"WA",14237,14.5395799676898
"98365",199,"WA",5168,38.5061919504644
"98366",627,"WA",36965,16.9619910726363
"98367",711,"WA",31756,22.3894697065122
"98368",658,"WA",17304,38.0258899676375
"98370",827,"WA",33655,24.572871787253
"98371",478,"WA",24682,19.3663398428004
"98372",457,"WA",26012,17.5688143933569
"98373",384,"WA",28883,13.2950178305578
"98374",727,"WA",49007,14.8346154630971
"98375",412,"WA",31187,13.210632635393
"98376",55,"WA",1982,27.7497477295661
"98377",10,"WA",2527,3.95726157499011
"98380",121,"WA",5471,22.11661487845
"98381",6,"WA",203,29.5566502463054
"98382",656,"WA",31052,21.1258534071879
"98383",429,"WA",21604,19.857433808554
"98385",5,"WA",457,10.9409190371991
"98387",520,"WA",50774,10.2414621656753
"98388",185,"WA",7043,26.2672156751384
"98390",182,"WA",11546,15.7630348172527
"98391",1212,"WA",59240,20.4591492234976
"98392",84,"WA",2984,28.1501340482574
"98394",32,"WA",892,35.8744394618834
"98396",6,"WA",844,7.10900473933649
"98402",167,"WA",8080,20.6683168316832
"98403",199,"WA",9097,21.8753435198417
"98404",349,"WA",35961,9.70495814910598
"98405",369,"WA",25939,14.2256833339759
"98406",464,"WA",24202,19.1719692587389
"98407",613,"WA",21718,28.2254351229395
"98408",241,"WA",21009,11.4712742158123
"98409",349,"WA",27843,12.5345688323816
"98416",2,"WA",934,2.14132762312634
"98418",127,"WA",10264,12.373343725643
"98421",29,"WA",424,68.3962264150943
"98422",566,"WA",21644,26.150434300499
"98424",177,"WA",11816,14.9796885578876
"98433",120,"WA",22493,5.33499310896723
"98438",3,"WA",613,4.89396411092985
"98439",57,"WA",5671,10.051137365544
"98443",85,"WA",5558,15.2932709607773
"98444",274,"WA",35754,7.663478212228
"98445",350,"WA",33684,10.3906899418121
"98446",176,"WA",14634,12.026786934536
"98465",145,"WA",7178,20.2006129841181
"98466",608,"WA",30327,20.0481419197415
"98467",345,"WA",15387,22.4215246636771
"98498",460,"WA",29209,15.7485706460338
"98499",318,"WA",32464,9.79546574667324
"98501",1435,"WA",48067,29.854161899016
"98502",895,"WA",35398,25.2839143454432
"98503",691,"WA",41656,16.5882465911273
"98506",574,"WA",18497,31.0320592528518
"98512",646,"WA",31864,20.2736630680392
"98513",687,"WA",38017,18.070863034958
"98516",763,"WA",29177,26.1507351681119
"98520",222,"WA",24888,8.91996142719383
"98524",109,"WA",4300,25.3488372093023
"98526",6,"WA",180,33.3333333333333
"98527",3,"WA",273,10.989010989011
"98528",204,"WA",11940,17.0854271356784
"98530",2,"WA",619,3.23101777059774
"98531",302,"WA",27337,11.0472985331236
"98532",284,"WA",27135,10.4661875806154
"98533",10,"WA",890,11.2359550561798
"98535",10,"WA",726,13.7741046831956
"98536",2,"WA",49,40.8163265306122
"98537",23,"WA",2820,8.15602836879433
"98538",8,"WA",460,17.3913043478261
"98541",79,"WA",10810,7.30804810360777
"98542",12,"WA",625,19.2
"98546",88,"WA",2430,36.2139917695473
"98547",18,"WA",1080,16.6666666666667
"98548",64,"WA",2177,29.3982544786403
"98550",69,"WA",12316,5.60246833387463
"98555",16,"WA",324,49.3827160493827
"98557",50,"WA",4079,12.2579063495955
"98560",1,"WA",114,8.7719298245614
"98562",7,"WA",34,205.882352941176
"98563",103,"WA",7604,13.5455023671752
"98564",33,"WA",3382,9.75753991720875
"98565",9,"WA",568,15.8450704225352
"98568",35,"WA",3050,11.4754098360656
"98569",180,"WA",7489,24.035251702497
"98570",42,"WA",5319,7.89622109419064
"98571",27,"WA",48,562.5
"98572",2,"WA",834,2.39808153477218
"98575",5,"WA",113,44.2477876106195
"98576",77,"WA",4985,15.4463390170512
"98577",64,"WA",7503,8.52992136478742
"98579",150,"WA",14048,10.6776765375854
"98580",165,"WA",11410,14.4609991235758
"98581",3,"WA",419,7.1599045346062
"98582",4,"WA",438,9.1324200913242
"98584",505,"WA",40606,12.4365857262474
"98585",12,"WA",465,25.8064516129032
"98586",9,"WA",1801,4.99722376457524
"98587",5,"WA",1072,4.66417910447761
"98588",46,"WA",2114,21.759697256386
"98589",117,"WA",7010,16.6904422253923
"98590",10,"WA",509,19.6463654223969
"98591",56,"WA",3965,14.1235813366961
"98592",70,"WA",2059,33.9970859640602
"98593",12,"WA",1541,7.78715120051914
"98595",40,"WA",2698,14.8257968865827
"98596",89,"WA",6950,12.8057553956835
"98597",388,"WA",26669,14.5487269863887
"98601",35,"WA",2585,13.5396518375242
"98603",22,"WA",1267,17.3638516179953
"98604",663,"WA",38839,17.0704704034604
"98605",11,"WA",1117,9.84780662488809
"98606",335,"WA",10233,32.7372227108375
"98607",1396,"WA",35867,38.921571360861
"98610",25,"WA",2832,8.82768361581921
"98611",99,"WA",9302,10.6428725005375
"98612",64,"WA",3366,19.0136660724896
"98613",3,"WA",458,6.55021834061135
"98614",5,"WA",571,8.75656742556918
"98616",2,"WA",192,10.4166666666667
"98617",12,"WA",1380,8.69565217391304
"98619",2,"WA",527,3.79506641366224
"98620",46,"WA",7936,5.79637096774194
"98621",4,"WA",195,20.5128205128205
"98624",16,"WA",1555,10.2893890675241
"98625",156,"WA",7655,20.3788373612018
"98626",247,"WA",26892,9.18488769894392
"98628",1,"WA",577,1.73310225303293
"98629",240,"WA",9076,26.4433671220802
"98631",55,"WA",3759,14.6315509444001
"98632",395,"WA",50635,7.80092821171127
"98635",38,"WA",1721,22.0801859384079
"98638",22,"WA",1443,15.2460152460152
"98639",14,"WA",1112,12.589928057554
"98640",94,"WA",5386,17.4526550315633
"98641",4,"WA",313,12.779552715655
"98642",926,"WA",26816,34.5316229116945
"98643",4,"WA",571,7.00525394045534
"98644",8,"WA",505,15.8415841584158
"98645",29,"WA",2216,13.086642599278
"98647",6,"WA",352,17.0454545454545
"98648",58,"WA",3477,16.6810468794938
"98649",6,"WA",929,6.45855758880517
"98650",38,"WA",1188,31.986531986532
"98651",40,"WA",910,43.956043956044
"98660",399,"WA",13212,30.1998183469573
"98661",718,"WA",50743,14.1497349388093
"98662",625,"WA",37723,16.5681414521645
"98663",313,"WA",16202,19.3186026416492
"98664",479,"WA",23845,20.0880687775215
"98665",543,"WA",28910,18.7824282255275
"98670",3,"WA",68,44.1176470588235
"98671",654,"WA",24871,26.2956857384102
"98672",238,"WA",7390,32.2056833558863
"98673",1,"WA",411,2.4330900243309
"98674",241,"WA",17525,13.7517831669044
"98675",73,"WA",7305,9.99315537303217
"98682",1071,"WA",68305,15.6796720591465
"98683",720,"WA",32107,22.4250163515744
"98684",579,"WA",37298,15.5236205694675
"98685",823,"WA",30607,26.8892736955598
"98686",649,"WA",21243,30.5512404086052
"98801",519,"WA",45426,11.4251750099062
"98802",343,"WA",33539,10.2269000268344
"98811",1,"WA",6,166.666666666667
"98812",28,"WA",4834,5.7923045097228
"98813",3,"WA",2826,1.06157112526539
"98814",7,"WA",473,14.7991543340381
"98815",98,"WA",7830,12.5159642401022
"98816",177,"WA",7752,22.8328173374613
"98817",3,"WA",233,12.8755364806867
"98819",3,"WA",182,16.4835164835165
"98821",1,"WA",1019,0.98135426889107
"98822",34,"WA",2394,14.2021720969089
"98823",107,"WA",12188,8.77912701017394
"98826",312,"WA",7605,41.025641025641
"98828",29,"WA",1898,15.2792413066386
"98830",5,"WA",557,8.97666068222621
"98831",92,"WA",3953,23.273463192512
"98832",4,"WA",87,45.9770114942529
"98833",23,"WA",245,93.8775510204082
"98834",5,"WA",178,28.0898876404494
"98836",1,"WA",429,2.33100233100233
"98837",437,"WA",49455,8.83631584268527
"98840",11,"WA",4892,2.24856909239575
"98841",30,"WA",9737,3.0810311184143
"98843",66,"WA",2510,26.2948207171315
"98844",24,"WA",4873,4.92509747588754
"98845",4,"WA",115,34.7826086956522
"98846",9,"WA",1376,6.5406976744186
"98847",23,"WA",1641,14.0158439975625
"98848",136,"WA",12854,10.5803640889995
"98849",4,"WA",1096,3.64963503649635
"98850",19,"WA",2032,9.3503937007874
"98851",34,"WA",4437,7.66283524904215
"98853",1,"WA",6,166.666666666667
"98855",24,"WA",5857,4.09766091855899
"98856",57,"WA",2920,19.5205479452055
"98857",20,"WA",4062,4.92368291482029
"98858",10,"WA",1783,5.60852495793606
"98862",121,"WA",2995,40.4006677796327
"98901",171,"WA",31366,5.45176305553784
"98902",228,"WA",46492,4.90406951733632
"98903",134,"WA",19445,6.89123167909488
"98908",431,"WA",38060,11.3242249080399
"98921",2,"WA",124,16.1290322580645
"98922",276,"WA",7688,35.9001040582726
"98923",6,"WA",994,6.03621730382294
"98925",29,"WA",850,34.1176470588235
"98926",364,"WA",34353,10.595872267342
"98930",57,"WA",15730,3.62364907819453
"98932",13,"WA",5742,2.26401950539882
"98933",3,"WA",1230,2.4390243902439
"98934",8,"WA",775,10.3225806451613
"98935",13,"WA",4289,3.03100955933784
"98936",52,"WA",8744,5.94693504117109
"98937",33,"WA",4833,6.82805710738672
"98938",18,"WA",1591,11.313639220616
"98939",2,"WA",116,17.2413793103448
"98940",57,"WA",858,66.4335664335664
"98941",31,"WA",1076,28.8104089219331
"98942",137,"WA",18871,7.25981664988607
"98943",7,"WA",579,12.0898100172712
"98944",102,"WA",22817,4.47035105403866
"98946",10,"WA",398,25.1256281407035
"98947",18,"WA",3255,5.52995391705069
"98948",30,"WA",12638,2.37379332172812
"98950",2,"WA",61,32.7868852459016
"98951",37,"WA",12581,2.94094269135999
"98952",2,"WA",2015,0.992555831265509
"98953",37,"WA",7166,5.16327100195367
"99001",40,"WA",9440,4.23728813559322
"99003",57,"WA",4810,11.8503118503119
"99004",195,"WA",22871,8.52608106335534
"99005",162,"WA",10815,14.9791955617198
"99006",104,"WA",16177,6.42888050936515
"99008",6,"WA",317,18.9274447949527
"99009",40,"WA",4506,8.87705281846427
"99011",21,"WA",2931,7.16479017400205
"99012",4,"WA",1167,3.42759211653813
"99013",4,"WA",1620,2.46913580246914
"99016",286,"WA",21615,13.2315521628499
"99017",1,"WA",230,4.34782608695652
"99018",2,"WA",272,7.35294117647059
"99019",288,"WA",12447,23.1381055676067
"99021",109,"WA",8942,12.1896667412212
"99022",77,"WA",8767,8.78293601003764
"99023",5,"WA",800,6.25
"99025",55,"WA",5668,9.70359915314044
"99026",145,"WA",9320,15.5579399141631
"99027",56,"WA",5992,9.34579439252336
"99029",9,"WA",2116,4.25330812854442
"99030",2,"WA",919,2.17627856365615
"99031",18,"WA",1251,14.3884892086331
"99032",3,"WA",1018,2.94695481335953
"99033",3,"WA",832,3.60576923076923
"99034",1,"WA",198,5.05050505050505
"99036",31,"WA",1581,19.6078431372549
"99037",177,"WA",16522,10.712988742283
"99040",3,"WA",536,5.59701492537313
"99101",7,"WA",1690,4.14201183431953
"99103",2,"WA",556,3.59712230215827
"99109",26,"WA",4981,5.21983537442281
"99110",9,"WA",1505,5.98006644518272
"99111",26,"WA",4038,6.43883110450718
"99113",6,"WA",560,10.7142857142857
"99114",64,"WA",13383,4.78218635582455
"99115",17,"WA",1369,12.417823228634
"99116",11,"WA",1786,6.15901455767077
"99117",1,"WA",556,1.79856115107914
"99118",8,"WA",899,8.89877641824249
"99119",7,"WA",1549,4.51904454486766
"99121",1,"WA",262,3.81679389312977
"99122",36,"WA",4046,8.89767671774592
"99123",6,"WA",977,6.14124872057318
"99124",2,"WA",326,6.13496932515337
"99125",4,"WA",611,6.54664484451719
"99126",9,"WA",899,10.0111234705228
"99128",1,"WA",259,3.86100386100386
"99130",3,"WA",693,4.32900432900433
"99131",1,"WA",127,7.8740157480315
"99133",13,"WA",1115,11.6591928251121
"99134",3,"WA",595,5.04201680672269
"99135",2,"WA",395,5.06329113924051
"99137",3,"WA",495,6.06060606060606
"99138",3,"WA",1223,2.45298446443173
"99139",4,"WA",1091,3.66636113657195
"99141",38,"WA",5626,6.7543547813722
"99143",2,"WA",585,3.41880341880342
"99147",4,"WA",214,18.6915887850467
"99148",19,"WA",2794,6.80028632784538
"99149",2,"WA",100,20
"99150",1,"WA",351,2.84900284900285
"99152",1,"WA",157,6.36942675159236
"99155",2,"WA",1009,1.98216055500496
"99156",54,"WA",9195,5.87275693311582
"99157",1,"WA",605,1.65289256198347
"99158",5,"WA",561,8.9126559714795
"99159",7,"WA",1323,5.29100529100529
"99160",2,"WA",87,22.9885057471264
"99161",29,"WA",1435,20.2090592334495
"99163",325,"WA",34022,9.55264240785374
"99166",18,"WA",2953,6.09549610565527
"99167",7,"WA",871,8.03673938002296
"99169",21,"WA",2587,8.11751063007345
"99170",12,"WA",926,12.9589632829374
"99171",4,"WA",895,4.46927374301676
"99173",4,"WA",1623,2.46457178065311
"99179",4,"WA",645,6.2015503875969
"99180",3,"WA",465,6.45161290322581
"99181",13,"WA",1995,6.51629072681704
"99185",7,"WA",1501,4.66355762824783
"99201",172,"WA",15829,10.8661317834355
"99202",202,"WA",19921,10.1400532101802
"99203",455,"WA",21468,21.1943357555431
"99204",89,"WA",7643,11.6446421562214
"99205",249,"WA",43169,5.76802798304339
"99206",325,"WA",41089,7.90965951957945
"99207",142,"WA",32770,4.33323161428136
"99208",630,"WA",58669,10.7382092757674
"99212",268,"WA",21707,12.3462477541807
"99216",189,"WA",28578,6.61347889985303
"99217",150,"WA",21441,6.99594235343501
"99218",147,"WA",16897,8.69976918979701
"99223",500,"WA",36094,13.8527179032526
"99224",417,"WA",24919,16.734218869136
"99251",1,"WA",964,1.03734439834025
"99301",726,"WA",87044,8.34060934699692
"99320",108,"WA",9879,10.9322805952019
"99322",4,"WA",412,9.70873786407767
"99323",20,"WA",4082,4.89955903968643
"99324",92,"WA",10137,9.07566341126566
"99326",16,"WA",6336,2.52525252525253
"99328",19,"WA",3646,5.2111903455842
"99329",1,"WA",127,7.8740157480315
"99330",6,"WA",1210,4.95867768595041
"99335",1,"WA",229,4.36681222707424
"99336",366,"WA",50735,7.21395486350645
"99337",367,"WA",33287,11.0253252020308
"99338",445,"WA",20633,21.5673920418747
"99341",6,"WA",765,7.84313725490196
"99343",12,"WA",3215,3.73250388802488
"99344",86,"WA",19534,4.40258011671957
"99345",1,"WA",162,6.17283950617284
"99347",5,"WA",2512,1.99044585987261
"99348",2,"WA",1633,1.22473974280465
"99349",37,"WA",8143,4.54377993368537
"99350",99,"WA",14837,6.67250791939071
"99352",734,"WA",37430,19.6099385519637
"99353",319,"WA",19251,16.5705677627136
"99354",349,"WA",25559,13.6546813255605
"99356",1,"WA",378,2.64550264550265
"99357",28,"WA",3843,7.28597449908925
"99360",12,"WA",1350,8.88888888888889
"99361",11,"WA",1992,5.52208835341365
"99362",445,"WA",42853,10.3843371525914
"99371",1,"WA",394,2.53807106598985
"99402",13,"WA",1557,8.34938985228003
"99403",84,"WA",20760,4.04624277456647
"99515",1,"CA",21870,0.0457247370827618
"99664",1,"CA",4698,0.212856534695615
"99709",1,"CA",29551,0.0338398023755541
"99801",1,"CA",29588,0.0337974854670813
